Faison,Unnamed: 1,Unnamed: 2,Unnamed: 3,Unnamed: 4
,,,,
Timestamp,POA,"AE 1000NX - 1, AC Power","AE 1000NX - 2, AC Power",Production meter active power
,W/mÂ²,kW,kW,kW
2023-09-01 00:00:00,0,0,,-4.678016
2023-09-01 01:00:00,0,0,,-4.688754
2023-09-01 02:00:00,0,0,,-4.691518
2023-09-01 03:00:00,0,0,,-4.739671
2023-09-01 04:00:00,0,0,,-4.751147
2023-09-01 05:00:00,0,0,,-4.669625
2023-09-01 06:00:00,0.8195,0.8420013,,-5.387573
2023-09-01 07:00:00,81.56975,39.94333,,33.30687
2023-09-01 08:00:00,260.4656,194.2127,,188.5741
2023-09-01 09:00:00,501.929,381.8969,,376.7777
2023-09-01 10:00:00,723.5267,535.2258,,530.0153
2023-09-01 11:00:00,867.62,614.9012,727.0436,1145.976
2023-09-01 12:00:00,989.1259,687.4423,880.7319,1561.977
2023-09-01 13:00:00,1006.332,693.1626,887.3424,1573.872
2023-09-01 14:00:00,950.0297,653.4884,837.729,1484.828
2023-09-01 15:00:00,821.6686,558.1085,720.1409,1271.23
2023-09-01 16:00:00,632.5106,442.2899,568.3453,1000.157
2023-09-01 17:00:00,389.639,269.0055,340.3109,602.1537
2023-09-01 18:00:00,160.4872,92.26603,119.5314,202.6895
2023-09-01 19:00:00,21.96883,6.756616,9.226894,5.843475
2023-09-01 20:00:00,0.02929848,0,0,-5.637888
2023-09-01 21:00:00,0,0,0,-4.970002
2023-09-01 22:00:00,0,0,0,-4.904092
2023-09-01 23:00:00,0,0,0,-4.880116
2023-09-02 00:00:00,0,0,0,-4.922468
2023-09-02 01:00:00,0,0,0,-4.917438
2023-09-02 02:00:00,0,0,0,-4.923335
2023-09-02 03:00:00,0,0,0,-4.902648
2023-09-02 04:00:00,0,0,0,-4.933434
2023-09-02 05:00:00,0,0,0,-4.926067
2023-09-02 06:00:00,0.9442688,1.896318,2.262497,-4.227147
2023-09-02 07:00:00,65.20128,47.31741,62.26427,100.9246
2023-09-02 08:00:00,227.8861,186.188,242.6114,419.7419
2023-09-02 09:00:00,388.9802,287.8845,372.4883,655.4316
2023-09-02 10:00:00,660.2612,501.6629,639.8926,1150.506
2023-09-02 11:00:00,775.9369,570.9395,728.2054,1301.63
2023-09-02 12:00:00,1010.021,688.4457,882.6207,1564.632
2023-09-02 13:00:00,1016.215,683.8722,875.2894,1552.529
2023-09-02 14:00:00,957.9289,638.4155,816.3144,1447.982
2023-09-02 15:00:00,825.8981,555.5629,712.2186,1261.655
2023-09-02 16:00:00,633.2139,431.5322,554.5571,979.8036
2023-09-02 17:00:00,395.719,268.3264,345.3333,605.9789
2023-09-02 18:00:00,160.5283,90.1348,116.5236,197.4975
2023-09-02 19:00:00,23.46021,6.381876,8.407118,4.964239
2023-09-02 20:00:00,0.08104167,0,0,-5.926997
2023-09-02 21:00:00,0,0,0,-5.007874
2023-09-02 22:00:00,0,0,0,-4.956217
2023-09-02 23:00:00,0,0,0,-4.990543
2023-09-03 00:00:00,0,0,0,-5.048392
2023-09-03 01:00:00,0,0,0,-5.040741
2023-09-03 02:00:00,0,0,0,-5.065764
2023-09-03 03:00:00,0,0,0,-5.071754
2023-09-03 04:00:00,0,0,0,-5.070597
2023-09-03 05:00:00,0,0,0,-4.982929
2023-09-03 06:00:00,0.437361,0.6566885,0.9300435,-6.588953
2023-09-03 07:00:00,67.72891,38.34356,50.75025,80.14684
2023-09-03 08:00:00,250.1437,187.0484,244.1217,424.8922
2023-09-03 09:00:00,486.7462,360.2897,466.4085,822.2805
2023-09-03 10:00:00,700.9077,494.3264,636.5752,1126.156
2023-09-03 11:00:00,862.1565,583.4499,748.4916,1326.191
2023-09-03 12:00:00,957.9861,628.4647,805.978,1428.095
2023-09-03 13:00:00,980.0851,633.7217,815.2156,1442.36
2023-09-03 14:00:00,920.1869,596.3262,766.2535,1355.793
2023-09-03 15:00:00,790.1956,521.5683,670.0669,1185.109
2023-09-03 16:00:00,599.6813,401.624,517.0056,911.7922
2023-09-03 17:00:00,370.4331,246.6325,317.859,556.8501
2023-09-03 18:00:00,145.9128,81.57042,105.2699,177.2733
2023-09-03 19:00:00,19.70853,5.90473,8.370962,4.167414
2023-09-03 20:00:00,0.04947222,0,0,-5.849406
2023-09-03 21:00:00,0,0,0,-5.213938
2023-09-03 22:00:00,0,0,0,-5.135209
2023-09-03 23:00:00,0,0,0,-5.034301
2023-09-04 00:00:00,0,0,0,-4.940665
2023-09-04 01:00:00,0,0,0,-4.946801
2023-09-04 02:00:00,0,0,0,-4.979214
2023-09-04 03:00:00,0,0,0,-4.995305
2023-09-04 04:00:00,0,0,0,-4.977748
2023-09-04 05:00:00,0,0,0,-4.977148
2023-09-04 06:00:00,0.6366396,0.456541,0.37455,-7.184382
2023-09-04 07:00:00,60.73736,36.91174,48.91713,76.69345
2023-09-04 08:00:00,237.4712,172.9162,225.4012,391.9196
2023-09-04 09:00:00,460.6365,342.1007,442.0932,778.8328
2023-09-04 10:00:00,675.6176,474.5118,611.4541,1080.739
2023-09-04 11:00:00,831.6581,560.2573,722.135,1276.591
2023-09-04 12:00:00,933.9212,611.5245,784.4725,1389.369
2023-09-04 13:00:00,950.7119,612.4791,785.6346,1391.272
2023-09-04 14:00:00,895.4484,577.4334,744.3495,1312.43
2023-09-04 15:00:00,668.6309,423.4914,540.069,965.6398
2023-09-04 16:00:00,582.5477,393.8792,505.7197,892.4103
2023-09-04 17:00:00,352.6127,232.0708,299.48,523.6923
2023-09-04 18:00:00,131.2022,71.44617,92.78812,154.5901
2023-09-04 19:00:00,15.9602,5.649745,7.381207,3.205711
2023-09-04 20:00:00,0.06366667,0,0,-5.587845
2023-09-04 21:00:00,0,0,0,-5.175898
2023-09-04 22:00:00,0.006,0,0,-5.237563
2023-09-04 23:00:00,0.01668056,0,0,-5.094323
2023-09-05 00:00:00,0,0,0,-5.025904
2023-09-05 01:00:00,0,0,0,-4.952709
2023-09-05 02:00:00,0,0,0,-5.056164
2023-09-05 03:00:00,0,0,0,-5.068861
2023-09-05 04:00:00,0,0,0,-5.071936
2023-09-05 05:00:00,0,0,0,-5.063692
2023-09-05 06:00:00,0.4847917,0.1818001,0.2121446,-7.678389
2023-09-05 07:00:00,57.62736,36.5218,48.0549,75.11749
2023-09-05 08:00:00,229.5898,167.9834,218.8049,379.5734
2023-09-05 09:00:00,457.3572,334.2012,431.762,760.7106
2023-09-05 10:00:00,659.6891,463.1455,597.4196,1055.2
2023-09-05 11:00:00,829.0781,550.2628,707.8474,1252.188
2023-09-05 12:00:00,921.0499,601.8324,772.7169,1368.365
2023-09-05 13:00:00,959.2328,621.3083,795.6214,1410.19
2023-09-05 14:00:00,895.6343,584.3242,749.2453,1326.573
2023-09-05 15:00:00,772.6287,509.9278,653.0936,1156.16
2023-09-05 16:00:00,602.3222,401.2041,515.6617,909.7914
2023-09-05 17:00:00,352.0112,231.5297,305.1196,534.1421
2023-09-05 18:00:00,129.6695,74.83051,95.59858,158.2614
2023-09-05 19:00:00,18.36317,6.115883,8.219,4.589742
2023-09-05 20:00:00,0.01327778,0,0,-5.340114
2023-09-05 21:00:00,0,0,0,-5.176858
2023-09-05 22:00:00,0,0,0,-5.172959
2023-09-05 23:00:00,0,0,0,-5.143913
2023-09-06 00:00:00,0.02838889,0,0,-5.145481
2023-09-06 01:00:00,0,0,0,-5.160222
2023-09-06 02:00:00,0,0,0,-4.998759
2023-09-06 03:00:00,0,0,0,-4.994809
2023-09-06 04:00:00,0,0,0,-5.076476
2023-09-06 05:00:00,0.005666668,0,0,-5.038827
2023-09-06 06:00:00,0.1531806,0,0,-7.716463
2023-09-06 07:00:00,42.74782,28.91664,37.89212,57.32583
2023-09-06 08:00:00,228.8689,168.4558,219.7664,381.1594
2023-09-06 09:00:00,376.3118,277.8958,360.7983,633.4022
2023-09-06 10:00:00,651.4062,459.0136,588.9261,1041.893
2023-09-06 11:00:00,782.1847,526.0671,676.7205,1196.76
2023-09-06 12:00:00,892.9904,588.2032,754.9594,1336.695
2023-09-06 13:00:00,982.9248,626.5009,798.468,1417.89
2023-09-06 14:00:00,924.293,594.7382,760.6379,1349.115
2023-09-06 15:00:00,774.6021,508.735,652.0745,1153.755
2023-09-06 16:00:00,573.5414,382.8677,492.0086,867.9615
2023-09-06 17:00:00,350.6645,229.1385,295.7898,517.1197
2023-09-06 18:00:00,131.3666,71.69588,92.81562,154.8166
2023-09-06 19:00:00,13.89919,4.561524,6.28481,1.161973
2023-09-06 20:00:00,0.01020833,0,0,-5.019758
2023-09-06 21:00:00,0,0,0,-5.046743
2023-09-06 22:00:00,0,0,0,-5.1019
2023-09-06 23:00:00,0,0,0,-5.083366
2023-09-07 00:00:00,0.023,0,0,-5.004429
2023-09-07 01:00:00,0,0,0,-4.965141
2023-09-07 02:00:00,0.02270833,0,0,-4.942548
2023-09-07 03:00:00,0.01701389,0,0,-4.961365
2023-09-07 04:00:00,0.02597222,0,0,-4.859349
2023-09-07 05:00:00,0.01938889,0,0,-4.914393
2023-09-07 06:00:00,0.5002499,0.2683887,0,-7.481021
2023-09-07 07:00:00,49.68887,37.48856,49.3386,77.34904
2023-09-07 08:00:00,236.4798,172.1636,224.4642,388.2188
2023-09-07 09:00:00,441.761,323.8081,420.0256,738.6495
2023-09-07 10:00:00,645.5756,400.8842,575.3681,786.9423
2023-09-07 11:00:00,805.5373,472.5251,694.8098,1057.181
2023-09-07 12:00:00,893.0364,578.8013,371.8202,852.6769
2023-09-07 13:00:00,883.9196,507.8412,608.7484,1096.782
2023-09-07 14:00:00,887.1904,577.1447,746.2496,1314.275
2023-09-07 15:00:00,725.5699,466.64,598.5785,1056.548
2023-09-07 16:00:00,571.6821,384.4885,495.3104,873.4113
2023-09-07 17:00:00,351.9394,231.2662,299.6707,522.7783
2023-09-07 18:00:00,122.1377,66.80695,86.79675,143.9435
2023-09-07 19:00:00,7.49177,2.460834,3.632157,-3.44828
2023-09-07 20:00:00,0,0,0,-5.153014
2023-09-07 21:00:00,0.02025,0,0,-5.034399
2023-09-07 22:00:00,0.01702778,0,0,-5.02317
2023-09-07 23:00:00,0,0,0,-4.954298
2023-09-08 00:00:00,0,0,0,-4.836897
2023-09-08 01:00:00,0.01556944,0,0,-4.860765
2023-09-08 02:00:00,0,0,0,-4.903146
2023-09-08 03:00:00,0,0,0,-4.998857
2023-09-08 04:00:00,0.02038889,0,0,-4.986356
2023-09-08 05:00:00,0,0,0,-4.978323
2023-09-08 06:00:00,0.341297,0,0,-7.789336
2023-09-08 07:00:00,35.22452,29.47258,37.44039,57.38769
2023-09-08 08:00:00,227.1654,170.2473,220.8692,384.114
2023-09-08 09:00:00,457.2961,289.5609,374.8848,658.524
2023-09-08 10:00:00,575.538,,,-1.020833
2023-09-08 11:00:00,,,,-0.00971731
2023-09-08 12:00:00,750.7004,416.5643,538.6484,957.4243
2023-09-08 13:00:00,701.1936,507.0842,630.0618,1121.248
2023-09-08 14:00:00,464.1176,302.6938,386.8507,682.2606
2023-09-08 15:00:00,12.89239,8.15812,0,-1.702533
2023-09-08 16:00:00,232.2796,175.4728,0,166.1395
2023-09-08 17:00:00,263.1756,169.8412,-0.2266667,158.9565
2023-09-08 18:00:00,94.86707,56.07677,0,46.30392
2023-09-08 19:00:00,13.60435,5.117287,0,-4.765819
2023-09-08 20:00:00,0.05144446,0,0,-5.338432
2023-09-08 21:00:00,0,0,0,-5.219265
2023-09-08 22:00:00,0,0,0,-5.096972
2023-09-08 23:00:00,0,0,0,-5.133062
2023-09-09 00:00:00,0,0,0,-5.116297
2023-09-09 01:00:00,0,0,0,-5.097567
2023-09-09 02:00:00,0,0,0,-5.068927
2023-09-09 03:00:00,0.005652777,0,0,-5.132912
2023-09-09 04:00:00,0,0,0,-5.093746
2023-09-09 05:00:00,0,0,0,-5.090447
2023-09-09 06:00:00,0.04958332,0,0,-7.6879
2023-09-09 07:00:00,39.73727,26.25989,0,16.43943
2023-09-09 08:00:00,174.1507,137.7723,0,130.866
2023-09-09 09:00:00,459.0074,337.0445,0,321.354
2023-09-09 10:00:00,342.4868,265.3697,0,250.9248
2023-09-09 11:00:00,283.0539,224.552,-0.2272222,217.5413
2023-09-09 12:00:00,391.5327,289.9206,0,282.4189
2023-09-09 13:00:00,319.8048,229.5611,0,220.2667
2023-09-09 14:00:00,410.3525,289.0184,0,281.0498
2023-09-09 15:00:00,448.2947,299.1037,0,290.2443
2023-09-09 16:00:00,47.55465,27.59695,0,17.45105
2023-09-09 17:00:00,12.06705,8.297004,0,-1.741758
2023-09-09 18:00:00,23.76875,14.8528,0,5.111285
2023-09-09 19:00:00,2.809171,0.440196,0,-8.643623
2023-09-09 20:00:00,0,0,0,-5.153416
2023-09-09 21:00:00,0,0,0,-5.110375
2023-09-09 22:00:00,0.02268055,0,0,-5.12248
2023-09-09 23:00:00,0,0,0,-5.151514
2023-09-10 00:00:00,0,0,0,-4.979906
2023-09-10 01:00:00,0,0,0,-5.012637
2023-09-10 02:00:00,0,0,0,-5.062964
2023-09-10 03:00:00,0,0,0,-5.099893
2023-09-10 04:00:00,0,0,0,-5.036582
2023-09-10 05:00:00,0.005680555,0,0,-5.025552
2023-09-10 06:00:00,0,0,0,-7.36447
2023-09-10 07:00:00,14.61121,13.03007,0,3.243108
2023-09-10 08:00:00,135.1881,98.86061,0,89.7231
2023-09-10 09:00:00,450.7439,330.3719,0,325.8727
2023-09-10 10:00:00,678.281,481.0248,0,473.1814
2023-09-10 11:00:00,877.1663,471.4628,0,469.141
2023-09-10 12:00:00,821.6096,527.0909,0,521.799
2023-09-10 13:00:00,650.2793,398.3055,0,391.2744
2023-09-10 14:00:00,838.893,530.3231,0,520.7697
2023-09-10 15:00:00,845.3663,533.4208,0,525.7634
2023-09-10 16:00:00,461.0491,306.1418,0,301.6006
2023-09-10 17:00:00,309.5576,184.9812,0,176.6712
2023-09-10 18:00:00,41.07714,24.6581,0,15.0067
2023-09-10 19:00:00,6.191833,2.517683,0,-6.706342
2023-09-10 20:00:00,0,0,0,-5.113304
2023-09-10 21:00:00,0,0,0,-5.042862
2023-09-10 22:00:00,0,0,0,-5.130013
2023-09-10 23:00:00,0,0,0,-5.087555
2023-09-11 00:00:00,0,0,0,-5.012749
2023-09-11 01:00:00,0,0,0,-5.061009
2023-09-11 02:00:00,0,0,0,-5.063066
2023-09-11 03:00:00,0,0,0,-4.97584
2023-09-11 04:00:00,0,0,0,-4.965718
2023-09-11 05:00:00,0.02815305,0,0,-5.040066
2023-09-11 06:00:00,0.3350005,0,0,-6.229448
2023-09-11 07:00:00,58.74491,34.66564,0,27.57091
2023-09-11 08:00:00,237.1445,173.7706,0,167.4337
2023-09-11 09:00:00,473.7373,347.0125,0,341.7173
2023-09-11 10:00:00,677.6546,478.1302,0,472.0053
2023-09-11 11:00:00,861.7382,587.7297,0,582.1896
2023-09-11 12:00:00,896.091,570.1026,0,580.1196
2023-09-11 13:00:00,888.7807,560.9562,-1.128051,551.7821
2023-09-11 14:00:00,861.0579,575.7911,,564.0457
2023-09-11 15:00:00,700.5085,465.2069,,453.0301
2023-09-11 16:00:00,554.5992,385.9928,,380.8095
2023-09-11 17:00:00,324.2491,226.7582,,220.6628
2023-09-11 18:00:00,119.2024,65.48829,,58.37471
2023-09-11 19:00:00,9.210157,2.524564,,-4.455153
2023-09-11 20:00:00,0,0,,-5.008361
2023-09-11 21:00:00,0,0,,-4.970672
2023-09-11 22:00:00,0,0,,-4.845772
2023-09-11 23:00:00,0,0,,-4.860189
2023-09-12 00:00:00,0,0,,-4.81772
2023-09-12 01:00:00,0.005166667,0,,-4.765513
2023-09-12 02:00:00,0.003722223,0,,-4.767748
2023-09-12 03:00:00,0.01347222,0,,-4.788282
2023-09-12 04:00:00,0,0,,-4.778142
2023-09-12 05:00:00,0,0,,-4.691782
2023-09-12 06:00:00,0.09613889,0,,-5.953491
2023-09-12 07:00:00,46.05527,34.02319,,27.22831
2023-09-12 08:00:00,228.7692,169.5778,,163.5442
2023-09-12 09:00:00,456.0681,339.1356,,333.3747
2023-09-12 10:00:00,681.9321,476.7202,,471.163
2023-09-12 11:00:00,855.325,533.9651,0,545.3696
2023-09-12 12:00:00,949.5311,600.3716,0,595.4685
2023-09-12 13:00:00,597.2595,382.3014,0,396.0385
2023-09-12 14:00:00,761.5641,466.0207,0,477.4309
2023-09-12 15:00:00,643.4944,404.7914,,389.6236
2023-09-12 16:00:00,504.4883,331.2305,,323.4967
2023-09-12 17:00:00,149.1926,101.3242,,94.44164
2023-09-12 18:00:00,64.01978,38.40461,,31.03744
2023-09-12 19:00:00,3.878708,0.845558,,-6.033047
2023-09-12 20:00:00,0.02370833,0,,-5.022987
2023-09-12 21:00:00,0,0,,-4.902693
2023-09-12 22:00:00,0,0,,-4.862504
2023-09-12 23:00:00,0.02581945,0,,-4.754033
2023-09-13 00:00:00,0,0,,-4.773573
2023-09-13 01:00:00,0,0,,-4.714187
2023-09-13 02:00:00,0,0,,-4.662771
2023-09-13 03:00:00,0,0,,-4.67927
2023-09-13 04:00:00,0,0,,-4.671812
2023-09-13 05:00:00,0,0,,-4.629237
2023-09-13 06:00:00,0,0,,-5.734583
2023-09-13 07:00:00,48.61209,38.67228,,32.16393
2023-09-13 08:00:00,148.5635,109.2946,,102.4557
2023-09-13 09:00:00,321.3956,231.2455,0,223.3463
2023-09-13 10:00:00,552.4668,345.2347,,248.3959
2023-09-13 11:00:00,693.0363,373.8591,,354.208
2023-09-13 12:00:00,934.4927,619.6406,,614.5553
2023-09-13 13:00:00,952.1038,584.442,,571.7374
2023-09-13 14:00:00,855.9505,508.8308,,502.2137
2023-09-13 15:00:00,752.2157,512.1243,,497.2256
2023-09-13 16:00:00,464.4926,314.7155,,308.2349
2023-09-13 17:00:00,282.951,185.0625,,180.2854
2023-09-13 18:00:00,61.32357,34.15115,,26.9158
2023-09-13 19:00:00,3.599097,0.6324818,,-5.821943
2023-09-13 20:00:00,5.24109e-07,0,,-4.801864
2023-09-13 21:00:00,0,0,,-4.835968
2023-09-13 22:00:00,0,0,,-4.811034
2023-09-13 23:00:00,0,0,,-4.791149
2023-09-14 00:00:00,0,0,,-4.71408
2023-09-14 01:00:00,0,0,,-4.735767
2023-09-14 02:00:00,0,0,,-4.742314
2023-09-14 03:00:00,0,0,,-4.766783
2023-09-14 04:00:00,0,0,,-4.775883
2023-09-14 05:00:00,0,0,,-4.735756
2023-09-14 06:00:00,0.00666457,0,,-5.808152
2023-09-14 07:00:00,30.06759,23.40222,,16.33112
2023-09-14 08:00:00,153.639,119.5506,,112.2755
2023-09-14 09:00:00,456.5264,342.4731,,339.6257
2023-09-14 10:00:00,646.9409,457.5718,462.4416,916.4182
2023-09-14 11:00:00,780.0969,573.7217,685.3924,1246.034
2023-09-14 12:00:00,918.7391,643.9858,785.7667,1415.315
2023-09-14 13:00:00,907.0063,615.5543,774.123,1391.052
2023-09-14 14:00:00,728.0624,454.7868,607.1458,1077.738
2023-09-14 15:00:00,490.1512,329.2138,413.863,761.3175
2023-09-14 16:00:00,502.586,359.044,423.0018,768.0775
2023-09-14 17:00:00,356.6855,242.8451,301.2697,536.3411
2023-09-14 18:00:00,120.4467,65.55787,81.06913,136.9383
2023-09-14 19:00:00,6.037208,1.512484,2.233682,-5.165469
2023-09-14 20:00:00,0,0,0,-5.147592
2023-09-14 21:00:00,0,0,0,-5.093124
2023-09-14 22:00:00,0,0,0,-5.032027
2023-09-14 23:00:00,0,0,0,-5.088117
2023-09-15 00:00:00,0,0,0,-4.936073
2023-09-15 01:00:00,0,0,0,-5.017596
2023-09-15 02:00:00,0.02263889,0,0,-5.026338
2023-09-15 03:00:00,0,0,0,-5.070993
2023-09-15 04:00:00,0.04538889,0,0,-5.065233
2023-09-15 05:00:00,0,0,0,-5.034593
2023-09-15 06:00:00,0.092375,0.02301198,0.02301198,-7.205511
2023-09-15 07:00:00,61.12472,36.40831,46.21729,73.89892
2023-09-15 08:00:00,256.9531,192.7242,241.1331,429.4467
2023-09-15 09:00:00,501.8864,297.3861,479.6133,698.5953
2023-09-15 10:00:00,721.1534,,669.1394,667.0952
2023-09-15 11:00:00,890.3925,,793.3792,791.5687
2023-09-15 12:00:00,981.3134,,857.0414,855.201
2023-09-15 13:00:00,1007.849,582.7031,862.2189,1294.267
2023-09-15 14:00:00,935.0258,659.4634,814.2396,1467.524
2023-09-15 15:00:00,803.0599,565.4058,698.5699,1257.616
2023-09-15 16:00:00,599.7433,427.2057,527.9396,948.8484
2023-09-15 17:00:00,360.9689,248.5387,307.7099,548.8654
2023-09-15 18:00:00,128.3386,67.51907,84.00205,142.1322
2023-09-15 19:00:00,7.133177,1.88318,2.553937,-4.496632
2023-09-15 20:00:00,0,0,0,-5.075921
2023-09-15 21:00:00,0,0,0,-4.991722
2023-09-15 22:00:00,0,0,0,-4.989078
2023-09-15 23:00:00,0,0,0,-4.991537
2023-09-16 00:00:00,0,0,0,-5.048137
2023-09-16 01:00:00,0,0,0,-5.101569
2023-09-16 02:00:00,0,0,0,-5.104432
2023-09-16 03:00:00,0,0,0,-5.118784
2023-09-16 04:00:00,0,0,0,-5.124804
2023-09-16 05:00:00,0,0,0,-5.123879
2023-09-16 06:00:00,0.06475,0.1085076,0.1440632,-7.238498
2023-09-16 07:00:00,50.5473,36.80208,46.97596,74.99673
2023-09-16 08:00:00,251.2269,195.9718,245.5252,435.4347
2023-09-16 09:00:00,495.2201,377.502,471.2125,843.8597
2023-09-16 10:00:00,718.6295,515.8698,641.3875,1152.585
2023-09-16 11:00:00,868.5236,602.6901,748.3329,1345.568
2023-09-16 12:00:00,970.4926,648.9652,806.1106,1448.947
2023-09-16 13:00:00,985.4551,650.8923,808.1503,1452.497
2023-09-16 14:00:00,918.0263,606.6734,751.7006,1351.791
2023-09-16 15:00:00,782.892,526.8119,652.2427,1172.815
2023-09-16 16:00:00,581.2203,399.2781,495.3698,887.9617
2023-09-16 17:00:00,345.631,231.2856,286.9045,510.1804
2023-09-16 18:00:00,104.2154,55.68505,69.17252,115.0003
2023-09-16 19:00:00,4.770959,1.319237,1.783213,-5.787683
2023-09-16 20:00:00,0,0,0,-5.117134
2023-09-16 21:00:00,0,0,0,-5.136531
2023-09-16 22:00:00,0,0,0,-5.061425
2023-09-16 23:00:00,0,0,0,-5.003271
2023-09-17 00:00:00,0,0,0,-5.00417
2023-09-17 01:00:00,0,0,0,-5.060041
2023-09-17 02:00:00,0,0,0,-5.107386
2023-09-17 03:00:00,0,0,0,-5.112412
2023-09-17 04:00:00,0,0,0,-5.075812
2023-09-17 05:00:00,0,0,0,-5.081711
2023-09-17 06:00:00,0.1142917,0.0947794,0.0636438,-7.090194
2023-09-17 07:00:00,50.67818,32.22568,40.91641,64.02681
2023-09-17 08:00:00,243.4306,182.4662,228.5582,403.9152
2023-09-17 09:00:00,474.2986,344.4357,426.6453,768.3385
2023-09-17 10:00:00,635.9861,450.4766,571.4999,999.152
2023-09-17 11:00:00,558.9521,402.287,500.524,894.6733
2023-09-17 12:00:00,290.625,202.1015,254.2455,448.1917
2023-09-17 13:00:00,390.5653,272.4157,336.9633,604.8644
2023-09-17 14:00:00,120.954,86.27257,108.7082,185.9547
2023-09-17 15:00:00,79.88474,54.96623,69.44955,114.9373
2023-09-17 16:00:00,66.61442,53.63375,67.39006,112.0916
2023-09-17 17:00:00,40.0477,23.08082,29.40514,42.39439
2023-09-17 18:00:00,12.98466,7.657501,9.635,7.425881
2023-09-17 19:00:00,0.6314043,0,0,-7.754879
2023-09-17 20:00:00,0,0,0,-5.1359
2023-09-17 21:00:00,0,0,0,-5.166764
2023-09-17 22:00:00,0.01694445,0,0,-5.067493
2023-09-17 23:00:00,0,0,0,-4.98702
2023-09-18 00:00:00,0,0,0,-5.035573
2023-09-18 01:00:00,0.01826389,0,0,-5.08785
2023-09-18 02:00:00,0.021375,0,0,-5.099556
2023-09-18 03:00:00,0,0,0,-5.06248
2023-09-18 04:00:00,0.02361111,0,0,-5.013303
2023-09-18 05:00:00,0.01038889,0,0,-4.898306
2023-09-18 06:00:00,0,0,0,-6.838983
2023-09-18 07:00:00,28.52315,22.28014,28.33426,40.34585
2023-09-18 08:00:00,151.6636,105.386,131.6501,233.4428
2023-09-18 09:00:00,492.8112,285.0372,414.3312,604.9468
2023-09-18 10:00:00,480.4442,,383.8234,373.2687
2023-09-18 11:00:00,596.9167,,433.0209,428.66
2023-09-18 12:00:00,609.2185,218.7368,547.6911,658.4292
2023-09-18 13:00:00,642.5838,415.768,519.5056,919.4939
2023-09-18 14:00:00,582.5228,421.4524,512.6246,923.5317
2023-09-18 15:00:00,746.3823,463.8276,573.9211,1035.063
2023-09-18 16:00:00,508.3972,364.0104,453.9415,811.7659
2023-09-18 17:00:00,349.0234,238.8279,296.165,527.4321
2023-09-18 18:00:00,110.2143,57.85209,71.57814,119.7755
2023-09-18 19:00:00,3.80721,1.166412,1.514297,-6.064065
2023-09-18 20:00:00,0,0,0,-5.166995
2023-09-18 21:00:00,0,0,0,-5.134194
2023-09-18 22:00:00,0,0,0,-5.179113
2023-09-18 23:00:00,0,0,0,-5.139438
2023-09-19 00:00:00,0,0,0,-4.975315
2023-09-19 01:00:00,0,0,0,-4.982596
2023-09-19 02:00:00,0,0,0,-5.018611
2023-09-19 03:00:00,0,0,0,-5.047352
2023-09-19 04:00:00,0,0,0,-5.065791
2023-09-19 05:00:00,0,0,0,-4.979757
2023-09-19 06:00:00,0,0,0,-7.189536
2023-09-19 07:00:00,53.22904,33.92699,42.79665,67.61602
2023-09-19 08:00:00,242.1655,187.7876,235.0036,416.947
2023-09-19 09:00:00,484.631,370.1876,460.758,826.1611
2023-09-19 10:00:00,701.2416,509.552,632.0046,1138.21
2023-09-19 11:00:00,867.695,602.6179,746.3762,1343.429
2023-09-19 12:00:00,961.8975,638.5049,791.8588,1424.629
2023-09-19 13:00:00,958.9642,641.5309,800.7988,1432.36
2023-09-19 14:00:00,704.0731,491.8906,586.6284,1032.764
2023-09-19 15:00:00,632.6112,366.2507,449.0447,803.8676
2023-09-19 16:00:00,558.236,391.4387,480.1239,863.8038
2023-09-19 17:00:00,334.0338,224.8971,272.6898,488.9967
2023-09-19 18:00:00,110.0581,57.93929,71.73118,119.6327
2023-09-19 19:00:00,4.066274,1.022185,1.379963,-5.921288
2023-09-19 20:00:00,0,0,0,-5.10501
2023-09-19 21:00:00,0,0,0,-5.15708
2023-09-19 22:00:00,0,0,0,-5.059815
2023-09-19 23:00:00,0,0,0,-5.052288
2023-09-20 00:00:00,0,0,0,-5.054777
2023-09-20 01:00:00,0,0,0,-5.076573
2023-09-20 02:00:00,0,0,0,-5.068988
2023-09-20 03:00:00,0,0,0,-5.079512
2023-09-20 04:00:00,0,0,0,-5.059892
2023-09-20 05:00:00,0,0,0,-4.985799
2023-09-20 06:00:00,0,0,0,-6.980377
2023-09-20 07:00:00,29.19628,24.74007,30.78424,46.21369
2023-09-20 08:00:00,202.085,158.1266,193.8853,344.4317
2023-09-20 09:00:00,472.319,351.8319,438.2143,784.724
2023-09-20 10:00:00,693.1769,492.5862,611.8318,1098.683
2023-09-20 11:00:00,803.1854,531.1365,651.9425,1169.316
2023-09-20 12:00:00,840.6818,569.0823,748.8176,1323.196
2023-09-20 13:00:00,928.453,618.8002,755.1027,1368.722
2023-09-20 14:00:00,902.5565,600.9519,742.9289,1337.583
2023-09-20 15:00:00,766.8079,518.3765,641.2981,1153.375
2023-09-20 16:00:00,569.8461,390.355,483.1282,866.5255
2023-09-20 17:00:00,329.6545,218.5772,267.1576,476.5202
2023-09-20 18:00:00,64.32748,35.58041,44.63371,70.41955
2023-09-20 19:00:00,2.498389,0.6439778,0.8691667,-6.814579
2023-09-20 20:00:00,0,0,0,-5.12437
2023-09-20 21:00:00,0,0,0,-5.064
2023-09-20 22:00:00,0,0,0,-4.968917
2023-09-20 23:00:00,0,0,0,-4.964751
2023-09-21 00:00:00,0,0,0,-4.994235
2023-09-21 01:00:00,0,0,0,-5.017863
2023-09-21 02:00:00,0,0,0,-5.03605
2023-09-21 03:00:00,0,0,0,-5.042049
2023-09-21 04:00:00,0,0,0,-5.017954
2023-09-21 05:00:00,0,0,0,-4.930536
2023-09-21 06:00:00,0.0005931372,0,0,-6.938635
2023-09-21 07:00:00,24.44154,20.16815,25.17962,36.083
2023-09-21 08:00:00,96.30173,72.00866,91.06322,154.321
2023-09-21 09:00:00,154.5993,112.8792,142.2776,247.2585
2023-09-21 10:00:00,176.119,127.7595,160.5736,280.4903
2023-09-21 11:00:00,365.8328,268.1279,333.4563,597.6666
2023-09-21 12:00:00,695.8947,475.0733,591.7922,1061.033
2023-09-21 13:00:00,773.5162,529.9705,625.5323,1152.394
2023-09-21 14:00:00,483.4701,342.7599,400.5836,736.9528
2023-09-21 15:00:00,462.5256,317.5228,399.9744,710.1328
2023-09-21 16:00:00,299.3031,210.2744,261.2109,463.6549
2023-09-21 17:00:00,185.9597,126.0754,159.6756,278.0036
2023-09-21 18:00:00,110.448,62.68768,78.166,131.3907
2023-09-21 19:00:00,3.987762,1.024119,1.404893,-5.776752
2023-09-21 20:00:00,0,0,0,-5.127855
2023-09-21 21:00:00,0,0,0,-5.132685
2023-09-21 22:00:00,0,0,0,-5.102199
2023-09-21 23:00:00,0,0,0,-5.122891
2023-09-22 00:00:00,0,0,0,-5.002854
2023-09-22 01:00:00,0,0,0,-4.985455
2023-09-22 02:00:00,0,0,0,-4.996256
2023-09-22 03:00:00,0,0,0,-5.004502
2023-09-22 04:00:00,0,0,0,-4.976339
2023-09-22 05:00:00,0,0,0,-4.922496
2023-09-22 06:00:00,0.02263889,0,0,-6.452003
2023-09-22 07:00:00,8.669066,6.797847,7.274237,4.435258
2023-09-22 08:00:00,80.1911,59.94476,75.47285,126.6015
2023-09-22 09:00:00,91.10037,66.69698,83.9418,141.865
2023-09-22 10:00:00,86.09731,63.72397,80.51432,135.0843
2023-09-22 11:00:00,111.5052,82.742,104.5657,178.6529
2023-09-22 12:00:00,89.29278,65.4242,82.97504,139.8934
2023-09-22 13:00:00,94.8365,74.25328,93.6936,158.5647
2023-09-22 14:00:00,74.8904,55.92807,71.03073,118.0612
2023-09-22 15:00:00,72.00428,50.64819,63.81382,105.1624
2023-09-22 16:00:00,33.3755,21.62549,27.47046,38.9973
2023-09-22 17:00:00,12.94411,7.523022,9.800916,7.478792
2023-09-22 18:00:00,3.174407,0.5427305,1.053061,-7.96482
2023-09-22 19:00:00,0.05655119,0,0,-7.292594
2023-09-22 20:00:00,0,0,0,-5.054306
2023-09-22 21:00:00,0,0,0,-5.037802
2023-09-22 22:00:00,0.01133334,0,0,-5.044965
2023-09-22 23:00:00,0.003055555,0,0,-5.084647
2023-09-23 00:00:00,0.008291667,0,0,-5.040163
2023-09-23 01:00:00,0,0,0,-5.04714
2023-09-23 02:00:00,0.00371575,0,0,-5.094284
2023-09-23 03:00:00,0.00940925,0,0,-5.151803
2023-09-23 04:00:00,0,0,0,-5.10969
2023-09-23 05:00:00,0,0,0,-5.064658
2023-09-23 06:00:00,0,0,0,-6.043447
2023-09-23 07:00:00,0.2434302,0,0,-9.762648
2023-09-23 08:00:00,3.869084,2.979164,3.490278,-3.244677
2023-09-23 09:00:00,32.23879,24.36254,30.90834,45.55071
2023-09-23 10:00:00,63.71992,50.61402,63.91214,105.3596
2023-09-23 11:00:00,109.9165,86.86771,108.2125,186.7975
2023-09-23 12:00:00,234.5105,185.1822,231.3301,406.6002
2023-09-23 13:00:00,196.3743,152.5323,189.5371,334.5908
2023-09-23 14:00:00,192.8397,150.817,188.94,332.3968
2023-09-23 15:00:00,217.9155,164.103,204.7336,361.5865
2023-09-23 16:00:00,157.9729,115.7607,145.8154,253.41
2023-09-23 17:00:00,104.104,70.49606,88.89674,150.4822
2023-09-23 18:00:00,10.85743,5.586807,7.314257,3.065112
2023-09-23 19:00:00,0.5478772,0,0.001995489,-7.543824
2023-09-23 20:00:00,0.02261111,0,0,-5.032684
2023-09-23 21:00:00,0,0,0,-5.102929
2023-09-23 22:00:00,0,0,0,-5.155489
2023-09-23 23:00:00,0,0,0,-5.143057
2023-09-24 00:00:00,0,0,0,-5.104454
2023-09-24 01:00:00,0,0,0,-5.131663
2023-09-24 02:00:00,0,0,0,-5.128719
2023-09-24 03:00:00,0,0,0,-5.123531
2023-09-24 04:00:00,0,0,0,-5.129455
2023-09-24 05:00:00,0,0,0,-5.119597
2023-09-24 06:00:00,0,0,0,-6.707805
2023-09-24 07:00:00,50.90443,30.25687,38.33137,59.18991
2023-09-24 08:00:00,236.6931,134.0805,222.1757,349.436
2023-09-24 09:00:00,473.6917,0,441.3117,435.4711
2023-09-24 10:00:00,688.5293,0,616.1643,611.4736
2023-09-24 11:00:00,832.0743,0,697.5896,690.8797
2023-09-24 12:00:00,815.0324,108.8727,698.1024,785.4883
2023-09-24 13:00:00,882.2264,578.3959,706.1439,1285.087
2023-09-24 14:00:00,841.2941,525.4083,659.7623,1168.431
2023-09-24 15:00:00,685.804,488.3599,626.7191,1125.727
2023-09-24 16:00:00,550.7804,387.3033,475.3268,859.6133
2023-09-24 17:00:00,198.6638,120.7846,146.7428,246.8672
2023-09-24 18:00:00,78.64417,44.01088,54.61895,89.18461
2023-09-24 19:00:00,1.01811,0.1088998,0.2133442,-7.311195
2023-09-24 20:00:00,0,0,0,-5.132341
2023-09-24 21:00:00,0,0,0,-5.214832
2023-09-24 22:00:00,0,0,0,-5.200905
2023-09-24 23:00:00,0.01130555,0,0,-5.046645
2023-09-25 00:00:00,0.005652777,0,0,-5.074139
2023-09-25 01:00:00,0.02263889,0,0,-5.12944
2023-09-25 02:00:00,0,0,0,-5.127007
2023-09-25 03:00:00,0.004000001,0,0,-5.112174
2023-09-25 04:00:00,0,0,0,-5.047864
2023-09-25 05:00:00,0.01026389,0,0,-4.982621
2023-09-25 06:00:00,0.03184205,0,0,-6.651843
2023-09-25 07:00:00,27.69787,0,29.63839,20.23139
2023-09-25 08:00:00,131.7657,0,130.0761,121.0281
2023-09-25 09:00:00,179.9641,0,161.9304,154.585
2023-09-25 10:00:00,444.5875,0,393.491,387.8332
2023-09-25 11:00:00,825.4858,0,706.0507,703.1214
2023-09-25 12:00:00,915.8572,0,757.8539,752.9353
2023-09-25 13:00:00,871.3752,0,769.5374,764.3826
2023-09-25 14:00:00,808.2608,0,664.9514,652.1489
2023-09-25 15:00:00,523.2139,0,415.4552,407.3485
2023-09-25 16:00:00,465.7771,0,391.5579,385.2266
2023-09-25 17:00:00,206.4252,0,183.062,173.8976
2023-09-25 18:00:00,88.22353,0,55.78231,46.2732
2023-09-25 19:00:00,0.9930719,0,0.1142525,-7.559303
2023-09-25 20:00:00,0,0,0,-5.144981
2023-09-25 21:00:00,0,0,0,-5.099078
2023-09-25 22:00:00,0,0,0,-5.086374
2023-09-25 23:00:00,0,0,0,-4.992717
2023-09-26 00:00:00,0,0,0,-5.033111
2023-09-26 01:00:00,0,0,0,-5.082204
2023-09-26 02:00:00,0,0,0,-5.103892
2023-09-26 03:00:00,0,0,0,-5.098446
2023-09-26 04:00:00,0,0,0,-5.014553
2023-09-26 05:00:00,0,0,0,-4.971755
2023-09-26 06:00:00,0.01704167,0,0,-5.787131
2023-09-26 07:00:00,38.74493,0,35.25938,28.09912
2023-09-26 08:00:00,113.4597,0,102.8223,95.60028
2023-09-26 09:00:00,308.0761,0,292.8215,286.103
2023-09-26 10:00:00,400.0511,204.416,362.0546,511.6915
2023-09-26 11:00:00,543.9379,361.5842,473.4252,826.2548
2023-09-26 12:00:00,836.1489,569.6404,697.9301,1288.569
2023-09-26 13:00:00,688.1204,465.3312,562.312,1008.127
2023-09-26 14:00:00,476.2295,316.3475,415.6684,747.721
2023-09-26 15:00:00,418.7543,277.1383,372.7044,641.0173
2023-09-26 16:00:00,444.0228,270.0281,369.2617,635.3186
2023-09-26 17:00:00,164.6951,107.7184,143.7639,242.7855
2023-09-26 18:00:00,43.03865,22.50213,30.13354,42.32295
2023-09-26 19:00:00,0.9123412,0,0,-7.447708
2023-09-26 20:00:00,0,0,0,-5.083981
2023-09-26 21:00:00,0,0,0,-5.102746
2023-09-26 22:00:00,0,0,0,-5.137251
2023-09-26 23:00:00,0,0,0,-5.137336
2023-09-27 00:00:00,0,0,0,-5.002649
2023-09-27 01:00:00,0,0,0,-5.029966
2023-09-27 02:00:00,0,0,0,-5.040161
2023-09-27 03:00:00,0,0,0,-5.020842
2023-09-27 04:00:00,0,0,0,-5.007812
2023-09-27 05:00:00,0,0,0,-5.015856
2023-09-27 06:00:00,0,0,0,-5.582146
2023-09-27 07:00:00,7.949061,0,7.690097,0.3946845
2023-09-27 08:00:00,51.80611,0,47.73227,40.612
2023-09-27 09:00:00,73.30822,0,67.59721,60.64933
2023-09-27 10:00:00,160.1951,0,150.6614,144.6962
2023-09-27 11:00:00,212.1573,0,193.5004,187.2589
2023-09-27 12:00:00,219.5672,0,203.9896,195.8427
2023-09-27 13:00:00,185.828,0,172.2057,164.5792
2023-09-27 14:00:00,210.9832,0,195.0004,189.1241
2023-09-27 15:00:00,197.8594,0,181.0113,174.8263
2023-09-27 16:00:00,154.8283,0,136.0722,129.7168
2023-09-27 17:00:00,80.05668,0,68.96326,62.12556
2023-09-27 18:00:00,16.08926,0,10.28215,2.850774
2023-09-27 19:00:00,0.351692,0,0,-5.82202
2023-09-27 20:00:00,0.001617783,0,0,-4.915893
2023-09-27 21:00:00,0,0,0,-4.946061
2023-09-27 22:00:00,0,0,0,-5.002689
2023-09-27 23:00:00,0,0,0,-5.02234
2023-09-28 00:00:00,0,0,0,-5.054948
2023-09-28 01:00:00,0,0,0,-5.009858
2023-09-28 02:00:00,0,0,0,-5.000521
2023-09-28 03:00:00,0,0,0,-5.004248
2023-09-28 04:00:00,0.01775,0,0,-5.001856
2023-09-28 05:00:00,0.02275,0,0,-4.961461
2023-09-28 06:00:00,0,0,0,-5.550716
2023-09-28 07:00:00,11.87494,0,11.07787,3.751609
2023-09-28 08:00:00,64.68355,0,61.6314,54.64936
2023-09-28 09:00:00,214.634,0,201.23,195.8736
2023-09-28 10:00:00,238.9074,0,224.2849,218.7369
2023-09-28 11:00:00,299.3399,0,279.2803,273.6025
2023-09-28 12:00:00,395.5659,0,360.2909,355.136
2023-09-28 13:00:00,557.4547,0,523.55,525.3794
2023-09-28 14:00:00,245.6257,87.37106,221.5488,301.0681
2023-09-28 15:00:00,446.6526,234.6343,374.5031,599.6385
2023-09-28 16:00:00,341.4759,175.8004,297.5579,457.9012
2023-09-28 17:00:00,140.8133,67.98065,116.6998,174.4906
2023-09-28 18:00:00,25.88537,9.401096,16.8458,16.22469
2023-09-28 19:00:00,0.4053912,0,0,-7.419937
2023-09-28 20:00:00,0,0,0,-5.191824
2023-09-28 21:00:00,0.01804166,0,0,-5.235297
2023-09-28 22:00:00,0,0,0,-5.145256
2023-09-28 23:00:00,0,0,0,-5.008303
2023-09-29 00:00:00,0.02444444,0,0,-5.03799
2023-09-29 01:00:00,0,0,0,-5.092208
2023-09-29 02:00:00,0,0,0,-5.051495
2023-09-29 03:00:00,0,0,0,-5.015347
2023-09-29 04:00:00,0,0,0,-5.023801
2023-09-29 05:00:00,0,0,0,-5.010682
2023-09-29 06:00:00,0,0,0,-5.904815
2023-09-29 07:00:00,6.703149,4.157222,6.97104,1.008295
2023-09-29 08:00:00,45.11635,24.1212,41.51959,55.88528
2023-09-29 09:00:00,87.67031,48.71951,80.50589,120.0825
2023-09-29 10:00:00,158.4503,7.623824,146.2845,142.2433
2023-09-29 11:00:00,240.3113,,224.0317,218.6369
2023-09-29 12:00:00,298.5382,0,274.5668,268.8782
2023-09-29 13:00:00,316.8413,,285.8175,280.5044
2023-09-29 14:00:00,320.3718,132.7466,293.3748,337.6769
2023-09-29 15:00:00,246.5004,210.8359,222.2953,425.2968
2023-09-29 16:00:00,138.3161,116.9217,123.4443,231.6655
2023-09-29 17:00:00,95.85049,77.81588,81.99613,150.3775
2023-09-29 18:00:00,29.2689,18.72936,19.97841,28.53562
2023-09-29 19:00:00,0.5235,0,0,-6.966158
2023-09-29 20:00:00,0,0,0,-5.154713
2023-09-29 21:00:00,0,0,0,-5.1931
2023-09-29 22:00:00,0,0,0,-5.25655
2023-09-29 23:00:00,0,0,0,-5.222307
2023-09-30 00:00:00,0,0,0,-5.205702
2023-09-30 01:00:00,0,0,0,-5.046249
2023-09-30 02:00:00,0,0,0,-5.06949
2023-09-30 03:00:00,0,0,0,-5.089855
2023-09-30 04:00:00,0,0,0,-5.074116
2023-09-30 05:00:00,0,0,0,-5.069345
2023-09-30 06:00:00,0,0,0,-5.633408
2023-09-30 07:00:00,7.677083,0,7.66622,0.2914408
2023-09-30 08:00:00,54.4519,0,51.46545,44.18918
2023-09-30 09:00:00,112.1718,0,102.3687,95.83524
2023-09-30 10:00:00,192.5503,0,177.2174,171.2239
2023-09-30 11:00:00,461.4586,0,409.8352,408.4033
2023-09-30 12:00:00,458.6616,0,417.007,408.2832
2023-09-30 13:00:00,466.2658,0,416.9556,408.4007
2023-09-30 14:00:00,496.4448,0,479.8792,479.5962
2023-09-30 15:00:00,372.4399,0,319.1203,320.3334
2023-09-30 16:00:00,172.8979,0,151.0967,145.6561
2023-09-30 17:00:00,81.43607,0,67.74026,60.51812
2023-09-30 18:00:00,23.47282,0,15.95083,8.431701
2023-09-30 19:00:00,0.2523113,0,0,-6.032403
2023-09-30 20:00:00,0,0,0,-5.132224
2023-09-30 21:00:00,0,0,0,-5.128054
2023-09-30 22:00:00,0,0,0,-5.180777
2023-09-30 23:00:00,0,0,0,-5.119665
