"Mariposa Solar Center, LLC",Unnamed: 1,Unnamed: 2,Unnamed: 3,Unnamed: 4,Unnamed: 5
,,,,,
Timestamp,POA*,"TMEIC - 1, Active Power P","TMEIC - 2, Active Power P","TMEIC - 3, Active Power P",Production meter active power
,W/mÂ²,kW,kW,kW,kW
2023-09-01 00:00:00,0,0,0,0,-9.599999
2023-09-01 01:00:00,0,0,0,0,-9.599999
2023-09-01 02:00:00,0,0,0,0,-9.599999
2023-09-01 03:00:00,0,0,0,0,-9.599999
2023-09-01 04:00:00,0,0,0,0,-9.599999
2023-09-01 05:00:00,0,0,0,0,-9.599999
2023-09-01 06:00:00,0.266116,0,0,0,-9.599999
2023-09-01 07:00:00,57.12532,75.88496,83.2374,83.22911,244.8956
2023-09-01 08:00:00,267.5634,470.7064,483.9481,472.5896,1428.349
2023-09-01 09:00:00,514.202,920.636,942.1044,926.4053,2787.022
2023-09-01 10:00:00,742.912,1266.625,1292.65,1278.332,3824.314
2023-09-01 11:00:00,907.6415,1485.522,1507.766,1488.467,4448.396
2023-09-01 12:00:00,1012.144,1589.333,1628.956,1618.543,4796.843
2023-09-01 13:00:00,1036.972,1602.909,1636.462,1621.717,4818.8
2023-09-01 14:00:00,934.1438,1439.082,1488.522,1480.809,4386.624
2023-09-01 15:00:00,872.527,1356.936,1390.598,1380.995,4091.728
2023-09-01 16:00:00,670.837,1050.29,1082.188,1073.931,3176.238
2023-09-01 17:00:00,439.0472,643.1756,668.1743,658.8329,1976.028
2023-09-01 18:00:00,205.8144,237.3641,253.7402,251.7061,733.9824
2023-09-01 19:00:00,16.87254,14.06385,15.05812,14.855,50.6931
2023-09-01 20:00:00,0,0,0,0,-9.599999
2023-09-01 21:00:00,0,0,0,0,-9.599999
2023-09-01 22:00:00,0,0,0,0,-9.599999
2023-09-01 23:00:00,0,0,0,0,-9.599999
2023-09-02 00:00:00,0,0,0,0,-9.599999
2023-09-02 01:00:00,0,0,0,0,-9.599999
2023-09-02 02:00:00,0,0,0,0,-9.599999
2023-09-02 03:00:00,0,0,0,0,-9.599999
2023-09-02 04:00:00,0,0,0,0,-9.599999
2023-09-02 05:00:00,0,0,0,0,-9.599999
2023-09-02 06:00:00,0.04729538,0,0,0,-9.599999
2023-09-02 07:00:00,38.71576,59.24515,62.84536,61.65168,184.0541
2023-09-02 08:00:00,273.9166,483.7047,502.1883,492.864,1481.168
2023-09-02 09:00:00,463.9125,811.661,836.4105,827.3873,2476.546
2023-09-02 10:00:00,731.3668,1239.779,1266.814,1252.293,3751.707
2023-09-02 11:00:00,906.2591,1457.162,1487.746,1474.497,4394.146
2023-09-02 12:00:00,1013.43,1560.074,1598.084,1593.269,4709.041
2023-09-02 13:00:00,1044.051,1567.899,1602.675,1595.552,4721.081
2023-09-02 14:00:00,994.1285,1492.984,1526.422,1519.719,4498.623
2023-09-02 15:00:00,867.7824,1328.282,1361.786,1351.844,4006.46
2023-09-02 16:00:00,683.0461,1055.643,1085.976,1076.995,3191.282
2023-09-02 17:00:00,452.9129,668.0386,694.1871,687.8892,2034.778
2023-09-02 18:00:00,204.2249,230.2051,246.2481,244.4047,711.8363
2023-09-02 19:00:00,18.72663,16.93268,19.96957,19.67321,65.03508
2023-09-02 20:00:00,0,0,0,0,-9.599999
2023-09-02 21:00:00,0,0,0,0,-9.599999
2023-09-02 22:00:00,0,0,0,0,-9.599999
2023-09-02 23:00:00,0,0,0,0,-9.599999
2023-09-03 00:00:00,0,0,0,0,-9.599999
2023-09-03 01:00:00,0,0,0,0,-9.599999
2023-09-03 02:00:00,0,0,0,0,-9.599999
2023-09-03 03:00:00,0,0,0,0,-9.599999
2023-09-03 04:00:00,0,0,0,0,-9.599999
2023-09-03 05:00:00,0,0,0,0,-9.599999
2023-09-03 06:00:00,0.2030046,0,0,0,-9.599999
2023-09-03 07:00:00,56.93152,72.27361,79.57133,79.30473,228.4312
2023-09-03 08:00:00,254.3916,452.5125,466.7583,455.4317,1374.509
2023-09-03 09:00:00,500.5439,888.2214,909.1682,893.2962,2687.83
2023-09-03 10:00:00,719.5441,1211.791,1240.824,1227.705,3664.657
2023-09-03 11:00:00,884.7913,1402.175,1435.469,1424.228,4234.11
2023-09-03 12:00:00,938.6423,1344.555,1363.036,1342.633,4008.292
2023-09-03 13:00:00,1023.043,1452.642,1502.99,1477.516,4414.377
2023-09-03 14:00:00,969.5406,1439.415,1474.005,1464.657,4338.508
2023-09-03 15:00:00,845.003,1276.139,1307.145,1298.498,3847.483
2023-09-03 16:00:00,657.6904,1001.523,1030.276,1020.143,3025.584
2023-09-03 17:00:00,426.7538,620.2042,644.2074,638.2984,1887.14
2023-09-03 18:00:00,186.4256,212.464,227.1793,225.7777,660.2959
2023-09-03 19:00:00,18.34681,18.44944,21.48274,21.20465,66.71282
2023-09-03 20:00:00,0,0,0,0,-9.599999
2023-09-03 21:00:00,0,0,0,0,-9.599999
2023-09-03 22:00:00,0,0,0,0,-9.599999
2023-09-03 23:00:00,0,0,0,0,-9.599999
2023-09-04 00:00:00,0,0,0,0,-9.599999
2023-09-04 01:00:00,0,0,0,0,-9.599999
2023-09-04 02:00:00,0,0,0,0,-9.599999
2023-09-04 03:00:00,0,0,0,0,-9.599999
2023-09-04 04:00:00,0,0,0,0,-9.599999
2023-09-04 05:00:00,0,0,0,0,-9.599999
2023-09-04 06:00:00,0.08358315,0,0,0,-9.599999
2023-09-04 07:00:00,51.8192,67.5646,74.23516,73.93976,211.4174
2023-09-04 08:00:00,248.6397,430.4176,443.9374,433.3106,1306.634
2023-09-04 09:00:00,487.0663,858.8683,879.5812,864.5135,2597.364
2023-09-04 10:00:00,707.2311,1184.523,1212.693,1200.173,3579.613
2023-09-04 11:00:00,872.9287,1382.995,1417.894,1406.793,4175.921
2023-09-04 12:00:00,757.6624,1191.248,1174.349,1150.903,3468.043
2023-09-04 13:00:00,686.5577,1135.778,1131.575,1093.551,3308.941
2023-09-04 14:00:00,938.8826,1415.391,1440.993,1428.328,4244.628
2023-09-04 15:00:00,835.7708,1263.153,1298.921,1292.436,3819.24
2023-09-04 16:00:00,655.8509,995.4227,1027.771,1019.131,3017.67
2023-09-04 17:00:00,429.0847,622.2538,647.1287,641.1002,1893.161
2023-09-04 18:00:00,189.18,211.2338,226.5006,225.0375,653.3219
2023-09-04 19:00:00,17.12107,16.19575,17.35172,17.09735,58.92225
2023-09-04 20:00:00,0,0,0,0,-9.599999
2023-09-04 21:00:00,0,0,0,0,-9.599999
2023-09-04 22:00:00,0,0,0,0,-9.599999
2023-09-04 23:00:00,0,0,0,0,-9.599999
2023-09-05 00:00:00,0,0,0,0,-9.599999
2023-09-05 01:00:00,0,0,0,0,-9.599999
2023-09-05 02:00:00,0,0,0,0,-9.599999
2023-09-05 03:00:00,0,0,0,0,-9.599999
2023-09-05 04:00:00,0,0,0,0,-9.599999
2023-09-05 05:00:00,0,0,0,0,-9.599999
2023-09-05 06:00:00,0.1162926,0,0,0,-9.599999
2023-09-05 07:00:00,47.66685,61.44963,67.15275,68.47178,189.0735
2023-09-05 08:00:00,247.3685,430.6055,444.2134,433.3386,1304.883
2023-09-05 09:00:00,511.4059,887.5531,909.4701,893.8444,2682.516
2023-09-05 10:00:00,709.4404,1165.265,1201.4,1190.535,3550.912
2023-09-05 11:00:00,873.6219,1370.434,1406.909,1397.189,4142.311
2023-09-05 12:00:00,964.2441,1476.936,1495.172,1485.618,4407.313
2023-09-05 13:00:00,940.6531,1441.01,1484.108,1461.754,4330.721
2023-09-05 14:00:00,948.5747,1393.814,1424.766,1413.156,4183.303
2023-09-05 15:00:00,796.9783,1225.825,1249.977,1243.699,3680.853
2023-09-05 16:00:00,624.3774,973.5984,1002.106,994.5113,2937.557
2023-09-05 17:00:00,456.4326,658.8795,684.1082,677.3406,2002.389
2023-09-05 18:00:00,178.4642,202.1887,217.3519,215.7059,625.6067
2023-09-05 19:00:00,6.026181,1.992028,3.84602,3.693022,19.48967
2023-09-05 20:00:00,0,0,0,0,-9.599999
2023-09-05 21:00:00,0,0,0,0,-9.599999
2023-09-05 22:00:00,0,0,0,0,-9.599999
2023-09-05 23:00:00,0,0,0,0,-9.599999
2023-09-06 00:00:00,0,0,0,0,-9.599999
2023-09-06 01:00:00,0,0,0,0,-9.599999
2023-09-06 02:00:00,0,0,0,0,-9.599999
2023-09-06 03:00:00,0,0,0,0,-9.599999
2023-09-06 04:00:00,0,0,0,0,-9.599999
2023-09-06 05:00:00,0,0,0,0,-9.599999
2023-09-06 06:00:00,0.03517206,0,0,0,-9.599999
2023-09-06 07:00:00,48.45448,63.3185,69.92193,69.36957,195.1318
2023-09-06 08:00:00,240.4671,413.2398,427.7362,417.7015,1256.093
2023-09-06 09:00:00,476.6712,829.8154,852.6248,838.5953,2515.675
2023-09-06 10:00:00,696.5348,1153.52,1182.62,1168.484,3487.876
2023-09-06 11:00:00,860.2736,1338.891,1371.391,1361.858,4042.202
2023-09-06 12:00:00,841.8483,1355.738,1350.082,1302.828,3956.496
2023-09-06 13:00:00,914.6724,1211.431,1283.962,1273.203,3734.086
2023-09-06 14:00:00,932.9224,1323.176,1384.85,1359.318,4031.286
2023-09-06 15:00:00,355.9719,534.6015,553.2562,553.9753,1619.624
2023-09-06 16:00:00,736.6304,1122.737,1156.633,1141.539,3391.941
2023-09-06 17:00:00,406.8629,587.0277,610.9428,603.0899,1784.404
2023-09-06 18:00:00,147.1266,174.8708,184.2081,178.3756,530.4248
2023-09-06 19:00:00,14.13654,18.99204,20.24184,19.84733,57.53736
2023-09-06 20:00:00,0,0,0,0,-9.599999
2023-09-06 21:00:00,0,0,0,0,-9.599999
2023-09-06 22:00:00,0,0,0,0,-9.599999
2023-09-06 23:00:00,0,0,0,0,-9.599999
2023-09-07 00:00:00,0,0,0,0,-9.599999
2023-09-07 01:00:00,0,0,0,0,-9.599999
2023-09-07 02:00:00,0,0,0,0,-9.599999
2023-09-07 03:00:00,0,0,0,0,-9.599999
2023-09-07 04:00:00,0,0,0,0,-9.599999
2023-09-07 05:00:00,0,0,0,0,-9.599999
2023-09-07 06:00:00,0.002941578,0,0,0,-9.599999
2023-09-07 07:00:00,27.26484,40.1175,41.5147,40.94068,114.6273
2023-09-07 08:00:00,73.90709,118.5044,122.5679,120.6076,356.0416
2023-09-07 09:00:00,453.8702,809.6921,834.1534,821.3628,2460.741
2023-09-07 10:00:00,698.5402,1158.043,1189.189,1176.303,3508.955
2023-09-07 11:00:00,861.6351,1348.857,1384.271,1371.348,4076.708
2023-09-07 12:00:00,964.1784,1428.968,1469.772,1457.391,4316.077
2023-09-07 13:00:00,981.3209,1421.958,1455.995,1453.443,4294.137
2023-09-07 14:00:00,899.7972,1362.635,1385.334,1360.558,4081.687
2023-09-07 15:00:00,768.3414,1160.214,1188.404,1186.954,3508.318
2023-09-07 16:00:00,637.7959,914.765,951.112,977.8726,2832.624
2023-09-07 17:00:00,364.9702,524.2337,550.7787,550.7666,1615.659
2023-09-07 18:00:00,21.17189,30.14257,31.11894,30.51678,85.12522
2023-09-07 19:00:00,0.3295401,0,0,0,-9.599999
2023-09-07 20:00:00,0.1999246,0,0,0,-9.599999
2023-09-07 21:00:00,0,0,0,0,-9.599999
2023-09-07 22:00:00,0,0,0,0,-9.599999
2023-09-07 23:00:00,0,0,0,0,-9.599999
2023-09-08 00:00:00,0,0,0,0,-9.599999
2023-09-08 01:00:00,0,0,0,0,-9.599999
2023-09-08 02:00:00,0,0,0,0,-9.599999
2023-09-08 03:00:00,0,0,0,0,-9.599999
2023-09-08 04:00:00,0,0,0,0,-9.599999
2023-09-08 05:00:00,0,0,0,0,-9.599999
2023-09-08 06:00:00,0.09636863,0,0,0,-9.599999
2023-09-08 07:00:00,50.26329,71.24019,78.89993,78.03082,221.9074
2023-09-08 08:00:00,264.304,479.576,496.2289,485.3663,1461.336
2023-09-08 09:00:00,479.0864,848.9813,872.0494,857.9494,2575.134
2023-09-08 10:00:00,733.0073,1221.754,1248.456,1234.094,3688.744
2023-09-08 11:00:00,913.2262,1448.501,1482.62,1478.732,4376.501
2023-09-08 12:00:00,932.7977,1435.744,1474.203,1466.615,4339.17
2023-09-08 13:00:00,871.5234,1361.764,1403.021,1392.515,4088.033
2023-09-08 14:00:00,953.1699,1419.203,1431.739,1423.81,4242.543
2023-09-08 15:00:00,620.9827,1042.333,1040.101,966.0887,2933.879
2023-09-08 16:00:00,490.5302,756.9774,784.946,773.2687,2301.247
2023-09-08 17:00:00,226.0594,325.3531,340.2258,338.9335,999.2831
2023-09-08 18:00:00,68.6542,89.64635,98.84946,99.70029,277.5779
2023-09-08 19:00:00,15.79102,20.37526,21.67001,21.32524,64.61578
2023-09-08 20:00:00,1.530645,0,0,0,-9.599999
2023-09-08 21:00:00,0,0,0,0,-9.599999
2023-09-08 22:00:00,0,0,0,0,-9.599999
2023-09-08 23:00:00,0,0,0,0,-9.599999
2023-09-09 00:00:00,0,0,0,0,-9.599999
2023-09-09 01:00:00,0,0,0,0,-9.599999
2023-09-09 02:00:00,0,0,0,0,-9.599999
2023-09-09 03:00:00,0,0,0,0,-9.599999
2023-09-09 04:00:00,0,0,0,0,-9.599999
2023-09-09 05:00:00,0,0,0,0,-9.599999
2023-09-09 06:00:00,0.06115696,0,0,0,-9.599999
2023-09-09 07:00:00,19.26523,19.11638,22.89166,22.73944,55.89248
2023-09-09 08:00:00,107.6427,177.1042,183.419,181.8892,538.2977
2023-09-09 09:00:00,117.4009,195.9488,203.6083,199.6703,595.2815
2023-09-09 10:00:00,279.1658,465.1389,483.3274,476.5584,1422.227
2023-09-09 11:00:00,603.5496,990.6794,999.6489,967.0598,2964.001
2023-09-09 12:00:00,438.7484,692.5443,710.3075,726.0289,2110.944
2023-09-09 13:00:00,360.8442,616.274,635.5405,624.1933,1869.47
2023-09-09 14:00:00,761.9764,1189.36,1220.511,1215.405,3602.288
2023-09-09 15:00:00,312.8192,493.6638,510.334,502.3532,1496.197
2023-09-09 16:00:00,126.4415,218.0189,229.2444,227.0425,666.534
2023-09-09 17:00:00,229.0238,368.4998,384.8038,378.8286,1122.98
2023-09-09 18:00:00,59.92347,106.7692,112.2801,111.9989,322.5594
2023-09-09 19:00:00,9.006133,19.7585,20.08143,19.56447,55.3709
2023-09-09 20:00:00,0,0,0,0,-9.599999
2023-09-09 21:00:00,0,0,0,0,-9.599999
2023-09-09 22:00:00,0,0,0,0,-9.599999
2023-09-09 23:00:00,0,0,0,0,-9.599999
2023-09-10 00:00:00,0,0,0,0,-9.599999
2023-09-10 01:00:00,0,0,0,0,-9.599999
2023-09-10 02:00:00,0,0,0,0,-9.599999
2023-09-10 03:00:00,0,0,0,0,-9.599999
2023-09-10 04:00:00,0,0,0,0,-9.599999
2023-09-10 05:00:00,0,0,0,0,-9.599999
2023-09-10 06:00:00,0.004223065,0,0,0,-9.599999
2023-09-10 07:00:00,21.88421,21.93042,22.69784,22.45469,58.27284
2023-09-10 08:00:00,112.0107,172.9631,187.1354,187.9911,546.504
2023-09-10 09:00:00,392.98,638.3417,648.2723,648.7634,1922.005
2023-09-10 10:00:00,352.6042,609.0141,600.3541,578.7207,1785.906
2023-09-10 11:00:00,388.8935,630.4182,647.2,651.29,1911.079
2023-09-10 12:00:00,672.6865,1019.478,1067.278,1062.814,3110.939
2023-09-10 13:00:00,877.9236,1311.767,1324.109,1293.916,3917.973
2023-09-10 14:00:00,837.0761,1266.565,1305.425,1258.131,3802.9
2023-09-10 15:00:00,861.4837,1245.85,1273.343,1279.53,3781.666
2023-09-10 16:00:00,644.6128,928.0453,984.1181,999.845,2885.77
2023-09-10 17:00:00,291.4859,446.3028,453.6318,441.7737,1332.652
2023-09-10 18:00:00,69.50813,92.59431,99.34695,99.07244,282.3102
2023-09-10 19:00:00,3.765536,2.396011,2.516455,2.401109,7.020088
2023-09-10 20:00:00,0,0,0,0,-9.599999
2023-09-10 21:00:00,0,0,0,0,-9.599999
2023-09-10 22:00:00,0,0,0,0,-9.599999
2023-09-10 23:00:00,0,0,0,0,-9.599999
2023-09-11 00:00:00,0,0,0,0,-9.599999
2023-09-11 01:00:00,0,0,0,0,-9.599999
2023-09-11 02:00:00,0,0,0,0,-9.599999
2023-09-11 03:00:00,0,0,0,0,-9.599999
2023-09-11 04:00:00,0,0,0,0,-9.599999
2023-09-11 05:00:00,0,0,0,0,-9.599999
2023-09-11 06:00:00,0.02927057,0,0,0,-9.599999
2023-09-11 07:00:00,47.35077,62.5653,70.2215,68.46487,194.4669
2023-09-11 08:00:00,244.1711,432.2189,448.3453,437.1631,1316.266
2023-09-11 09:00:00,487.7591,870.2847,895.3328,879.262,2641.806
2023-09-11 10:00:00,708.6407,1197.127,1228.51,1211.976,3622.823
2023-09-11 11:00:00,882.1063,1407.509,1440.464,1430.283,4251.636
2023-09-11 12:00:00,918.1616,1480.896,1496.65,1459.018,4399.457
2023-09-11 13:00:00,1017.078,1509.307,1561.8,1551.13,4579.748
2023-09-11 14:00:00,849.7537,1325.923,1354.096,1269.031,3909.129
2023-09-11 15:00:00,787.4503,1156.637,1234.166,1208.271,3586.761
2023-09-11 16:00:00,607.1476,937.4312,958.2936,943.0083,2815.275
2023-09-11 17:00:00,421.8731,605.1592,640.264,633.9277,1868.216
2023-09-11 18:00:00,112.6928,133.9586,145.347,144.1609,414.7565
2023-09-11 19:00:00,8.023183,8.062996,9.638425,9.678473,33.7656
2023-09-11 20:00:00,0,0,0,0,-9.599999
2023-09-11 21:00:00,0,0,0,0,-9.599999
2023-09-11 22:00:00,0,0,0,0,-9.599999
2023-09-11 23:00:00,0,0,0,0,-9.599999
2023-09-12 00:00:00,0,0,0,0,-9.599999
2023-09-12 01:00:00,0,0,0,0,-9.599999
2023-09-12 02:00:00,0,0,0,0,-9.599999
2023-09-12 03:00:00,0,0,0,0,-9.599999
2023-09-12 04:00:00,0,0,0,0,-9.599999
2023-09-12 05:00:00,0,0,0,0,-9.599999
2023-09-12 06:00:00,0.04398246,0,0,0,-9.599999
2023-09-12 07:00:00,40.75218,52.39421,57.69754,56.9273,159.6418
2023-09-12 08:00:00,230.4377,387.9601,406.0611,396.436,1191.501
2023-09-12 09:00:00,484.3625,843.3778,867.2849,847.7416,2548.213
2023-09-12 10:00:00,539.2687,878.4638,907.4644,896.4339,2675.146
2023-09-12 11:00:00,715.6189,1125.45,1167.079,1152.171,3420.501
2023-09-12 12:00:00,676.1481,1058.564,1055.245,1038.869,3121.981
2023-09-12 13:00:00,930.2938,1380.896,1408.884,1376.544,4167.551
2023-09-12 14:00:00,737.8426,1112.88,1137.023,1108.377,3327.495
2023-09-12 15:00:00,481.3339,658.9849,725.8544,753.4335,2127.684
2023-09-12 16:00:00,285.3178,470.0294,488.6068,486.3734,1439.162
2023-09-12 17:00:00,34.49233,56.99268,60.8895,58.73765,171.2013
2023-09-12 18:00:00,39.90615,63.81609,66.84496,65.477,213.0976
2023-09-12 19:00:00,17.27973,37.1075,38.59998,38.23206,109.3844
2023-09-12 20:00:00,0,0,0,0,-9.599999
2023-09-12 21:00:00,0,0,0,0,-9.599999
2023-09-12 22:00:00,0,0,0,0,-9.599999
2023-09-12 23:00:00,0,0,0,0,-9.599999
2023-09-13 00:00:00,0,0,0,0,-9.599999
2023-09-13 01:00:00,0,0,0,0,-9.599999
2023-09-13 02:00:00,0,0,0,0,-9.599999
2023-09-13 03:00:00,0,0,0,0,-9.599999
2023-09-13 04:00:00,0,0,0,0,-9.599999
2023-09-13 05:00:00,0,0,0,0,-9.599999
2023-09-13 06:00:00,0,0,0,0,-9.599999
2023-09-13 07:00:00,20.01936,25.54469,28.77756,28.45378,74.37602
2023-09-13 08:00:00,70.32758,116.1298,120.508,119.4232,349.8833
2023-09-13 09:00:00,153.9282,258.103,270.2632,268.3884,791.8381
2023-09-13 10:00:00,278.1548,464.0466,482.846,471.5874,1416.861
2023-09-13 11:00:00,456.7567,743.361,776.1102,773.6989,2293.736
2023-09-13 12:00:00,414.6522,672.2562,690.9991,681.6292,2034.234
2023-09-13 13:00:00,407.0399,663.6273,696.6035,709.3047,2052.72
2023-09-13 14:00:00,924.7411,1409.733,1469.989,1477.875,4321.137
2023-09-13 15:00:00,845.2358,1278.657,1331.738,1331.306,3911.725
2023-09-13 16:00:00,610.0222,901.7504,968.0421,960.9453,2804.315
2023-09-13 17:00:00,285.7147,439.4299,455.2863,442.8596,1320.671
2023-09-13 18:00:00,33.86412,57.8702,61.49131,60.6377,171.1861
2023-09-13 19:00:00,5.120253,7.37434,9.333079,9.005177,23.72004
2023-09-13 20:00:00,0,0,0,0,-9.599999
2023-09-13 21:00:00,0,0,0,0,-9.599999
2023-09-13 22:00:00,0,0,0,0,-9.599999
2023-09-13 23:00:00,0,0,0,0,-9.599999
2023-09-14 00:00:00,0,0,0,0,-9.599999
2023-09-14 01:00:00,0,0,0,0,-9.599999
2023-09-14 02:00:00,0,0,0,0,-9.599999
2023-09-14 03:00:00,0,0,0,0,-9.599999
2023-09-14 04:00:00,0,0,0,0,-9.599999
2023-09-14 05:00:00,0,0,0,0,-9.599999
2023-09-14 06:00:00,0,0,0,0,-9.599999
2023-09-14 07:00:00,23.27726,33.49726,36.6665,36.39605,99.75
2023-09-14 08:00:00,89.86533,144.5078,150.1651,147.4528,437.0012
2023-09-14 09:00:00,378.4568,666.9545,692.2007,663.5562,2010.73
2023-09-14 10:00:00,736.2334,1236.078,1281.139,1277.841,3773.55
2023-09-14 11:00:00,816.6583,1388.526,1412.146,1384.578,4162.89
2023-09-14 12:00:00,545.0178,904.8266,945.705,920.1042,2749.831
2023-09-14 13:00:00,740.1513,1139.335,1196.145,1183.855,3507.774
2023-09-14 14:00:00,783.0582,1206.104,1274.52,1264.521,3759.923
2023-09-14 15:00:00,823.862,1281.87,1323.81,1301.353,3874.358
2023-09-14 16:00:00,579.5906,867.8478,926.6575,923.2883,2698.11
2023-09-14 17:00:00,370.1572,541.0424,571.6439,564.8868,1663.176
2023-09-14 18:00:00,110.0956,140.0872,151.6253,149.2794,431.2027
2023-09-14 19:00:00,4.204702,4.547533,4.86218,4.814467,18.44321
2023-09-14 20:00:00,0,0,0,0,-9.599999
2023-09-14 21:00:00,0,0,0,0,-9.599999
2023-09-14 22:00:00,0,0,0,0,-9.599999
2023-09-14 23:00:00,0,0,0,0,-9.599999
2023-09-15 00:00:00,0,0,0,0,-9.599999
2023-09-15 01:00:00,0,0,0,0,-9.599999
2023-09-15 02:00:00,0,0,0,0,-9.599999
2023-09-15 03:00:00,0,0,0,0,-9.599999
2023-09-15 04:00:00,0,0,0,0,-9.599999
2023-09-15 05:00:00,0,0,0,0,-9.599999
2023-09-15 06:00:00,0,0,0,0,-9.599999
2023-09-15 07:00:00,39.51525,60.67642,69.28419,68.6384,196.8206
2023-09-15 08:00:00,245.8051,429.6024,452.7255,440.6723,1319.822
2023-09-15 09:00:00,443.7595,775.4796,807.0788,791.5399,2373.472
2023-09-15 10:00:00,526.9113,899.3387,936.5503,933.2287,2757.973
2023-09-15 11:00:00,866.7568,1432.407,1476.545,1473.255,4362.199
2023-09-15 12:00:00,986.8903,1554.845,1609.119,1598.96,4728.769
2023-09-15 13:00:00,1015.084,1568.434,1628.095,1621.144,4776.996
2023-09-15 14:00:00,959.7958,1477.557,1528.292,1519.482,4486.5
2023-09-15 15:00:00,829.1212,1286.941,1337.793,1328.524,3920.516
2023-09-15 16:00:00,635.0908,982.5624,1030.181,1022.921,3012.313
2023-09-15 17:00:00,397.8134,575.1962,611.8008,606.5089,1781.74
2023-09-15 18:00:00,151.3607,166.0777,182.6176,181.2033,521.8908
2023-09-15 19:00:00,5.370776,5.894543,6.30328,6.078602,23.01001
2023-09-15 20:00:00,0,0,0,0,-9.599999
2023-09-15 21:00:00,0,0,0,0,-9.599999
2023-09-15 22:00:00,0,0,0,0,-9.599999
2023-09-15 23:00:00,0,0,0,0,-9.599999
2023-09-16 00:00:00,0,0,0,0,-9.599999
2023-09-16 01:00:00,0,0,0,0,-9.599999
2023-09-16 02:00:00,0,0,0,0,-9.599999
2023-09-16 03:00:00,0,0,0,0,-9.599999
2023-09-16 04:00:00,0,0,0,0,-9.599999
2023-09-16 05:00:00,0,0,0,0,-9.599999
2023-09-16 06:00:00,0,0,0,0,-9.599999
2023-09-16 07:00:00,38.03479,56.95439,66.81087,65.99017,187.8215
2023-09-16 08:00:00,241.703,431.1113,454.224,443.521,1329.767
2023-09-16 09:00:00,402.6195,719.7194,739.7385,732.6854,2179.92
2023-09-16 10:00:00,707.0044,1200.883,1240.819,1225.057,3656.731
2023-09-16 11:00:00,812.2792,1320.761,1353.537,1318.632,3996.596
2023-09-16 12:00:00,904.9985,1445.076,1480.901,1448.291,4323.029
2023-09-16 13:00:00,1012.596,1490.099,1532.166,1523.267,4504.592
2023-09-16 14:00:00,865.4972,1324.117,1353.055,1355.13,3998.12
2023-09-16 15:00:00,732.7818,1112.162,1184.767,1188.462,3452.994
2023-09-16 16:00:00,453.8242,708.1366,727.6561,743.8152,2157.469
2023-09-16 17:00:00,282.3646,409.3658,430.7114,438.1158,1254.665
2023-09-16 18:00:00,130.9993,189.2938,201.6049,200.5657,578.9886
2023-09-16 19:00:00,4.520792,7.668588,8.084012,7.851908,24.15385
2023-09-16 20:00:00,0,0,0,0,-9.599999
2023-09-16 21:00:00,0,0,0,0,-9.599999
2023-09-16 22:00:00,0,0,0,0,-9.599999
2023-09-16 23:00:00,0,0,0,0,-9.599999
2023-09-17 00:00:00,0,0,0,0,-9.599999
2023-09-17 01:00:00,0,0,0,0,-9.599999
2023-09-17 02:00:00,0,0,0,0,-9.599999
2023-09-17 03:00:00,0,0,0,0,-9.599999
2023-09-17 04:00:00,0,0,0,0,-9.599999
2023-09-17 05:00:00,0,0,0,0,-9.599999
2023-09-17 06:00:00,0,0,0,0,-9.599999
2023-09-17 07:00:00,11.87035,9.81304,10.2102,10.26888,40.14764
2023-09-17 08:00:00,11.42455,5.573135,5.841218,5.866882,48.69228
2023-09-17 09:00:00,64.56702,112.7798,117.0113,115.9806,339.1462
2023-09-17 10:00:00,210.2043,352.3284,365.7393,356.5845,1074.245
2023-09-17 11:00:00,133.3377,232.7691,240.297,237.4554,705.886
2023-09-17 12:00:00,250.6117,422.379,438.7119,433.7561,1288.349
2023-09-17 13:00:00,97.51798,172.5228,179.2045,178.0653,524.1592
2023-09-17 14:00:00,108.8024,193.2233,201.5824,199.3305,589.8735
2023-09-17 15:00:00,184.1705,310.8953,322.6738,317.8639,947.1772
2023-09-17 16:00:00,144.6757,234.861,247.0076,245.497,725.2208
2023-09-17 17:00:00,51.03873,87.96962,88.87672,84.98842,254.0303
2023-09-17 18:00:00,45.02563,70.01073,74.0938,73.92567,210.3447
2023-09-17 19:00:00,2.221886,1.588163,1.65073,1.652369,2.562567
2023-09-17 20:00:00,0,0,0,0,-9.599999
2023-09-17 21:00:00,0,0,0,0,-9.599999
2023-09-17 22:00:00,0,0,0,0,-9.599999
2023-09-17 23:00:00,0,0,0,0,-9.599999
2023-09-18 00:00:00,0,0,0,0,-9.599999
2023-09-18 01:00:00,0,0,0,0,-9.599999
2023-09-18 02:00:00,0,0,0,0,-9.599999
2023-09-18 03:00:00,0,0,0,0,-9.599999
2023-09-18 04:00:00,0,0,0,0,-9.599999
2023-09-18 05:00:00,0,0,0,0,-9.599999
2023-09-18 06:00:00,0,0,0,0,-9.599999
2023-09-18 07:00:00,38.14673,55.11699,64.04334,63.12802,179.3805
2023-09-18 08:00:00,242.1326,428.9955,452.2302,424.7812,1303.336
2023-09-18 09:00:00,490.1274,881.3383,915.8801,889.8409,2686.391
2023-09-18 10:00:00,716.5485,1224.709,1272.164,1259.021,3744.634
2023-09-18 11:00:00,889.5115,1453.207,1508.81,1495.879,4433.161
2023-09-18 12:00:00,994.4039,1569.138,1599.01,1605.458,4715.014
2023-09-18 13:00:00,781.9925,1240.131,1236.376,1207.989,3596.113
2023-09-18 14:00:00,772.4645,1295.507,1289.077,1245.462,3774.4
2023-09-18 15:00:00,652.2939,1002.82,1027.946,1014.271,3039.957
2023-09-18 16:00:00,549.8315,887.8259,937.0482,905.7756,2713.782
2023-09-18 17:00:00,392.5334,562.4036,604.6321,599.9161,1755.845
2023-09-18 18:00:00,128.0701,146.4406,161.855,160.4447,460.3968
2023-09-18 19:00:00,4.572651,4.181305,4.487485,4.2842,16.39841
2023-09-18 20:00:00,0,0,0,0,-9.599999
2023-09-18 21:00:00,0,0,0,0,-9.599999
2023-09-18 22:00:00,0,0,0,0,-9.599999
2023-09-18 23:00:00,0,0,0,0,-9.599999
2023-09-19 00:00:00,0,0,0,0,-9.599999
2023-09-19 01:00:00,0,0,0,0,-9.599999
2023-09-19 02:00:00,0,0,0,0,-9.599999
2023-09-19 03:00:00,0,0,0,0,-9.599999
2023-09-19 04:00:00,0,0,0,0,-9.599999
2023-09-19 05:00:00,0,0,0,0,-9.599999
2023-09-19 06:00:00,0,0,0,0,-9.599999
2023-09-19 07:00:00,37.03516,53.8228,64.14471,62.83281,178.9087
2023-09-19 08:00:00,191.5591,287.1429,331.5282,346.7448,969.4637
2023-09-19 09:00:00,380.2489,679.5338,680.4742,679.6349,2029.408
2023-09-19 10:00:00,720.989,1213.395,1260.785,1247.259,3714.184
2023-09-19 11:00:00,889.1428,1421.395,1473.783,1461.627,4335.904
2023-09-19 12:00:00,975.2446,1520.589,1570.415,1543.972,4605.233
2023-09-19 13:00:00,871.981,1282.782,1274.197,1278.249,3813.732
2023-09-19 14:00:00,625.3777,928.2195,979.1721,987.6744,2882.185
2023-09-19 15:00:00,680.756,1011.13,1058.847,1024.729,3074.529
2023-09-19 16:00:00,528.8956,825.7965,848.7566,833.4139,2494.604
2023-09-19 17:00:00,229.7217,330.6263,341.512,348.8177,1015.781
2023-09-19 18:00:00,137.9147,175.8766,192.1313,193.2816,552.3632
2023-09-19 19:00:00,6.72875,7.913228,8.484463,8.319535,24.32998
2023-09-19 20:00:00,0,0,0,0,-9.599999
2023-09-19 21:00:00,0,0,0,0,-9.599999
2023-09-19 22:00:00,0,0,0,0,-9.599999
2023-09-19 23:00:00,0,0,0,0,-9.599999
2023-09-20 00:00:00,0,0,0,0,-9.599999
2023-09-20 01:00:00,0,0,0,0,-9.599999
2023-09-20 02:00:00,0,0,0,0,-9.599999
2023-09-20 03:00:00,0,0,0,0,-9.599999
2023-09-20 04:00:00,0,0,0,0,-9.599999
2023-09-20 05:00:00,0,0,0,0,-9.599999
2023-09-20 06:00:00,0,0,0,0,-9.599999
2023-09-20 07:00:00,13.94937,14.89943,15.6758,15.62902,40.83667
2023-09-20 08:00:00,71.95545,117.0293,122.2396,120.9317,354.7675
2023-09-20 09:00:00,224.9639,367.8632,390.0832,389.2785,1146.302
2023-09-20 10:00:00,411.3823,650.7407,690.0416,685.1459,2023.419
2023-09-20 11:00:00,683.6503,1016.702,1080.771,1083.262,3172.037
2023-09-20 12:00:00,810.0547,1151.584,1208.412,1200.264,3533.1
2023-09-20 13:00:00,599.2991,939.2115,967.3964,928.2476,2807.68
2023-09-20 14:00:00,856.3586,1251.398,1296.972,1284.573,3803.579
2023-09-20 15:00:00,413.1589,681.8745,708.7464,676.5172,2050.506
2023-09-20 16:00:00,558.4813,845.3647,895.2491,888.563,2614.552
2023-09-20 17:00:00,307.0359,453.1129,485.5941,479.9765,1405.35
2023-09-20 18:00:00,131.5616,173.0244,186.8418,184.2298,536.1871
2023-09-20 19:00:00,3.538363,2.984465,3.113875,2.972137,9.786923
2023-09-20 20:00:00,0,0,0,0,-9.599999
2023-09-20 21:00:00,0,0,0,0,-9.599999
2023-09-20 22:00:00,0,0,0,0,-9.599999
2023-09-20 23:00:00,0,0,0,0,-9.599999
2023-09-21 00:00:00,0,0,0,0,-9.599999
2023-09-21 01:00:00,0,0,0,0,-9.599999
2023-09-21 02:00:00,0,0,0,0,-9.599999
2023-09-21 03:00:00,0,0,0,0,-9.599999
2023-09-21 04:00:00,0,0,0,0,-9.599999
2023-09-21 05:00:00,0,0,0,0,-9.599999
2023-09-21 06:00:00,0,0,0,0,-9.599999
2023-09-21 07:00:00,15.58772,20.44396,21.74014,21.60894,59.88712
2023-09-21 08:00:00,157.1953,282.3448,295.2838,287.8805,865.046
2023-09-21 09:00:00,460.4638,810.827,852.983,841.6367,2507.479
2023-09-21 10:00:00,692.3766,1164.616,1216.242,1203.895,3574.653
2023-09-21 11:00:00,865.8571,1388.104,1443.249,1422.553,4232.387
2023-09-21 12:00:00,917.0203,1443.126,1463.959,1448.338,4327.887
2023-09-21 13:00:00,600.4583,887.3981,969.1423,979.8165,2810.637
2023-09-21 14:00:00,436.8173,683.2977,717.8782,708.8078,2096.26
2023-09-21 15:00:00,343.3447,537.6234,560.9415,554.6364,1643.342
2023-09-21 16:00:00,323.0858,502.852,525.275,517.886,1537.714
2023-09-21 17:00:00,356.6787,485.4422,525.5723,525.0717,1527.309
2023-09-21 18:00:00,118.6439,138.4475,153.2522,151.1517,435.0357
2023-09-21 19:00:00,3.858274,4.0079,4.293085,4.14658,9.558521
2023-09-21 20:00:00,0,0,0,0,-9.599999
2023-09-21 21:00:00,0,0,0,0,-9.599999
2023-09-21 22:00:00,0,0,0,0,-9.599999
2023-09-21 23:00:00,0,0,0,0,-9.599999
2023-09-22 00:00:00,0,0,0,0,-9.599999
2023-09-22 01:00:00,0,0,0,0,-9.599999
2023-09-22 02:00:00,0,0,0,0,-9.599999
2023-09-22 03:00:00,0,0,0,0,-9.599999
2023-09-22 04:00:00,0,0,0,0,-9.599999
2023-09-22 05:00:00,0,0,0,0,-9.599999
2023-09-22 06:00:00,0,0,0,0,-9.599999
2023-09-22 07:00:00,29.62118,44.92955,53.00137,52.06299,142.3236
2023-09-22 08:00:00,156.6085,247.482,279.4731,275.1469,801.5343
2023-09-22 09:00:00,491.1538,828.6731,901.2612,887.2742,2636.115
2023-09-22 10:00:00,418.6767,701.21,780.8124,771.4581,2261.736
2023-09-22 11:00:00,834.2723,1378.724,1422.344,1427.261,4221.652
2023-09-22 12:00:00,943.808,1458.239,1478.434,1477.417,4387.062
2023-09-22 13:00:00,979.6807,1477.405,1512.121,1520.102,4471.708
2023-09-22 14:00:00,946.987,1497.983,1563.168,1562.212,4569.025
2023-09-22 15:00:00,788.2069,1240.39,1292.975,1282.994,3795.297
2023-09-22 16:00:00,626.6589,957.0369,1019.802,1007.283,2979.722
2023-09-22 17:00:00,412.6464,605.644,647.464,645.4478,1888.22
2023-09-22 18:00:00,162.5665,213.59,233.6344,231.3912,671.2091
2023-09-22 19:00:00,8.889371,9.017853,9.61061,9.36938,26.48955
2023-09-22 20:00:00,0,0,0,0,-9.599999
2023-09-22 21:00:00,0,0,0,0,-9.599999
2023-09-22 22:00:00,0,0,0,0,-9.599999
2023-09-22 23:00:00,0,0,0,0,-9.599999
2023-09-23 00:00:00,0,0,0,0,-9.599999
2023-09-23 01:00:00,0,0,0,0,-9.599999
2023-09-23 02:00:00,0,0,0,0,-9.599999
2023-09-23 03:00:00,0,0,0,0,-9.599999
2023-09-23 04:00:00,0,0,0,0,-9.599999
2023-09-23 05:00:00,0,0,0,0,-9.599999
2023-09-23 06:00:00,0,0,0,0,-9.599999
2023-09-23 07:00:00,13.86318,18.51243,19.19149,18.98494,48.15039
2023-09-23 08:00:00,43.06631,77.31783,80.51577,80.0287,231.145
2023-09-23 09:00:00,118.8586,209.1652,217.0562,213.9189,636.1954
2023-09-23 10:00:00,288.4851,494.4145,515.2214,511.8922,1522.014
2023-09-23 11:00:00,409.4543,664.5079,691.2678,683.2321,2041.704
2023-09-23 12:00:00,546.6719,857.808,879.4629,858.8036,2582.678
2023-09-23 13:00:00,325.4102,524.3907,545.6865,534.9838,1601.916
2023-09-23 14:00:00,180.0392,298.1906,311.0553,308.264,912.4824
2023-09-23 15:00:00,261.2303,430.9698,448.4959,445.0142,1319.597
2023-09-23 16:00:00,229.9299,368.5775,384.9364,381.2444,1129.728
2023-09-23 17:00:00,100.1987,164.1459,171.0261,171.6167,497.8834
2023-09-23 18:00:00,28.07923,42.55224,44.24791,43.57381,133.5553
2023-09-23 19:00:00,2.057749,0,0,0,-0.8204052
2023-09-23 20:00:00,0,0,0,0,-9.599999
2023-09-23 21:00:00,0,0,0,0,-9.599999
2023-09-23 22:00:00,0,0,0,0,-9.599999
2023-09-23 23:00:00,0,0,0,0,-9.599999
2023-09-24 00:00:00,0,0,0,0,-9.599999
2023-09-24 01:00:00,0,0,0,0,-9.599999
2023-09-24 02:00:00,0,0,0,0,-9.599999
2023-09-24 03:00:00,0,0,0,0,-9.599999
2023-09-24 04:00:00,0,0,0,0,-9.599999
2023-09-24 05:00:00,0,0,0,0,-9.599999
2023-09-24 06:00:00,0,0,0,0,-9.599999
2023-09-24 07:00:00,32.66436,46.72256,59.61311,56.70537,160.359
2023-09-24 08:00:00,241.5773,414.6396,442.9683,436.4352,1294.684
2023-09-24 09:00:00,479.9951,852.3008,890.1509,879.5068,2621.725
2023-09-24 10:00:00,678.6897,1175.144,1190.456,1172.955,3528.004
2023-09-24 11:00:00,754.3715,1139.992,1186.966,1191.195,3501.323
2023-09-24 12:00:00,526.8823,801.9806,801.0838,779.1823,2363.527
2023-09-24 13:00:00,883.8149,1218.204,1312.634,1321.586,3823.773
2023-09-24 14:00:00,926.0955,1110.603,1222.962,1348.143,3596.725
2023-09-24 15:00:00,668.9462,920.5319,974.6609,986.8855,2857.816
2023-09-24 16:00:00,532.0874,842.5607,873.0206,851.1168,2547.171
2023-09-24 17:00:00,315.6712,457.9887,470.6177,452.3722,1378.55
2023-09-24 18:00:00,120.1376,120.0486,137.6359,135.0011,390.0282
2023-09-24 19:00:00,0.696653,0,0,0,-5.063351
2023-09-24 20:00:00,0,0,0,0,-9.599999
2023-09-24 21:00:00,0,0,0,0,-9.599999
2023-09-24 22:00:00,0,0,0,0,-9.599999
2023-09-24 23:00:00,0,0,0,0,-9.599999
2023-09-25 00:00:00,0,0,0,0,-9.599999
2023-09-25 01:00:00,0,0,0,0,-9.599999
2023-09-25 02:00:00,0,0,0,0,-9.599999
2023-09-25 03:00:00,0,0,0,0,-9.599999
2023-09-25 04:00:00,0,0,0,0,-9.599999
2023-09-25 05:00:00,0,0,0,0,-9.599999
2023-09-25 06:00:00,0,0,0,0,-9.599999
2023-09-25 07:00:00,30.16928,41.36032,51.49191,50.57398,137.749
2023-09-25 08:00:00,144.7456,248.3461,263.2495,263.723,782.0341
2023-09-25 09:00:00,426.0628,758.5674,793.8215,779.399,2327.651
2023-09-25 10:00:00,703.8783,1160.364,1216.942,1216.964,3557.421
2023-09-25 11:00:00,924.3442,1390.726,1459.494,1447.525,4286.412
2023-09-25 12:00:00,931.9652,1392.619,1459.238,1464.862,4320.157
2023-09-25 13:00:00,740.8528,1118.226,1155.307,1145.357,3396.762
2023-09-25 14:00:00,617.3267,948.6833,985.4062,984.7501,2890.695
2023-09-25 15:00:00,668.006,1019.92,1059.117,1026.395,3093.225
2023-09-25 16:00:00,549.912,819.6619,860.8721,851.8691,2514.4
2023-09-25 17:00:00,332.4092,462.1867,497.3292,496.4489,1440.754
2023-09-25 18:00:00,78.8975,99.34599,109.7742,112.2437,317.9783
2023-09-25 19:00:00,1.236886,0,0,0,-2.121235
2023-09-25 20:00:00,0,0,0,0,-9.599999
2023-09-25 21:00:00,0,0,0,0,-9.599999
2023-09-25 22:00:00,0,0,0,0,-9.599999
2023-09-25 23:00:00,0,0,0,0,-9.599999
2023-09-26 00:00:00,0,0,0,0,-9.599999
2023-09-26 01:00:00,0,0,0,0,-9.599999
2023-09-26 02:00:00,0,0,0,0,-9.599999
2023-09-26 03:00:00,0,0,0,0,-9.599999
2023-09-26 04:00:00,0,0,0,0,-9.599999
2023-09-26 05:00:00,0,0,0,0,-9.599999
2023-09-26 06:00:00,0,0,0,0,-9.599999
2023-09-26 07:00:00,11.01825,9.888245,10.33803,10.26527,31.54942
2023-09-26 08:00:00,72.99934,119.3459,125.4334,124.8005,363.6338
2023-09-26 09:00:00,156.9819,255.207,268.4569,266.3882,787.8495
2023-09-26 10:00:00,300.871,526.2725,542.3602,499.7339,1563.7
2023-09-26 11:00:00,425.6371,658.91,684.2302,682.7376,2022.217
2023-09-26 12:00:00,459.824,731.3986,769.1658,763.1572,2262.922
2023-09-26 13:00:00,510.3655,777.232,811.321,811.4777,2388.631
2023-09-26 14:00:00,414.667,617.4117,664.0176,672.8857,1954.927
2023-09-26 15:00:00,255.2543,417.98,432.2679,436.9062,1274.622
2023-09-26 16:00:00,297.3217,461.5575,480.6466,482.9725,1415.708
2023-09-26 17:00:00,219.8112,329.5448,352.3249,349.3937,1027.248
2023-09-26 18:00:00,69.41715,104.1801,110.0031,108.8258,318.3839
2023-09-26 19:00:00,2.154547,0,0,0,0.2081368
2023-09-26 20:00:00,0,0,0,0,-9.599999
2023-09-26 21:00:00,0,0,0,0,-9.599999
2023-09-26 22:00:00,0,0,0,0,-9.599999
2023-09-26 23:00:00,0,0,0,0,-9.599999
2023-09-27 00:00:00,0,0,0,0,-9.599999
2023-09-27 01:00:00,0,0,0,0,-9.599999
2023-09-27 02:00:00,0,0,0,0,-9.599999
2023-09-27 03:00:00,0,0,0,0,-9.599999
2023-09-27 04:00:00,0,0,0,0,-9.599999
2023-09-27 05:00:00,0,0,0,0,-9.599999
2023-09-27 06:00:00,0,0,0,0,-9.599999
2023-09-27 07:00:00,7.537695,5.698853,5.948945,5.972713,12.90009
2023-09-27 08:00:00,56.79555,89.53675,93.85181,95.15608,278.9202
2023-09-27 09:00:00,118.213,195.102,204.1337,199.4662,597.2905
2023-09-27 10:00:00,197.1054,315.4822,329.3748,322.5779,969.8469
2023-09-27 11:00:00,215.1402,332.9911,354.3802,372.1391,1060.616
2023-09-27 12:00:00,278.9393,451.1759,467.1503,461.3518,1376.442
2023-09-27 13:00:00,276.5789,439.4398,461.8695,460.816,1358.262
2023-09-27 14:00:00,261.1606,417.6293,438.1744,435.7477,1287.138
2023-09-27 15:00:00,194.3613,311.4963,327.1638,324.9918,959.1735
2023-09-27 16:00:00,142.3423,229.8013,241.4225,239.8331,705.2349
2023-09-27 17:00:00,89.02552,142.93,149.0986,147.4932,432.6242
2023-09-27 18:00:00,21.53028,29.52791,30.9878,30.90551,103.2002
2023-09-27 19:00:00,0.8090618,0,0,0,-7.403462
2023-09-27 20:00:00,0,0,0,0,-9.599999
2023-09-27 21:00:00,0,0,0,0,-9.599999
2023-09-27 22:00:00,0,0,0,0,-9.599999
2023-09-27 23:00:00,0,0,0,0,-9.599999
2023-09-28 00:00:00,0,0,0,0,-9.599999
2023-09-28 01:00:00,0,0,0,0,-9.599999
2023-09-28 02:00:00,0,0,0,0,-9.599999
2023-09-28 03:00:00,0,0,0,0,-9.599999
2023-09-28 04:00:00,0,0,0,0,-9.599999
2023-09-28 05:00:00,0,0,0,0,-9.599999
2023-09-28 06:00:00,0,0,0,0,-9.599999
2023-09-28 07:00:00,8.419525,7.790227,8.104153,8.088263,14.84359
2023-09-28 08:00:00,86.21008,135.0066,144.9505,145.1587,420.5327
2023-09-28 09:00:00,192.5871,305.8245,323.5949,320.9637,950.5352
2023-09-28 10:00:00,281.2527,446.1562,465.1836,460.76,1370.942
2023-09-28 11:00:00,404.8182,646.4052,676.9237,668.9068,1991.355
2023-09-28 12:00:00,540.7739,895.4963,917.0031,906.8718,2708.675
2023-09-28 13:00:00,912.9792,1539.335,1549.028,1493.227,4562.282
2023-09-28 14:00:00,914.1345,1431.063,1484.068,1479.496,4365.676
2023-09-28 15:00:00,796.1058,1226.176,1284.411,1283.662,3766.017
2023-09-28 16:00:00,592.0163,892.6586,945.5068,945.1581,2764.998
2023-09-28 17:00:00,349.441,476.1954,516.6752,517.623,1501.45
2023-09-28 18:00:00,99.56792,101.887,114.9194,114.4096,328.3124
2023-09-28 19:00:00,0.8845667,0,0,0,-3.536747
2023-09-28 20:00:00,0,0,0,0,-9.599999
2023-09-28 21:00:00,0,0,0,0,-9.599999
2023-09-28 22:00:00,0,0,0,0,-9.599999
2023-09-28 23:00:00,0,0,0,0,-9.599999
2023-09-29 00:00:00,0,0,0,0,-9.599999
2023-09-29 01:00:00,0,0,0,0,-9.599999
2023-09-29 02:00:00,0,0,0,0,-9.599999
2023-09-29 03:00:00,0,0,0,0,-9.599999
2023-09-29 04:00:00,0,0,0,0,-9.599999
2023-09-29 05:00:00,0,0,0,0,-9.599999
2023-09-29 06:00:00,0,0,0,0,-9.599999
2023-09-29 07:00:00,12.02912,15.04148,15.18538,15.06437,35.82189
2023-09-29 08:00:00,135.0611,205.991,221.9004,222.4187,650.7626
2023-09-29 09:00:00,380.527,649.3528,687.1763,700.7128,2041.293
2023-09-29 10:00:00,640.7682,1127.75,1183.962,1131.687,3428.959
2023-09-29 11:00:00,836.1213,1394.622,1445.175,1440.997,4254.706
2023-09-29 12:00:00,963.865,1493.569,1552.545,1550.423,4563.727
2023-09-29 13:00:00,983.2107,1495.008,1551.696,1554.959,4567.062
2023-09-29 14:00:00,921.6777,1388.606,1445.102,1446.813,4246.082
2023-09-29 15:00:00,783.5435,1180.512,1233.172,1230.037,3614.189
2023-09-29 16:00:00,577.6647,840.3376,890.1227,862.3337,2585.479
2023-09-29 17:00:00,349.489,464.3915,503.2987,505.2104,1462.869
2023-09-29 18:00:00,99.0357,97.38746,109.5986,109.2053,318.5393
2023-09-29 19:00:00,0.2828077,0,0,0,-6.198756
2023-09-29 20:00:00,0,0,0,0,-9.599999
2023-09-29 21:00:00,0,0,0,0,-9.599999
2023-09-29 22:00:00,0,0,0,0,-9.599999
2023-09-29 23:00:00,0,0,0,0,-9.599999
2023-09-30 00:00:00,0,0,0,0,-9.599999
2023-09-30 01:00:00,0,0,0,0,-9.599999
2023-09-30 02:00:00,0,0,0,0,-9.599999
2023-09-30 03:00:00,0,0,0,0,-9.599999
2023-09-30 04:00:00,0,0,0,0,-9.599999
2023-09-30 05:00:00,0,0,0,0,-9.599999
2023-09-30 06:00:00,0,0,0,0,-9.599999
2023-09-30 07:00:00,27.82084,35.63075,43.0017,41.51313,117.5801
2023-09-30 08:00:00,148.7757,245.9503,257.6921,251.3945,752.0852
2023-09-30 09:00:00,473.0836,818.7038,858.7537,850.6831,2528.352
2023-09-30 10:00:00,682.1083,1163.369,1206.063,1196.189,3553.573
2023-09-30 11:00:00,871.9374,1366.643,1418.778,1410.239,4167
2023-09-30 12:00:00,827.9152,1289.086,1346.12,1334.095,3933.679
2023-09-30 13:00:00,1009.909,1490.606,1552.084,1550.436,4560.88
2023-09-30 14:00:00,668.2222,982.0123,969.092,995.7076,2895.2
2023-09-30 15:00:00,696.9766,1134.6,1161.81,1097.538,3352.503
2023-09-30 16:00:00,566.1639,851.9965,861.8756,886.3929,2570.635
2023-09-30 17:00:00,343.1689,453.0612,491.0816,492.0698,1426.357
2023-09-30 18:00:00,95.05939,91.15699,102.9123,102.551,299.9518
2023-09-30 19:00:00,0.2293374,0,0,0,-6.840828
2023-09-30 20:00:00,0,0,0,0,-9.599999
2023-09-30 21:00:00,0,0,0,0,-9.599999
2023-09-30 22:00:00,0,0,0,0,-9.599999
2023-09-30 23:00:00,0,0,0,0,-9.599999
