Lakeview Solar,Unnamed: 1,Unnamed: 2,Unnamed: 3,Unnamed: 4,Unnamed: 5,Unnamed: 6
,,,,,,
Timestamp,POA*,"TMEIC 2.7MW Inverter 1.1.1, Active Power P","TMEIC 2.7MW Inverter 1.2.1, Active Power P","TMEIC 2.7MW Inverter 1.3.1, Active Power P","TMEIC 2.7MW Inverter 1.4.1, Active Power P",Production meter active power
,W/mÂ²,kW,kW,kW,kW,kW
2023-09-01 00:00:00,0,0,0,0,0,-13.15534
2023-09-01 01:00:00,0,0,0,0,0,-13.295
2023-09-01 02:00:00,0,0,0,0,0,-13.08883
2023-09-01 03:00:00,0.1229208,0,0,0,0,-13.10367
2023-09-01 04:00:00,0,0,0,0,0,-12.9825
2023-09-01 05:00:00,0.0312526,0,0,0,0,-12.85616
2023-09-01 06:00:00,1.246915,0,0,0,0,-12.9805
2023-09-01 07:00:00,17.40451,22.675,23.68833,24.3625,20.86583,148.3495
2023-09-01 08:00:00,89.40067,182.0108,186.2733,192.8425,178.1116,721.947
2023-09-01 09:00:00,191.8728,438.5617,450.12,465.5734,431.4167,1772.312
2023-09-01 10:00:00,76.40519,206.845,211.2375,220.1483,203.1067,832.6711
2023-09-01 11:00:00,99.96535,310.3367,316.2483,328.8575,303.5684,1245.667
2023-09-01 12:00:00,218.6187,697.4958,720.4891,751.1066,696.9833,2848.045
2023-09-01 13:00:00,263.894,816.0542,829.0942,851.0133,784.3026,3269.695
2023-09-01 14:00:00,155.9496,460.3358,462.9575,471.0608,431.5725,1813.654
2023-09-01 15:00:00,164.3233,421.97,422.2792,427.4591,388.3042,1636.272
2023-09-01 16:00:00,356.8178,938.3576,935.3383,985.4708,951.1209,3804.224
2023-09-01 17:00:00,415.4081,967.8292,919.4357,867.7727,801.7984,3685.835
2023-09-01 18:00:00,418.4518,,,,,
2023-09-01 19:00:00,25.52971,,,,,
2023-09-01 20:00:00,0,,,,,
2023-09-01 21:00:00,0,,,,,
2023-09-01 22:00:00,0,,,,,
2023-09-01 23:00:00,0.001214222,,,,,
2023-09-02 00:00:00,0,,,,,
2023-09-02 01:00:00,0,,,,,
2023-09-02 02:00:00,0.01431055,,,,,
2023-09-02 03:00:00,0,,,,,
2023-09-02 04:00:00,0,,,,,
2023-09-02 05:00:00,0,0,0,0,0,-14.14226
2023-09-02 06:00:00,10.61746,0,0,0,0,11.55617
2023-09-02 07:00:00,26.04315,67.51749,68.02335,71.70167,65.14666,268.1215
2023-09-02 08:00:00,155.7168,344.3175,354.2558,379.1158,360.8225,1415.166
2023-09-02 09:00:00,152.0743,303.2484,308.2125,325.8025,302.3933,1236.247
2023-09-02 10:00:00,156.0786,401.5367,407.1942,428.3733,399.0617,1623.755
2023-09-02 11:00:00,157.3038,451.8225,461.3667,484.7617,452.7358,1837.762
2023-09-02 12:00:00,185.256,564.0192,574.7958,609.7908,569.0533,2302.807
2023-09-02 13:00:00,202.3582,627.9901,637.2458,666.3016,617.9933,2498.07
2023-09-02 14:00:00,290.5417,837.8535,838.3325,876.6026,804.5458,3374.914
2023-09-02 15:00:00,167.2401,406.5467,405.2958,415.8008,380.8975,1596.846
2023-09-02 16:00:00,103.1659,235.545,236.8192,245.2942,225.5158,933.7735
2023-09-02 17:00:00,129.5406,303.3,301.7642,309.9016,285.9983,1175.341
2023-09-02 18:00:00,87.02927,165.5034,165.4967,170.7092,157.3642,658.1641
2023-09-02 19:00:00,36.04691,30.08167,30.6925,32.6975,30.395,120.7508
2023-09-02 20:00:00,0.01337447,0,0,0,0,-13.1935
2023-09-02 21:00:00,0,0,0,0,0,-13.28117
2023-09-02 22:00:00,0,0,0,0,0,-13.27783
2023-09-02 23:00:00,0.01910405,0,0,0,0,-13.3365
2023-09-03 00:00:00,0,0,0,0,0,-13.21741
2023-09-03 01:00:00,0,0,0,0,0,-13.30503
2023-09-03 02:00:00,0,0,0,0,0,-13.38817
2023-09-03 03:00:00,0,0,0,0,0,-13.4065
2023-09-03 04:00:00,0,0,0,0,0,-13.29167
2023-09-03 05:00:00,0.01357969,0,0,0,0,-13.3215
2023-09-03 06:00:00,5.845632,0,0,0,0,-6.423835
2023-09-03 07:00:00,176.2043,188.2792,194.55,211.0292,196.8475,781.3488
2023-09-03 08:00:00,213.9361,500.3708,489.6183,514.1942,483.8075,1959.393
2023-09-03 09:00:00,597.4628,1550.887,1507.97,1500.318,1410.814,5900.272
2023-09-03 10:00:00,888.7606,2398.4,2423.573,2435.148,2358.349,9556.993
2023-09-03 11:00:00,799.4094,2241.191,2344.206,2477.895,2366.444,9344.291
2023-09-03 12:00:00,833.3375,2192.034,2193.323,2284.778,2148.446,8670.043
2023-09-03 13:00:00,738.2677,1860.007,1926.8,1980.558,1897.219,7589.231
2023-09-03 14:00:00,308.1976,884.4368,879.7526,874.0626,809.7117,3409.793
2023-09-03 15:00:00,285.4731,765.2625,768.785,754.2192,691.6567,2956.123
2023-09-03 16:00:00,272.5451,610.6367,609.3558,631.88,588.6666,2424.954
2023-09-03 17:00:00,176.769,368.0409,380.845,408.3817,380.7075,1489.263
2023-09-03 18:00:00,218.8788,432.2743,433.0976,457.5382,429.7957,1768.852
2023-09-03 19:00:00,21.36933,4.2925,4.360833,4.400833,3.595,40.2055
2023-09-03 20:00:00,0.00514887,0,0,0,0,-13.07483
2023-09-03 21:00:00,0.0088378,0,0,0,0,-13.18133
2023-09-03 22:00:00,0,0,0,0,0,-13.2485
2023-09-03 23:00:00,0,0,0,0,0,-13.30833
2023-09-04 00:00:00,0,0,0,0,0,-13.2285
2023-09-04 01:00:00,0,0,0,0,0,-13.19267
2023-09-04 02:00:00,0.03009672,0,0,0,0,-13.33883
2023-09-04 03:00:00,0,0,0,0,0,-13.27833
2023-09-04 04:00:00,0,0,0,0,0,-13.344
2023-09-04 05:00:00,0,0,0,0,0,-13.24267
2023-09-04 06:00:00,14.6121,1.31,1.724167,2.366667,1.956667,28.50267
2023-09-04 07:00:00,349.5361,176.2175,189.66,221.45,217.4467,781.3493
2023-09-04 08:00:00,635.7346,1258.529,1381.977,1457.206,1419.632,5459.913
2023-09-04 09:00:00,339.7676,656.3734,747.4468,796.8076,737.1208,2950.415
2023-09-04 10:00:00,390.8246,1048.635,1011.187,1017.6,944.7867,3998.086
2023-09-04 11:00:00,472.0536,1290.761,1328.662,1355.997,1307.43,5263.128
2023-09-04 12:00:00,253.9778,744.165,754.6266,807.7291,751.3026,3027.13
2023-09-04 13:00:00,603.3201,1688.651,1677.198,1685.902,1573.113,6566.813
2023-09-04 14:00:00,808.4624,1972.772,2019.305,2073.413,1977.296,7929.935
2023-09-04 15:00:00,927.759,2452.374,2504.191,2397.733,2305.121,9506.114
2023-09-04 16:00:00,847.4675,2481.561,2451.238,2463.904,2317.722,9567.432
2023-09-04 17:00:00,758.6689,2178.138,2165.646,2227.707,2049.438,8513.234
2023-09-04 18:00:00,424.2906,797.4165,800.9675,806.1407,743.9726,3147.573
2023-09-04 19:00:00,21.83353,11.17333,11.56083,13.24,11.80583,54.2995
2023-09-04 20:00:00,0.000540201,0,0,0,0,-13.14617
2023-09-04 21:00:00,0.02333926,0,0,0,0,-13.2105
2023-09-04 22:00:00,0,0,0,0,0,-13.24367
2023-09-04 23:00:00,0,0,0,0,0,-13.29417
2023-09-05 00:00:00,0,0,0,0,0,-13.3075
2023-09-05 01:00:00,0.0295909,0,0,0,0,-13.22892
2023-09-05 02:00:00,0,0,0,0,0,-13.3
2023-09-05 03:00:00,0,0,0,0,0,-13.40517
2023-09-05 04:00:00,0,0,0,0,0,-13.22766
2023-09-05 05:00:00,0,0,0,0,0,-13.2355
2023-09-05 06:00:00,14.50086,7.423333,7.805,8.491668,6.973332,40.10217
2023-09-05 07:00:00,168.0054,232.0075,235.9717,245.9158,226.8875,921.7936
2023-09-05 08:00:00,617.3376,1525.2,1471.763,1474.673,1385.678,5770.08
2023-09-05 09:00:00,811.6418,2371.484,2415.024,2515.482,2412.817,9644.102
2023-09-05 10:00:00,860.5514,2458.408,2477.696,2574.758,2369.338,9766.776
2023-09-05 11:00:00,868.1304,2416.835,2436.084,2527.513,2327.948,9571.418
2023-09-05 12:00:00,871.5936,2383.452,2400.604,2492.99,2291.687,9417.222
2023-09-05 13:00:00,878.4528,2397.477,2416.972,2503.758,2292.154,9454.075
2023-09-05 14:00:00,872.3059,2419.745,2427.406,2491.987,2288.313,9461.435
2023-09-05 15:00:00,870.3306,2487.649,2517.437,2595.93,2384.199,9808.763
2023-09-05 16:00:00,849.6168,2473.024,2509.605,2584.46,2376.681,9769.182
2023-09-05 17:00:00,724.6802,2117.788,2132.775,2173.761,1994.553,8299.077
2023-09-05 18:00:00,427.6064,766.4399,777.7709,796.1093,731.3593,3068.979
2023-09-05 19:00:00,15.92719,8.909167,9.509168,10.9325,9.604168,45.96001
2023-09-05 20:00:00,0,0,0,0,0,-13.07417
2023-09-05 21:00:00,0,0,0,0,0,-13.07617
2023-09-05 22:00:00,0,0,0,0,0,-13.14034
2023-09-05 23:00:00,0,0,0,0,0,-13.29834
2023-09-06 00:00:00,0,0,0,0,0,-13.27367
2023-09-06 01:00:00,0,0,0,0,0,-13.27379
2023-09-06 02:00:00,0,0,0,0,0,-13.20033
2023-09-06 03:00:00,0,0,0,0,0,-13.11117
2023-09-06 04:00:00,0,0,0,0,0,-12.978
2023-09-06 05:00:00,0,0,0,0,0,-12.95716
2023-09-06 06:00:00,12.72355,4.618332,5.100832,5.419168,4.0875,34.97001
2023-09-06 07:00:00,342.7221,129.5692,139.6192,174.9483,175.335,599.9666
2023-09-06 08:00:00,760.9294,1740.888,1809.358,1916.177,1772.853,7142.086
2023-09-06 09:00:00,845.368,2517.597,2548.23,2581.491,2429.315,9989.632
2023-09-06 10:00:00,862.8129,2505.701,2536.916,2600.292,2412.812,9932.098
2023-09-06 11:00:00,865.5568,2437.575,2472.627,2553.763,2350.178,9666.633
2023-09-06 12:00:00,868.6066,2396.718,2430.331,2509.32,2308.038,9484.376
2023-09-06 13:00:00,876.6578,2403.913,2373.18,2351.575,2217.184,9187.322
2023-09-06 14:00:00,720.2357,1945.99,1971.367,2035.54,1930.526,7759.972
2023-09-06 15:00:00,900.1434,2544.55,2555.543,2583.394,2467.548,9965.796
2023-09-06 16:00:00,886.9842,2468.431,2459.085,2419.257,2299.126,9523.473
2023-09-06 17:00:00,521.3088,1432.411,1547.205,1685.459,1637.052,6174.749
2023-09-06 18:00:00,276.6715,532.5084,547.5334,585.6583,541.6441,2219.744
2023-09-06 19:00:00,10.26409,10.09583,10.41417,11.06083,9.679168,42.44801
2023-09-06 20:00:00,0,0,0,0,0,-13.14133
2023-09-06 21:00:00,0,0,0,0,0,-13.09467
2023-09-06 22:00:00,0,0,0,0,0,-13.09892
2023-09-06 23:00:00,0,0,0,0,0,-13.1685
2023-09-07 00:00:00,0.0919656,0,0,0,0,-13.27433
2023-09-07 01:00:00,0,0,0,0,0,-13.3745
2023-09-07 02:00:00,0,0,0,0,0,-13.35267
2023-09-07 03:00:00,0,0,0,0,0,-13.10583
2023-09-07 04:00:00,0.00905412,0,0,0,0,-13.12467
2023-09-07 05:00:00,0,0,0,0,0,-12.99183
2023-09-07 06:00:00,10.25378,4.548333,5.221667,5.7175,4.305832,34.56717
2023-09-07 07:00:00,342.3741,134.7767,144.43,173.8717,172.41,605.62
2023-09-07 08:00:00,756.8763,1694.518,1764.9,1863.076,1725.263,6956.465
2023-09-07 09:00:00,844.3368,2494.082,2533.72,2614.079,2406.815,9967.298
2023-09-07 10:00:00,865.5289,2500.994,2533.924,2617.985,2405.925,9935.359
2023-09-07 11:00:00,866.9722,2436.217,2467.066,2547.642,2340.954,9642.062
2023-09-07 12:00:00,868.2902,2390.007,2414.465,2467.267,2244.945,9359.909
2023-09-07 13:00:00,871.6271,2396.446,2428.732,2508.742,2308.519,9475.528
2023-09-07 14:00:00,872.3631,2398.88,2410.969,2486.621,2288.866,9415.07
2023-09-07 15:00:00,888.0519,2497.134,2517.824,2567.984,2417.23,9823.05
2023-09-07 16:00:00,856.0767,2539.35,2567.613,2623.872,2437.149,9982.018
2023-09-07 17:00:00,736.7793,2154.695,2182.991,2253.002,2073.319,8542.911
2023-09-07 18:00:00,412.0666,733.4474,744.3534,772.5625,714.2126,2965.424
2023-09-07 19:00:00,6.513139,4.535832,4.764167,5.26,4.703332,25.499
2023-09-07 20:00:00,0,0,0,0,0,-13.02734
2023-09-07 21:00:00,0,0,0,0,0,-13.03333
2023-09-07 22:00:00,0,0,0,0,0,-13.05817
2023-09-07 23:00:00,0,0,0,0,0,-13.23534
2023-09-08 00:00:00,0.06504295,0,0,0,0,-13.01517
2023-09-08 01:00:00,0,0,0,0,0,-13.13383
2023-09-08 02:00:00,0,0,0,0,0,-13.3745
2023-09-08 03:00:00,0,0,0,0,0,-13.262
2023-09-08 04:00:00,0,0,0,0,0,-13.02116
2023-09-08 05:00:00,0,0,0,0,0,-13.00883
2023-09-08 06:00:00,8.023573,4.7875,5.050832,5.550832,3.950833,32.18968
2023-09-08 07:00:00,309.4369,202.8108,212.7775,234.6125,225.5692,853.1489
2023-09-08 08:00:00,612.7551,1356.682,1415.845,1497.562,1388.726,5604.025
2023-09-08 09:00:00,713.2123,2063.919,2095.479,2167.385,1999.543,8274.51
2023-09-08 10:00:00,785.3849,2239.421,2266.292,2324.809,2158.472,8881.548
2023-09-08 11:00:00,700.2653,1958.968,1989.906,2054.562,1942.447,7845.987
2023-09-08 12:00:00,889.2645,2392.409,2417.183,2470.903,2324.609,9471.581
2023-09-08 13:00:00,910.2407,2475.286,2507.205,2587.932,2386.697,9807.539
2023-09-08 14:00:00,670.4056,2003.851,1993.485,2011.01,1864.089,7748.246
2023-09-08 15:00:00,814.6748,2280.728,2279.927,2280.274,2202.171,8901.343
2023-09-08 16:00:00,859.9064,2529.771,2558.402,2616.439,2427.504,9960.018
2023-09-08 17:00:00,732.3761,2107.667,2131.03,2192.228,2017.417,8335.884
2023-09-08 18:00:00,394.0229,666.2708,677.2201,703.4333,649.1934,2697.49
2023-09-08 19:00:00,3.950493,3.3825,3.6675,4.07,3.511667,17.812
2023-09-08 20:00:00,0,0,0,0,0,-13.30834
2023-09-08 21:00:00,0,0,0,0,0,-13.1915
2023-09-08 22:00:00,0.01750776,0,0,0,0,-13.29733
2023-09-08 23:00:00,0,0,0,0,0,-13.24383
2023-09-09 00:00:00,0.0081555,0,0,0,0,-13.29167
2023-09-09 01:00:00,0,0,0,0,0,-13.34583
2023-09-09 02:00:00,0,0,0,0,0,-13.31983
2023-09-09 03:00:00,0.01773116,0,0,0,0,-13.3
2023-09-09 04:00:00,0,0,0,0,0,-13.293
2023-09-09 05:00:00,0,0,0,0,0,-13.406
2023-09-09 06:00:00,6.137811,6.644167,7.206667,7.748333,6.020833,38.11984
2023-09-09 07:00:00,339.0568,159.5392,165.7092,191.7783,186.5517,685.1125
2023-09-09 08:00:00,750.1055,1636.622,1698.486,1793.66,1648.383,6691.362
2023-09-09 09:00:00,847.8105,2485.812,2525.934,2605.701,2377.859,9921.831
2023-09-09 10:00:00,870.3502,2497.137,2539.324,2620.144,2391.349,9928.296
2023-09-09 11:00:00,873.8723,2445.402,2483.153,2563.393,2340.431,9692.605
2023-09-09 12:00:00,869.3745,2380.239,2414.519,2489.092,2271.008,9402.954
2023-09-09 13:00:00,869.9197,2345.587,2379.603,2457.538,2247.151,9277.312
2023-09-09 14:00:00,872.0758,2423.901,2451.396,2523.5,2302.441,9529.777
2023-09-09 15:00:00,872.7358,2480.542,2510.505,2590.187,2363.81,9775.845
2023-09-09 16:00:00,846.446,2468.621,2502.893,2573.784,2352.058,9726.23
2023-09-09 17:00:00,720.9911,2058.233,2089.654,2157.247,1973.137,8169.662
2023-09-09 18:00:00,394.2033,636.7099,647.7607,673.29,618.0676,2579.243
2023-09-09 19:00:00,5.629784,2.4675,2.8925,3.813333,2.9975,17.86584
2023-09-09 20:00:00,0,0,0,0,0,-12.962
2023-09-09 21:00:00,0.01214974,0,0,0,0,-13.05766
2023-09-09 22:00:00,0,0,0,0,0,-13.30567
2023-09-09 23:00:00,0.03539526,0,0,0,0,-13.33
2023-09-10 00:00:00,0,0,0,0,0,-13.27483
2023-09-10 01:00:00,0,0,0,0,0,-13.1875
2023-09-10 02:00:00,0,0,0,0,0,-13.28183
2023-09-10 03:00:00,0,0,0,0,0,-13.27283
2023-09-10 04:00:00,0,0,0,0,0,-13.30783
2023-09-10 05:00:00,0,0,0,0,0,-13.35966
2023-09-10 06:00:00,4.334511,3.1525,3.811667,4.19,2.648333,26.9405
2023-09-10 07:00:00,336.0038,123.8217,128.2808,155.61,152.9684,542.9225
2023-09-10 08:00:00,763.3736,1610.331,1677.709,1780.897,1638.342,6617.203
2023-09-10 09:00:00,847.0512,2488.517,2524.565,2605.866,2379.696,9928.064
2023-09-10 10:00:00,867.0153,2483.021,2519.566,2602.731,2376.808,9865.093
2023-09-10 11:00:00,866.7725,2390.22,2425.578,2505.778,2290.909,9479.241
2023-09-10 12:00:00,867.626,2329.444,2362.551,2436.806,2217.393,9203.438
2023-09-10 13:00:00,878.7886,2332.916,2369.965,2444.985,2231.94,9222.891
2023-09-10 14:00:00,893.6071,2416.093,2451.349,2521.107,2301.381,9520.485
2023-09-10 15:00:00,893.2583,2477.971,2509.897,2589.14,2361.922,9766.28
2023-09-10 16:00:00,872.3495,2485.179,2518.157,2594.488,2369.769,9798.898
2023-09-10 17:00:00,724.9742,2004.767,2029.348,2093.262,1910.767,7940.424
2023-09-10 18:00:00,365.7116,571.7241,581.4616,604.5217,554.4617,2313.442
2023-09-10 19:00:00,4.662514,1.426666,1.805,2.6525,1.688334,13.203
2023-09-10 20:00:00,0,0,0,0,0,-13.12733
2023-09-10 21:00:00,0,0,0,0,0,-13.00716
2023-09-10 22:00:00,0,0,0,0,0,-13.21583
2023-09-10 23:00:00,0.02469802,0,0,0,0,-13.316
2023-09-11 00:00:00,0,0,0,0,0,-13.3735
2023-09-11 01:00:00,0.1679626,0,0,0,0,-13.33434
2023-09-11 02:00:00,0,0,0,0,0,-13.36867
2023-09-11 03:00:00,0,0,0,0,0,-13.39083
2023-09-11 04:00:00,0.03858166,0,0,0,0,-13.15667
2023-09-11 05:00:00,0,0,0,0,0,-13.0335
2023-09-11 06:00:00,3.364408,2.089167,2.310833,2.733332,1.354167,23.04166
2023-09-11 07:00:00,328.7622,136.3133,139.6633,162.6542,157.8925,577.3066
2023-09-11 08:00:00,738.7762,1451.05,1505.672,1582.069,1490.952,5936.668
2023-09-11 09:00:00,803.1949,2376.901,2397.617,2440.966,2269.055,9434.675
2023-09-11 10:00:00,831.76,2399.327,2434.894,2507.326,2296.397,9530.377
2023-09-11 11:00:00,857.7577,2369.152,2399.792,2481.542,2271.593,9394.686
2023-09-11 12:00:00,867.2739,2319.48,2356.114,2435.479,2222.476,9189.814
2023-09-11 13:00:00,880.8769,2345.1,2385.547,2465.547,2251.157,9291.905
2023-09-11 14:00:00,877.3348,2395.848,2430.218,2513.445,2286.013,9461.195
2023-09-11 15:00:00,869.9999,2453.395,2480.989,2555.823,2345.712,9663.142
2023-09-11 16:00:00,840.0535,2415.447,2446.291,2520.173,2313.781,9521.135
2023-09-11 17:00:00,664.8942,1859.516,1877.814,1919.966,1755.423,7331.093
2023-09-11 18:00:00,277.324,396.245,403.0325,418.4367,384.1692,1606.656
2023-09-11 19:00:00,5.661639,4.271667,4.365,4.718332,3.8975,23.63116
2023-09-11 20:00:00,0,0,0,0,0,-12.87117
2023-09-11 21:00:00,0.03529569,0,0,0,0,-13.0455
2023-09-11 22:00:00,0,0,0,0,0,-13.0335
2023-09-11 23:00:00,0.01581004,0,0,0,0,-13.1435
2023-09-12 00:00:00,0,0,0,0,0,-13.15833
2023-09-12 01:00:00,0.03156214,0,0,0,0,-13.279
2023-09-12 02:00:00,0,0,0,0,0,-13.20667
2023-09-12 03:00:00,0.0195857,0,0,0,0,-13.2865
2023-09-12 04:00:00,0.00703489,0,0,0,0,-13.16267
2023-09-12 05:00:00,0,0,0,0,0,-12.9505
2023-09-12 06:00:00,4.698646,4.179167,4.644167,4.948332,3.715832,26.43217
2023-09-12 07:00:00,310.5746,182.58,189.5458,208.6833,199.6358,760.4532
2023-09-12 08:00:00,635.2289,1352.594,1410.634,1488.886,1370.963,5545.412
2023-09-12 09:00:00,774.0173,2284.617,2321.174,2396.461,2187.636,9129.413
2023-09-12 10:00:00,812.0686,2337.091,2374.768,2450.805,2235.193,9301.729
2023-09-12 11:00:00,815.2251,2266.877,2305.805,2380.093,2166.982,9009.471
2023-09-12 12:00:00,825.189,2231.693,2261.637,2328.636,2123.896,8818.299
2023-09-12 13:00:00,825.0001,2219.415,2244.712,2313.025,2111.767,8751.207
2023-09-12 14:00:00,823.5604,2268.202,2296.526,2365.7,2159.609,8939.349
2023-09-12 15:00:00,742.9349,2113.96,2115.95,2127.336,1960.508,8182.149
2023-09-12 16:00:00,784.4313,2270.866,2299.035,2378.147,2174.538,8973.482
2023-09-12 17:00:00,616.3784,1717.374,1739.138,1787.765,1634.204,6829.964
2023-09-12 18:00:00,203.4846,263.0833,268.7017,278.1225,256.5325,1054.629
2023-09-12 19:00:00,6.383333,5.885832,6.171668,6.5775,5.474167,34.678
2023-09-12 20:00:00,0,0,0,0,0,-13.00767
2023-09-12 21:00:00,0.003469291,0,0,0,0,-13.01167
2023-09-12 22:00:00,0,0,0,0,0,-13.177
2023-09-12 23:00:00,0,0,0,0,0,-13.19917
2023-09-13 00:00:00,0,0,0,0,0,-13.25367
2023-09-13 01:00:00,0,0,0,0,0,-13.20867
2023-09-13 02:00:00,0,0,0,0,0,-13.27417
2023-09-13 03:00:00,0,0,0,0,0,-13.1655
2023-09-13 04:00:00,0,0,0,0,0,-12.999
2023-09-13 05:00:00,0,0,0,0,0,-12.92883
2023-09-13 06:00:00,4.133279,1.751667,2.195,2.456667,1.585,9.654998
2023-09-13 07:00:00,296.2437,138.0675,139.1858,154.6167,147.5825,560.1597
2023-09-13 08:00:00,711.6821,1465.926,1535.77,1644.702,1520.875,6070.722
2023-09-13 09:00:00,817.3221,2477.623,2521.421,2596.77,2399.003,9911.727
2023-09-13 10:00:00,838.0862,2502.262,2537.075,2606.338,2382.143,9912.539
2023-09-13 11:00:00,840.676,2388.584,2434.814,2514.854,2292.289,9505.374
2023-09-13 12:00:00,839.0601,2313.961,2346.106,2422.137,2210.396,9162.945
2023-09-13 13:00:00,844.1385,2313.982,2347.009,2420.873,2212.516,9157.113
2023-09-13 14:00:00,845.4316,2376.063,2408.522,2485.107,2268.98,9394.842
2023-09-13 15:00:00,851.5792,2475.384,2503.144,2583.446,2361.446,9762.587
2023-09-13 16:00:00,832.1198,2489.468,2518.535,2601.981,2383.524,9828.331
2023-09-13 17:00:00,697.2275,1985.552,2012.467,2077.481,1901.173,7883.383
2023-09-13 18:00:00,324.424,483.8191,492.6808,513.5217,470.6659,1972.989
2023-09-13 19:00:00,2.747363,0,0,0,0,-1.151832
2023-09-13 20:00:00,0,0,0,0,0,-13.07567
2023-09-13 21:00:00,0,0,0,0,0,-13.14833
2023-09-13 22:00:00,0,0,0,0,0,-13.0945
2023-09-13 23:00:00,0,0,0,0,0,-13.2685
2023-09-14 00:00:00,0,0,0,0,0,-13.148
2023-09-14 01:00:00,0,0,0,0,0,-13.21633
2023-09-14 02:00:00,0,0,0,0,0,-13.32967
2023-09-14 03:00:00,0,0,0,0,0,-13.33033
2023-09-14 04:00:00,0,0,0,0,0,-13.1055
2023-09-14 05:00:00,0.1019787,0,0,0,0,-12.90733
2023-09-14 06:00:00,3.735223,0,0,0.235,0,11.02934
2023-09-14 07:00:00,322.185,108.7733,110.4825,132.29,126.2783,461.9601
2023-09-14 08:00:00,765.5242,1490.724,1561.672,1660.628,1540.655,6160.13
2023-09-14 09:00:00,849.5008,2535.242,2552.015,2552.109,2445.814,10000.18
2023-09-14 10:00:00,865.9094,2519.176,2542.889,2589.951,2398.762,9927.35
2023-09-14 11:00:00,859.4258,2393.118,2419.777,2498.354,2277.716,9458.294
2023-09-14 12:00:00,850.2896,2295.943,2327.253,2402.09,2192.031,9079.41
2023-09-14 13:00:00,853.4205,2266.383,2296.817,2372.144,2164.147,8949.426
2023-09-14 14:00:00,857.4653,2359.772,2390.056,2465.307,2249.164,9305.87
2023-09-14 15:00:00,864.8055,2480.106,2508.576,2588.13,2364.409,9774.643
2023-09-14 16:00:00,850.8445,2491.582,2522.255,2600.677,2377.019,9822.845
2023-09-14 17:00:00,704.1953,1959.603,1986.248,2049.308,1874.345,7778.235
2023-09-14 18:00:00,324.7594,465.1508,474.0001,494.5574,454.1024,1904.468
2023-09-14 19:00:00,2.310201,0,0,0,0,-4.047668
2023-09-14 20:00:00,0,0,0,0,0,-13.149
2023-09-14 21:00:00,0.00994317,0,0,0,0,-13.2625
2023-09-14 22:00:00,0,0,0,0,0,-13.26816
2023-09-14 23:00:00,0,0,0,0,0,-13.1745
2023-09-15 00:00:00,0,0,0,0,0,-13.10617
2023-09-15 01:00:00,0,0,0,0,0,-13.19167
2023-09-15 02:00:00,0,0,0,0,0,-13.29833
2023-09-15 03:00:00,0,0,0,0,0,-13.3055
2023-09-15 04:00:00,0,0,0,0,0,-13.16033
2023-09-15 05:00:00,0.05569655,0,0,0,0,-13.076
2023-09-15 06:00:00,3.40275,0,0,0,0,9.5295
2023-09-15 07:00:00,306.5757,102.365,100.4142,117.4417,110.0917,419.9134
2023-09-15 08:00:00,754.0039,1435.013,1498.189,1600.568,1473.599,5919.188
2023-09-15 09:00:00,838.025,2448.884,2486.773,2564.597,2342.182,9777.847
2023-09-15 10:00:00,852.3831,2381.589,2420.543,2497.682,2285.384,9482.079
2023-09-15 11:00:00,850.3489,2288.325,2321.872,2406.634,2205.019,9093.702
2023-09-15 12:00:00,844.6306,2250.577,2284.123,2353.483,2146.884,8894.144
2023-09-15 13:00:00,847.4943,2228.732,2260.156,2328.148,2122.143,8794.718
2023-09-15 14:00:00,849.7535,2284.698,2319.695,2392.507,2182.805,9024.869
2023-09-15 15:00:00,850.9141,2365.938,2402.415,2477.856,2260.648,9347.272
2023-09-15 16:00:00,835.0082,2399.246,2437.528,2515.253,2299.327,9488.552
2023-09-15 17:00:00,678.1177,1835.35,1867.76,1928.557,1764.397,7313.438
2023-09-15 18:00:00,297.4297,404.7083,414.0875,431.5934,396.4808,1665.196
2023-09-15 19:00:00,1.735152,0,0,0,0,-6.874167
2023-09-15 20:00:00,0.03702208,0,0,0,0,-13.198
2023-09-15 21:00:00,0,0,0,0,0,-13.176
2023-09-15 22:00:00,0,0,0,0,0,-13.22567
2023-09-15 23:00:00,0,0,0,0,0,-13.2195
2023-09-16 00:00:00,0.01235866,0,0,0,0,-13.12983
2023-09-16 01:00:00,0,0,0,0,0,-13.22217
2023-09-16 02:00:00,0,0,0,0,0,-13.27833
2023-09-16 03:00:00,0.01744685,0,0,0,0,-13.24434
2023-09-16 04:00:00,0,0,0,0,0,-13.33117
2023-09-16 05:00:00,0,0,0,0,0,-13.28893
2023-09-16 06:00:00,3.150462,0,0,0,0,7.452165
2023-09-16 07:00:00,292.8401,106.1425,106.3325,123.6425,116.07,441.1453
2023-09-16 08:00:00,733.3378,1369.252,1427.315,1522.051,1400.892,5636.605
2023-09-16 09:00:00,823.3959,2420.175,2458.357,2537.042,2313.573,9671.83
2023-09-16 10:00:00,840.5634,2354.022,2389.074,2465.21,2256.547,9369.987
2023-09-16 11:00:00,841.011,2278.453,2314.978,2386.54,2176.343,9039.775
2023-09-16 12:00:00,840.194,2213.89,2248.642,2323.013,2123.217,8777.101
2023-09-16 13:00:00,848.9116,2238.589,2272.653,2342.523,2138.742,8847.095
2023-09-16 14:00:00,847.6248,2303.622,2329.654,2397.316,2189.317,9064.137
2023-09-16 15:00:00,850.7729,2378.589,2408.293,2483.81,2271.931,9378.396
2023-09-16 16:00:00,836.8147,2388.21,2419.708,2486.653,2273.317,9401.365
2023-09-16 17:00:00,571.325,1546.793,1543.335,1566.149,1423.118,6045.241
2023-09-16 18:00:00,54.6442,68.28584,70.36582,73.96584,66.67751,281.2574
2023-09-16 19:00:00,1.051052,0,0,0,0,-10.89734
2023-09-16 20:00:00,0,0,0,0,0,-13.12283
2023-09-16 21:00:00,0,0,0,0,0,-12.85817
2023-09-16 22:00:00,0.003352145,0,0,0,0,-13.17467
2023-09-16 23:00:00,0,0,0,0,0,-13.02967
2023-09-17 00:00:00,0,0,0,0,0,-12.98367
2023-09-17 01:00:00,0,0,0,0,0,-13.11567
2023-09-17 02:00:00,0,0,0,0,0,-13.22616
2023-09-17 03:00:00,0.002266305,0,0,0,0,-13.19133
2023-09-17 04:00:00,0,0,0,0,0,-13.0525
2023-09-17 05:00:00,0,0,0,0,0,-13.11767
2023-09-17 06:00:00,2.959682,0,0,0,0,4.838832
2023-09-17 07:00:00,249.1152,164.8883,168.73,179.4858,165.6216,663.0684
2023-09-17 08:00:00,298.6461,502.475,500.0525,507.1891,448.0708,1944.088
2023-09-17 09:00:00,616.9764,1762.151,1802.338,1896.081,1788.805,7159.487
2023-09-17 10:00:00,777.5828,2175.417,2245.512,2341.595,2164.099,8858.047
2023-09-17 11:00:00,787.2241,2103.123,2196.302,2282.488,2077.771,8548.037
2023-09-17 12:00:00,811.0514,2130.877,2179.092,2221.091,2039.896,8456.789
2023-09-17 13:00:00,807.3214,2055.673,2108.229,2182.074,2002.451,8223.093
2023-09-17 14:00:00,858.168,2257.239,2283.169,2358.181,2153.514,8903.113
2023-09-17 15:00:00,821.2621,2240.758,2297.422,2398.957,2210.043,9040.321
2023-09-17 16:00:00,775.8489,2212.538,2260.805,2374.802,2184.985,8835.813
2023-09-17 17:00:00,604.4743,1564.688,1588.84,1626.924,1480.828,6196.438
2023-09-17 18:00:00,199.7742,256.8441,261.2075,271.9692,248.5533,1058.361
2023-09-17 19:00:00,0.8523946,0,0,0,0,-12.029
2023-09-17 20:00:00,0,0,0,0,0,-13.09
2023-09-17 21:00:00,0,0,0,0,0,-13.17916
2023-09-17 22:00:00,0.02831486,0,0,0,0,-13.11866
2023-09-17 23:00:00,0.01177983,0,0,0,0,-13.18867
2023-09-18 00:00:00,0,0,0,0,0,-13.09637
2023-09-18 01:00:00,0,0,0,0,0,-13.212
2023-09-18 02:00:00,0,0,0,0,0,-13.13883
2023-09-18 03:00:00,0,0,0,0,0,-13.0395
2023-09-18 04:00:00,0,0,0,0,0,-12.98433
2023-09-18 05:00:00,0.02113421,0,0,0,0,-12.8225
2023-09-18 06:00:00,2.706255,0.09416667,0.1825,0.4125,0,0.986785
2023-09-18 07:00:00,165.5461,177.5917,181.6625,189.6917,173.305,703.0378
2023-09-18 08:00:00,551.9647,935.284,1001.322,1045.525,947.655,3842.951
2023-09-18 09:00:00,655.0098,1636.431,1648.961,1653.755,1499.758,6410.339
2023-09-18 10:00:00,741.915,2034.384,2062.736,2119.395,1935.343,8076.062
2023-09-18 11:00:00,469.601,1308.961,1315.602,1323.835,1193.894,5096.893
2023-09-18 12:00:00,453.9748,1270.476,1333.538,1431.032,1303.583,5306.947
2023-09-18 13:00:00,311.8882,904.19,927.3009,955.6666,877.1618,3590.775
2023-09-18 14:00:00,456.3929,1258.024,1268.835,1327.058,1213.017,5029.444
2023-09-18 15:00:00,287.4352,753.805,756.1982,779.5551,705.1101,2986.882
2023-09-18 16:00:00,469.1505,1213.06,1237.184,1228.946,1122.665,4729.923
2023-09-18 17:00:00,429.9663,964.285,988.5093,1008.164,928.8799,3851.148
2023-09-18 18:00:00,211.2858,221.2933,229.7092,246.1333,227.2217,936.6849
2023-09-18 19:00:00,1.503834,0,0,0,0,-8.878501
2023-09-18 20:00:00,0.03953219,0,0,0,0,-13.06333
2023-09-18 21:00:00,0.001119541,0,0,0,0,-13.02167
2023-09-18 22:00:00,0,0,0,0,0,-13.256
2023-09-18 23:00:00,0,0,0,0,0,-13.26133
2023-09-19 00:00:00,0,0,0,0,0,-13.0855
2023-09-19 01:00:00,0,0,0,0,0,-13.15667
2023-09-19 02:00:00,0,0,0,0,0,-13.19167
2023-09-19 03:00:00,0.09247095,0,0,0,0,-13.18883
2023-09-19 04:00:00,0.03029087,0,0,0,0,-13.11084
2023-09-19 05:00:00,0.08301855,0,0,0,0,-13.01117
2023-09-19 06:00:00,2.699235,0,0,0,0,3.193335
2023-09-19 07:00:00,254.3635,112.7817,111.8433,123.4175,113.2583,453.3935
2023-09-19 08:00:00,732.2848,1307.532,1347.724,1440.106,1328.87,5355.659
2023-09-19 09:00:00,674.3267,1956.056,1962.475,2004.819,1877.361,7751.965
2023-09-19 10:00:00,503.3565,1313.213,1316.256,1366.865,1246.116,5209.338
2023-09-19 11:00:00,610.1419,1817.7,1828.91,1890.333,1736.729,7241.567
2023-09-19 12:00:00,734.0115,1980.178,2017.027,2127.333,1945.676,7955.411
2023-09-19 13:00:00,830.6406,2204.682,2213.254,2305.389,2096.841,8695.084
2023-09-19 14:00:00,832.6633,2276.161,2286.579,2375.705,2157.414,8961.156
2023-09-19 15:00:00,861.2811,2393.368,2403.448,2499.037,2274.234,9423.115
2023-09-19 16:00:00,753.0001,2216.815,2212.597,2297.137,2086.038,8729.722
2023-09-19 17:00:00,399.2209,882.3699,905.4,935.5825,868.8301,3528.533
2023-09-19 18:00:00,262.3985,289.0175,290.8883,305.3125,277.1767,1196.408
2023-09-19 19:00:00,1.00164,0,0,0,0,-12.48967
2023-09-19 20:00:00,0,0,0,0,0,-13.06816
2023-09-19 21:00:00,0,0,0,0,0,-13.1205
2023-09-19 22:00:00,0,0,0,0,0,-13.30484
2023-09-19 23:00:00,0,0,0,0,0,-13.26633
2023-09-20 00:00:00,0,0,0,0,0,-13.27717
2023-09-20 01:00:00,0,0,0,0,0,-13.321
2023-09-20 02:00:00,0,0,0,0,0,-13.38333
2023-09-20 03:00:00,0,0,0,0,0,-13.19517
2023-09-20 04:00:00,0.02553084,0,0,0,0,-13.05667
2023-09-20 05:00:00,0.005080735,0,0,0,0,-13.081
2023-09-20 06:00:00,2.326216,0,0,0,0,1.402165
2023-09-20 07:00:00,225.3172,133.5808,136.8233,148.3842,137.2508,543.9058
2023-09-20 08:00:00,652.1741,1206.749,1243.133,1332.491,1217.058,4925.638
2023-09-20 09:00:00,761.147,2294.945,2307.258,2406.567,2183.182,9142.212
2023-09-20 10:00:00,811.8525,2425.105,2436.062,2545.869,2305.508,9624.767
2023-09-20 11:00:00,811.8707,2332.594,2340.204,2435.251,2201.442,9217.009
2023-09-20 12:00:00,808.2003,2203.618,2208.329,2299.774,2081.664,8698.711
2023-09-20 13:00:00,782.9417,2139.875,2143.714,2239.907,2030.025,8444.745
2023-09-20 14:00:00,791.3219,2299.162,2301.609,2406.347,2182.221,9073.363
2023-09-20 15:00:00,520.5425,1525.999,1519.9,1512.958,1388.27,5931.493
2023-09-20 16:00:00,221.2464,492.9958,494.77,531.56,480.9708,1991.191
2023-09-20 17:00:00,263.1617,612.1484,622.1658,655.7958,598.3158,2469.161
2023-09-20 18:00:00,155.4993,151.5758,154.81,169.1158,153.1758,638.9859
2023-09-20 19:00:00,0.8581781,0,0,0,0,-12.6585
2023-09-20 20:00:00,0,0,0,0,0,-13.1965
2023-09-20 21:00:00,0.0004580478,0,0,0,0,-13.3065
2023-09-20 22:00:00,0,0,0,0,0,-13.35966
2023-09-20 23:00:00,0,0,0,0,0,-13.38633
2023-09-21 00:00:00,0.02912295,0,0,0,0,-13.32216
2023-09-21 01:00:00,0,0,0,0,0,-13.34167
2023-09-21 02:00:00,0,0,0,0,0,-13.46233
2023-09-21 03:00:00,0,0,0,0,0,-13.34017
2023-09-21 04:00:00,0,0,0,0,0,-13.13783
2023-09-21 05:00:00,0.1370416,0,0,0,0,-13.15967
2023-09-21 06:00:00,0.8345206,0,0,0,0,-13.00784
2023-09-21 07:00:00,101.6081,137.5667,139.775,145.3642,131.5083,553.2265
2023-09-21 08:00:00,172.7005,289.8141,285.6892,294.3325,263.8425,1124.653
2023-09-21 09:00:00,92.39292,188.0791,197.3808,210.0725,195.07,778.8392
2023-09-21 10:00:00,70.41317,182.475,189.5017,197.4642,182.1917,736.3696
2023-09-21 11:00:00,110.8931,333.1266,332.4425,346.8933,310.0934,1295.503
2023-09-21 12:00:00,256.7075,813.6191,810.08,840.0284,755.5734,3211.212
2023-09-21 13:00:00,318.0555,934.8325,942.0284,961.2373,882.7099,3733.001
2023-09-21 14:00:00,198.6603,547.9141,543.4725,577.2283,515.2,2187.176
2023-09-21 15:00:00,238.961,676.5575,668.3917,661.9117,610.505,2605.7
2023-09-21 16:00:00,178.0468,430.02,415.385,430.4192,378.1483,1645.191
2023-09-21 17:00:00,176.0519,337.585,335.71,349.865,313.1017,1322.252
2023-09-21 18:00:00,128.1566,125.475,128.4967,132.9967,122.1275,526.5304
2023-09-21 19:00:00,0.364488,0,0,0,0,-13.75233
2023-09-21 20:00:00,0,0,0,0,0,-13.3375
2023-09-21 21:00:00,0,0,0,0,0,-13.32083
2023-09-21 22:00:00,0.04392457,0,0,0,0,-13.44217
2023-09-21 23:00:00,0.05769845,0,0,0,0,-13.5165
2023-09-22 00:00:00,0,0,0,0,0,-13.47933
2023-09-22 01:00:00,0.03294278,0,0,0,0,-13.49146
2023-09-22 02:00:00,0.1122643,0,0,0,0,-13.35817
2023-09-22 03:00:00,0,0,0,0,0,-13.33717
2023-09-22 04:00:00,0.04551553,0,0,0,0,-13.25633
2023-09-22 05:00:00,0,0,0,0,0,-13.13583
2023-09-22 06:00:00,1.388628,0,0,0,0,-7.273997
2023-09-22 07:00:00,216.8409,100.5717,99.04166,113.8192,104.1808,421.9593
2023-09-22 08:00:00,512.0468,496.5851,600.5475,771.7749,722.1343,2580.286
2023-09-22 09:00:00,646.1575,1828.57,1700.188,1827.844,1627.572,6914.888
2023-09-22 10:00:00,836.501,2431.009,2396.927,2515.905,2238.389,9528.024
2023-09-22 11:00:00,827.5983,2367.644,2354.741,2486.219,2251.961,9375.795
2023-09-22 12:00:00,824.7238,2305.796,2290.365,2413.945,2183.005,9087.519
2023-09-22 13:00:00,826.3657,2291.584,2271.471,2397.234,2178.755,9026.924
2023-09-22 14:00:00,832.5332,2356.035,2336.981,2463.058,2238.971,9264.949
2023-09-22 15:00:00,834.9454,2463.838,2441.411,2572.978,2338.657,9674.791
2023-09-22 16:00:00,799.8643,2447.229,2429.789,2565.933,2336.457,9635.573
2023-09-22 17:00:00,605.1201,1594.516,1584.357,1676.287,1526.628,6339.039
2023-09-22 18:00:00,202.8802,198.8333,197.73,213.0992,194.0817,828.4927
2023-09-22 19:00:00,0.2312819,0,0,0,0,-13.273
2023-09-22 20:00:00,0.02187794,0,0,0,0,-13.05617
2023-09-22 21:00:00,0.002787217,0,0,0,0,-13.1095
2023-09-22 22:00:00,0,0,0,0,0,-13.36316
2023-09-22 23:00:00,0,0,0,0,0,-13.247
2023-09-23 00:00:00,0.03575885,0,0,0,0,-13.28417
2023-09-23 01:00:00,0,0,0,0,0,-13.3925
2023-09-23 02:00:00,0,0,0,0,0,-13.39767
2023-09-23 03:00:00,0,0,0,0,0,-13.41716
2023-09-23 04:00:00,0,0,0,0,0,-13.31234
2023-09-23 05:00:00,0.03682149,0,0,0,0,-13.339
2023-09-23 06:00:00,1.867254,0,0,0,0,-0.42262
2023-09-23 07:00:00,203.6967,114.5742,114.9625,128.8183,117.3492,469.4623
2023-09-23 08:00:00,671.5539,1127.483,1150.132,1262.745,1154.775,4620.48
2023-09-23 09:00:00,769.3945,2358.477,2338.586,2473.902,2238.729,9388.665
2023-09-23 10:00:00,708.0605,2122.478,2129.898,2280.044,2081.167,8529.281
2023-09-23 11:00:00,800.9076,2321.378,2303.966,2435.041,2211.976,9174.076
2023-09-23 12:00:00,801.7768,2251.182,2234.191,2359.295,2139.636,8874.564
2023-09-23 13:00:00,799.606,2249.088,2228.177,2350.925,2131.338,8835.418
2023-09-23 14:00:00,804.741,2328.768,2307.903,2437.544,2217.418,9157.045
2023-09-23 15:00:00,816.7298,2442.408,2422.68,2554.284,2322.484,9591.793
2023-09-23 16:00:00,781.0781,2412.452,2386.474,2516.638,2289.004,9462.412
2023-09-23 17:00:00,443.9949,1252.717,1240.149,1306.646,1187.942,4973.803
2023-09-23 18:00:00,66.85036,66.55418,66.45749,71.37416,64.47084,274.7123
2023-09-23 19:00:00,0.06138106,0,0,0,0,-13.07033
2023-09-23 20:00:00,0,0,0,0,0,-13.14865
2023-09-23 21:00:00,0,0,0,0,0,-13.1095
2023-09-23 22:00:00,0,0,0,0,0,-13.20717
2023-09-23 23:00:00,0,0,0,0,0,-13.232
2023-09-24 00:00:00,0,0,0,0,0,-13.1675
2023-09-24 01:00:00,0,0,0,0,0,-13.25933
2023-09-24 02:00:00,0,0,0,0,0,-13.29784
2023-09-24 03:00:00,0,0,0,0,0,-13.36933
2023-09-24 04:00:00,0,0,0,0,0,-13.4055
2023-09-24 05:00:00,0,0,0,0,0,-13.38733
2023-09-24 06:00:00,0.198018,0,0,0,0,-13.29
2023-09-24 07:00:00,86.32528,118.5508,118.1267,124.7567,112.5317,459.5475
2023-09-24 08:00:00,356.3369,582.9758,578.4233,601.01,542.7466,2284.005
2023-09-24 09:00:00,369.7751,974.455,956.7576,997.7667,901.6049,3765.49
2023-09-24 10:00:00,779.9153,2271.743,2254.168,2364.213,2159.571,9009.09
2023-09-24 11:00:00,509.6045,1477.22,1449.812,1510.301,1364.403,5771.67
2023-09-24 12:00:00,594.7917,1701.161,1694.03,1785.689,1620.129,6739.558
2023-09-24 13:00:00,460.9917,1330.414,1328.592,1438.505,1291.427,5355.014
2023-09-24 14:00:00,322.9297,898.5217,866.1475,884.4492,793.2317,3422.591
2023-09-24 15:00:00,318.7742,816.2259,825.3043,869.1608,800.7933,3295.624
2023-09-24 16:00:00,366.6021,948.3874,964.5051,1031.3,949.6201,3850.869
2023-09-24 17:00:00,211.8186,415.38,408.5941,430.6292,389.71,1639.11
2023-09-24 18:00:00,63.34653,59.08999,58.75668,62.62917,55.95916,242.7495
2023-09-24 19:00:00,0,0,0,0,0,-13.181
2023-09-24 20:00:00,0,0,0,0,0,-13.13483
2023-09-24 21:00:00,0,0,0,0,0,-13.20734
2023-09-24 22:00:00,0,0,0,0,0,-13.28983
2023-09-24 23:00:00,0,0,0,0,0,-13.33584
2023-09-25 00:00:00,0,0,0,0,0,-13.32617
2023-09-25 01:00:00,0,0,0,0,0,-13.36533
2023-09-25 02:00:00,0,0,0,0,0,-13.41633
2023-09-25 03:00:00,0,0,0,0,0,-13.41617
2023-09-25 04:00:00,0,0,0,0,0,-13.22683
2023-09-25 05:00:00,0,0,0,0,0,-13.01
2023-09-25 06:00:00,0.9427871,0,0,0,0,-12.94117
2023-09-25 07:00:00,134.0686,150.0975,151.2858,161.6558,147.145,593.8185
2023-09-25 08:00:00,375.9104,583.3308,587.7658,629.5408,572.06,2354.404
2023-09-25 09:00:00,319.4963,723.0025,717.7933,758.575,686.6525,2881.587
2023-09-25 10:00:00,248.6807,613.8267,610.2083,646.615,586.675,2444.381
2023-09-25 11:00:00,331.8527,937.6465,930.1124,980.05,888.4615,3707.723
2023-09-25 12:00:00,521.4707,1496.261,1487.95,1569.03,1422.016,5920.053
2023-09-25 13:00:00,652.7466,1849.119,1842.8,1963.788,1788.407,7403.207
2023-09-25 14:00:00,512.631,1473.048,1459.363,1563.175,1424.513,5861.788
2023-09-25 15:00:00,280.1006,662.3759,667.9292,749.1649,694.9658,2795.029
2023-09-25 16:00:00,154.92,291.3692,291.4167,312.06,283.5817,1164.891
2023-09-25 17:00:00,58.82732,134.1217,133.3992,143.1434,129.6217,528.404
2023-09-25 18:00:00,12.24723,0.8516667,0.8341668,2.681668,0.6283333,41.77534
2023-09-25 19:00:00,0,0,0,0,0,-13.16784
2023-09-25 20:00:00,0,0,0,0,0,-13.21783
2023-09-25 21:00:00,0,0,0,0,0,-13.27633
2023-09-25 22:00:00,0,0,0,0,0,-13.30217
2023-09-25 23:00:00,0,0,0,0,0,-13.2
2023-09-26 00:00:00,0,0,0,0,0,-13.26717
2023-09-26 01:00:00,0.01354194,0,0,0,0,-13.2935
2023-09-26 02:00:00,0,0,0,0,0,-13.36933
2023-09-26 03:00:00,0,0,0,0,0,-13.21698
2023-09-26 04:00:00,0,0,0,0,0,-13.07866
2023-09-26 05:00:00,0,0,0,0,0,-13.10767
2023-09-26 06:00:00,0.9007255,0,0,0,0,-13.08566
2023-09-26 07:00:00,163.435,130.305,131.045,139.975,127.5891,526.0823
2023-09-26 08:00:00,582.7139,958.6984,986.4017,1068.745,1002.523,4008.778
2023-09-26 09:00:00,257.5839,677.7749,673.2366,725.5433,649.9109,2705.788
2023-09-26 10:00:00,290.9749,716.1092,744.785,850.8501,825.6857,3122.39
2023-09-26 11:00:00,391.209,1124.155,1160.16,1228.931,1108.034,4597.831
2023-09-26 12:00:00,438.0662,1136.36,1146.488,1171.027,1034.081,4470.476
2023-09-26 13:00:00,629.6517,1737.364,1642.602,1588.001,1410.678,6334.43
2023-09-26 14:00:00,531.4266,1411.485,1335.528,1258.403,1116.403,5102.361
2023-09-26 15:00:00,201.6882,499.7517,499.82,543.8859,517.0908,2033.598
2023-09-26 16:00:00,306.514,812.2484,870.8166,963.0342,928.7593,3483.077
2023-09-26 17:00:00,559.1097,1344.731,1285.935,1327.662,1186.019,5177.575
2023-09-26 18:00:00,96.97658,59.98749,58.07917,54.69416,49.90333,229.9252
2023-09-26 19:00:00,0.03317411,0,0,0,0,-13.23983
2023-09-26 20:00:00,0,0,0,0,0,-13.1965
2023-09-26 21:00:00,0,0,0,0,0,-13.253
2023-09-26 22:00:00,0,0,0,0,0,-13.27805
2023-09-26 23:00:00,0,0,0,0,0,-13.3245
2023-09-27 00:00:00,0.002637099,0,0,0,0,-13.41917
2023-09-27 01:00:00,0,0,0,0,0,-13.39375
2023-09-27 02:00:00,0,0,0,0,0,-13.37317
2023-09-27 03:00:00,0,0,0,0,0,-13.3735
2023-09-27 04:00:00,0,0,0,0,0,-13.18817
2023-09-27 05:00:00,0.01980837,0,0,0,0,-13.0535
2023-09-27 06:00:00,0.6250963,0,0,0,0,-13.01567
2023-09-27 07:00:00,18.34565,31.785,33.20167,40.29916,33.98833,162.591
2023-09-27 08:00:00,163.4062,446.6141,460.7257,498.7868,491.8775,1845.962
2023-09-27 09:00:00,572.0383,1670.642,1615.015,1648.022,1578.87,6455.851
2023-09-27 10:00:00,540.9617,1551.048,1557.423,1616.199,1527.907,6204.253
2023-09-27 11:00:00,782.7416,2171.715,2139.417,2204.147,2013.062,8454.969
2023-09-27 12:00:00,721.3702,2038.572,1989.843,2004.594,1857.98,7817.307
2023-09-27 13:00:00,796.8282,2260.551,2244.548,2369.188,2148.199,8903.653
2023-09-27 14:00:00,780.8396,2256.23,2237.752,2362.907,2148.904,8886.626
2023-09-27 15:00:00,813.2885,2426.357,2399.373,2532.535,2304.523,9519.669
2023-09-27 16:00:00,778.8759,2395.171,2376.278,2508.943,2281.829,9428.805
2023-09-27 17:00:00,561.0964,1399.317,1391.076,1471.976,1340.623,5573.254
2023-09-27 18:00:00,139.4037,100.355,100.5158,109.4592,99.86001,432.3554
2023-09-27 19:00:00,0.1108745,0,0,0,0,-13.13783
2023-09-27 20:00:00,0.02355644,0,0,0,0,-13.075
2023-09-27 21:00:00,0,0,0,0,0,-13.3235
2023-09-27 22:00:00,0,0,0,0,0,-13.2525
2023-09-27 23:00:00,0,0,0,0,0,-13.17933
2023-09-28 00:00:00,0,0,0,0,0,-13.3885
2023-09-28 01:00:00,0,0,0,0,0,-13.45934
2023-09-28 02:00:00,0,0,0,0,0,-13.4245
2023-09-28 03:00:00,0,0,0,0,0,-13.503
2023-09-28 04:00:00,0,0,0,0,0,-13.2355
2023-09-28 05:00:00,0,0,0,0,0,-13.11517
2023-09-28 06:00:00,1.052274,0,0,0,0,-9.748667
2023-09-28 07:00:00,139.5128,83.39251,82.82751,93.62084,84.05915,349.065
2023-09-28 08:00:00,656.6933,960.1201,982.6952,1085.149,993.5582,3942.787
2023-09-28 09:00:00,774.9514,2417.475,2401.438,2531.336,2298.369,9606.286
2023-09-28 10:00:00,795.8209,2373.838,2357.249,2487.067,2259.833,9400.211
2023-09-28 11:00:00,796.6846,2264.303,2248.539,2372.452,2159.503,8944.452
2023-09-28 12:00:00,792.7839,2197.573,2181.604,2298.669,2086.847,8657.247
2023-09-28 13:00:00,786.2933,2188.292,2175.809,2296.086,2084.33,8631.313
2023-09-28 14:00:00,793.4681,2294.635,2271.823,2395.923,2178.678,9013.513
2023-09-28 15:00:00,802.2198,2410.115,2388.548,2518.42,2289.768,9456.01
2023-09-28 16:00:00,767.5758,2369.744,2348.871,2480.55,2258.495,9318.065
2023-09-28 17:00:00,539.3799,1353.129,1346.762,1425.886,1297.312,5391.858
2023-09-28 18:00:00,131.791,77.34583,77.20499,85.10666,77.71834,338.7633
2023-09-28 19:00:00,0,0,0,0,0,-13.199
2023-09-28 20:00:00,0,0,0,0,0,-13.22466
2023-09-28 21:00:00,0.0442639,0,0,0,0,-13.30267
2023-09-28 22:00:00,0,0,0,0,0,-13.25217
2023-09-28 23:00:00,0.0573523,0,0,0,0,-13.2905
2023-09-29 00:00:00,0.01628423,0,0,0,0,-13.35433
2023-09-29 01:00:00,0,0,0,0,0,-13.47567
2023-09-29 02:00:00,0.01250441,0,0,0,0,-13.44333
2023-09-29 03:00:00,0,0,0,0,0,-13.39733
2023-09-29 04:00:00,0,0,0,0,0,-13.24333
2023-09-29 05:00:00,0,0,0,0,0,-13.39417
2023-09-29 06:00:00,0.8145998,0,0,0,0,-11.57983
2023-09-29 07:00:00,85.46855,105.2725,106.6358,112.6175,101.9542,436.4195
2023-09-29 08:00:00,387.0203,980.3576,992.3809,1044.148,939.3575,3876.778
2023-09-29 09:00:00,623.8657,1841.453,1831.279,1920.048,1794.203,7420.782
2023-09-29 10:00:00,728.6318,2081.807,2060.721,2146.242,1994.889,8204.803
2023-09-29 11:00:00,664.8325,1942.296,1926.017,2030.962,1839.288,7684.726
2023-09-29 12:00:00,547.9253,1562.804,1536.214,1592.26,1425.225,6099.743
2023-09-29 13:00:00,275.7944,840.2233,838.9058,890.1359,809.1691,3340.026
2023-09-29 14:00:00,250.9624,683.0492,676.5416,712.765,644.2074,2715.104
2023-09-29 15:00:00,163.9816,377.2683,375.6083,394.5767,357.5975,1487.228
2023-09-29 16:00:00,367.3485,852.52,855.9476,911.745,827.1243,3397.042
2023-09-29 17:00:00,230.2225,468.2367,483.3825,544.0934,496.3341,1998.286
2023-09-29 18:00:00,67.58482,50.83417,51.32084,55.18416,50.43834,209.1292
2023-09-29 19:00:00,0.1999698,0,0,0,0,-13.22633
2023-09-29 20:00:00,0,0,0,0,0,-13.33033
2023-09-29 21:00:00,0.01051821,0,0,0,0,-13.26266
2023-09-29 22:00:00,0,0,0,0,0,-13.37117
2023-09-29 23:00:00,0,0,0,0,0,-13.45733
2023-09-30 00:00:00,0,0,0,0,0,-13.35283
2023-09-30 01:00:00,0.02270961,0,0,0,0,-13.38971
2023-09-30 02:00:00,0,0,0,0,0,-13.34116
2023-09-30 03:00:00,0.04779648,0,0,0,0,-13.32617
2023-09-30 04:00:00,0,0,0,0,0,-13.27467
2023-09-30 05:00:00,0.02915276,0,0,0,0,-13.228
2023-09-30 06:00:00,0.1262223,0,0,0,0,-13.176
2023-09-30 07:00:00,16.26771,26.52584,27.10917,30.795,27.215,118.2092
2023-09-30 08:00:00,99.57903,188.0125,187.7466,201.1667,177.7016,739.6023
2023-09-30 09:00:00,79.67375,183.5092,180.66,194.8525,173.1292,711.9033
2023-09-30 10:00:00,165.181,415.2125,412.23,452.2383,405.2433,1681.589
2023-09-30 11:00:00,101.7999,301.5533,306.0083,333.5325,302.1092,1228.537
2023-09-30 12:00:00,91.79325,285.05,285.4225,307.6725,279.4267,1152.293
2023-09-30 13:00:00,77.54298,237.4575,238.6425,254.4475,230.695,947.3101
2023-09-30 14:00:00,131.7695,368.1534,371.9142,399.4134,362.9484,1492.155
2023-09-30 15:00:00,58.41562,145.1125,147.4409,158.5542,145.3892,589.1323
2023-09-30 16:00:00,56.27893,129.76,133.6675,148.5992,136.4017,532.8195
2023-09-30 17:00:00,34.3672,85.95,90.83332,102.2867,94.57416,381.4532
2023-09-30 18:00:00,4.281963,0,0,0,0,8.093667
2023-09-30 19:00:00,0.01465932,0,0,0,0,-13.49483
2023-09-30 20:00:00,0.0690041,0,0,0,0,-13.41083
2023-09-30 21:00:00,0.000251953,0,0,0,0,-13.32617
2023-09-30 22:00:00,0,0,0,0,0,-13.40633
2023-09-30 23:00:00,0.02214161,0,0,0,0,-13.49584
