Merrill Solar,Unnamed: 1,Unnamed: 2,Unnamed: 3,Unnamed: 4,Unnamed: 5,Unnamed: 6
,,,,,,
Timestamp,POA*,"TMEIC 2.5MW Inverter 1.1.1, Active Power P","TMEIC 2.5MW Inverter 1.2.1, Active Power P","TMEIC 2.5MW Inverter 1.3.1, Active Power P","TMEIC 2.5MW Inverter 1.4.1, Active Power P",Production meter active power
,W/mÂ²,kW,kW,kW,kW,kW
2023-09-01 00:00:00,-0.1752602,0,0,0,0,-13.70717
2023-09-01 01:00:00,-0.418398,0,0,0,0,-13.70617
2023-09-01 02:00:00,-0.2289384,0,0,0,0,-13.766
2023-09-01 03:00:00,-0.3257295,0,0,0,0,-13.79967
2023-09-01 04:00:00,-0.3620963,0,0,0,0,-13.86833
2023-09-01 05:00:00,-0.2983078,0,0,0,0,-13.72433
2023-09-01 06:00:00,1.991333,0,0,0,0,-8.556167
2023-09-01 07:00:00,21.71234,29.92,24.59167,23.21167,24.41166,147.1727
2023-09-01 08:00:00,16.9276,10.52333,11.46167,11.38167,12.46333,96.94334
2023-09-01 09:00:00,54.65569,102.7867,102.3633,101.8433,107.86,401.7103
2023-09-01 10:00:00,131.9722,257.9033,253.0383,247.9817,259.355,1006.772
2023-09-01 11:00:00,425.3401,861.4767,837.3084,805.1833,827.0082,3309.531
2023-09-01 12:00:00,229.2092,496.5267,486.4483,473.5566,488.9967,1933.128
2023-09-01 13:00:00,148.558,333.245,327.7017,319.93,333.5617,1300.499
2023-09-01 14:00:00,173.6323,357.4233,355.5734,349.355,363.5633,1412.172
2023-09-01 15:00:00,46.86998,83.50333,81.13333,77.89667,82.635,337.3951
2023-09-01 16:00:00,50.95221,94.53168,91.95335,89.25667,94.84335,351.1024
2023-09-01 17:00:00,33.81404,67.555,64.505,62.49833,65.90667,235.0475
2023-09-01 18:00:00,24.58587,44.26,39.59833,36.84,45.2,161.3908
2023-09-01 19:00:00,6.300572,0,0,0,0,19.05283
2023-09-01 20:00:00,-0.3180672,0,0,0,0,-13.09867
2023-09-01 21:00:00,-0.2021948,0,0,0,0,-13.25433
2023-09-01 22:00:00,-0.3020118,0,0,0,0,-13.25
2023-09-01 23:00:00,-0.3163553,,,,,
2023-09-02 00:00:00,-0.2772755,,,,,
2023-09-02 01:00:00,-0.2013246,,,,,
2023-09-02 02:00:00,-0.3887166,,,,,
2023-09-02 03:00:00,-0.3496951,,,,,
2023-09-02 04:00:00,-0.2698649,,,,,
2023-09-02 05:00:00,-0.2458591,0,0,0,0,-11.11009
2023-09-02 06:00:00,4.309058,0,0,0,0,8.169666
2023-09-02 07:00:00,79.10912,116.8683,113.8367,111.3467,119.03,431.6423
2023-09-02 08:00:00,292.4492,520.81,477.5333,458.8183,475.97,1657.354
2023-09-02 09:00:00,751.0814,1381.792,1328.028,1298.47,1388.055,4493.6
2023-09-02 10:00:00,956.2432,1943.493,1888.69,1833.198,1922.313,6385.767
2023-09-02 11:00:00,915.248,1795.307,1785.827,1759.762,1840.153,6274.634
2023-09-02 12:00:00,815.3873,1687.28,1667.842,1663.452,1759.237,5632.369
2023-09-02 13:00:00,871.6863,1907.26,1812.02,1785.977,1818.8,6157.122
2023-09-02 14:00:00,494.403,1082.488,1059.927,1054.802,1198.897,3989.495
2023-09-02 15:00:00,595.6846,1391.307,1332.545,1318.203,1354.863,5103.791
2023-09-02 16:00:00,326.8391,633.4101,633.7251,612.6168,642.6633,2378.952
2023-09-02 17:00:00,821.355,1527.828,1493.565,1472.812,1537.228,5768.142
2023-09-02 18:00:00,137.6358,177.2817,171.385,167.995,173.81,679.6976
2023-09-02 19:00:00,4.242916,0,0,0,0,0.9461683
2023-09-02 20:00:00,-0.396255,0,0,0,0,-13.1425
2023-09-02 21:00:00,-0.3151019,0,0,0,0,-13.14433
2023-09-02 22:00:00,-0.451153,0,0,0,0,-12.98733
2023-09-02 23:00:00,-0.2238478,0,0,0,0,-13.2975
2023-09-03 00:00:00,-0.3830943,0,0,0,0,-13.12733
2023-09-03 01:00:00,-0.4435552,0,0,0,0,-13.13667
2023-09-03 02:00:00,-0.2622832,0,0,0,0,-13.20567
2023-09-03 03:00:00,-0.4283882,0,0,0,0,-13.30266
2023-09-03 04:00:00,-0.3403176,0,0,0,0,-13.17817
2023-09-03 05:00:00,-0.392573,0,0,0,0,-13.09566
2023-09-03 06:00:00,3.902145,0,0,0,0,11.39383
2023-09-03 07:00:00,53.00319,90.99167,83.92001,85.99666,91.62335,355.0358
2023-09-03 08:00:00,677.3061,1220.942,1154.462,1152.567,1206.266,4279.74
2023-09-03 09:00:00,944.6968,1903.883,1863.677,1835.378,1935.453,6818.285
2023-09-03 10:00:00,940.3396,1902.945,1892.738,1859.047,1953.23,6961.235
2023-09-03 11:00:00,931.7421,1827.638,1780.57,1751.797,1813.993,6888.84
2023-09-03 12:00:00,907.4084,1889.526,1834.126,1784.17,1885.325,7251.696
2023-09-03 13:00:00,460.4156,932.2117,927.0267,908.7916,960.8501,3716.379
2023-09-03 14:00:00,602.9628,1306.679,1305.07,1287.848,1398.7,5254.221
2023-09-03 15:00:00,696.2861,1391.99,1371.548,1418.212,1432.433,5598.672
2023-09-03 16:00:00,561.1132,1138.398,1037.12,966.7783,1051.024,4127.632
2023-09-03 17:00:00,814.2565,1687.817,1663.543,1606.247,1696.447,6579.216
2023-09-03 18:00:00,417.6938,712.8566,727.6134,691.095,737.2499,2840.605
2023-09-03 19:00:00,22.71794,16.62333,16.16167,16.04167,16.77333,72.13433
2023-09-03 20:00:00,-0.254984,0,0,0,0,-13.577
2023-09-03 21:00:00,-0.2571444,0,0,0,0,-13.67217
2023-09-03 22:00:00,-0.3627735,0,0,0,0,-13.65633
2023-09-03 23:00:00,-0.3872344,0,0,0,0,-13.74584
2023-09-04 00:00:00,-0.3974315,0,0,0,0,-13.718
2023-09-04 01:00:00,-0.3687258,0,0,0,0,-13.68183
2023-09-04 02:00:00,-0.3682345,0,0,0,0,-13.76117
2023-09-04 03:00:00,-0.3707083,0,0,0,0,-13.65767
2023-09-04 04:00:00,-0.3119193,0,0,0,0,-13.646
2023-09-04 05:00:00,-0.3998022,0,0,0,0,-13.854
2023-09-04 06:00:00,6.85777,6.62,5.618332,5.913332,6.551668,28.76883
2023-09-04 07:00:00,329.4922,237.2333,170.5667,191.3717,193.7067,770.9974
2023-09-04 08:00:00,776.2514,1251.272,1120.307,1133.198,1167.785,4502.426
2023-09-04 09:00:00,916.6953,1841.629,1800.578,1762.505,1870.843,7048.247
2023-09-04 10:00:00,808.4609,1619.942,1532.688,1528.047,1427.398,5985.864
2023-09-04 11:00:00,470.0444,1034.285,996.4584,944.8652,1134.587,3993.657
2023-09-04 12:00:00,657.4979,1375.717,1367.193,1336.298,1353.478,5361.027
2023-09-04 13:00:00,733.6319,1366.167,1354.947,1334.875,1465.611,5462.364
2023-09-04 14:00:00,875.3446,1817.04,1809.97,1787.938,1881.503,7178.45
2023-09-04 15:00:00,921.5897,1860.884,1810.568,1765.609,1856.243,7200.107
2023-09-04 16:00:00,914.2607,1864.707,1812.675,1767.902,1857.548,7208.109
2023-09-04 17:00:00,778.1126,1615.29,1593.275,1535.045,1629.665,6287.905
2023-09-04 18:00:00,389.9289,656.2817,668.9683,635.0983,679.5949,2608.912
2023-09-04 19:00:00,21.53405,14.25833,13.57833,13.25333,14.57167,60.75751
2023-09-04 20:00:00,-0.3935091,0,0,0,0,-13.5345
2023-09-04 21:00:00,-0.112329,0,0,0,0,-13.59667
2023-09-04 22:00:00,-0.4729665,0,0,0,0,-13.74167
2023-09-04 23:00:00,-0.2781517,0,0,0,0,-13.63517
2023-09-05 00:00:00,-0.4188794,0,0,0,0,-13.60317
2023-09-05 01:00:00,-0.3980097,0,0,0,0,-13.6095
2023-09-05 02:00:00,-0.2491449,0,0,0,0,-13.82267
2023-09-05 03:00:00,-0.3746363,0,0,0,0,-13.80616
2023-09-05 04:00:00,-0.3702753,0,0,0,0,-13.79883
2023-09-05 05:00:00,-0.3310238,0,0,0,0,-13.603
2023-09-05 06:00:00,6.884572,4.661667,4.34,4.016667,4.838333,20.002
2023-09-05 07:00:00,359.4232,202.5533,132.5466,159.1417,165.0517,646.4107
2023-09-05 08:00:00,773.1072,1237.567,1098.437,1128.535,1158.433,4598.953
2023-09-05 09:00:00,909.8818,1848.618,1796.673,1750.754,1842.148,7193.252
2023-09-05 10:00:00,924.4911,1833.37,1785.48,1737.818,1827.533,7122.695
2023-09-05 11:00:00,895.5761,1778.092,1731.068,1683.922,1774.067,6893.454
2023-09-05 12:00:00,874.4239,1733.693,1689.045,1642.818,1730.63,6712.43
2023-09-05 13:00:00,872.162,1751.344,1703.23,1657.405,1739.085,6764.313
2023-09-05 14:00:00,884.6965,1781.545,1735.525,1693.013,1782.448,6895.403
2023-09-05 15:00:00,912.7082,1825.177,1778.022,1727.105,1813.818,7036.61
2023-09-05 16:00:00,903.7496,1813.013,1753.208,1694.667,1804.009,6964.441
2023-09-05 17:00:00,709.733,1434.165,1392.565,1330.828,1393.325,5379.451
2023-09-05 18:00:00,337.5799,521.6617,517.2383,495.505,530.3317,2019.531
2023-09-05 19:00:00,18.83108,16.96833,16.12167,15.71667,16.975,63.96351
2023-09-05 20:00:00,-0.2799348,0,0,0,0,-13.63
2023-09-05 21:00:00,-0.2694868,0,0,0,0,-13.62833
2023-09-05 22:00:00,-0.4646311,0,0,0,0,-13.66799
2023-09-05 23:00:00,-0.2695874,0,0,0,0,-13.62717
2023-09-06 00:00:00,-0.45727,0,0,0,0,-13.74983
2023-09-06 01:00:00,-0.3245139,0,0,0,0,-13.639
2023-09-06 02:00:00,-0.3401439,0,0,0,0,-13.63933
2023-09-06 03:00:00,-0.3499981,0,0,0,0,-13.66433
2023-09-06 04:00:00,-0.3393788,0,0,0,0,-13.68067
2023-09-06 05:00:00,-0.3327424,0,0,0,0,-13.55783
2023-09-06 06:00:00,5.42473,3.928333,3.2,3.078332,4.076667,19.47734
2023-09-06 07:00:00,355.495,184.15,123.0533,145.6081,153.6767,595.3154
2023-09-06 08:00:00,768.238,1202.892,1068.512,1095.445,1124.258,4470.223
2023-09-06 09:00:00,901.6499,1843.56,1792.725,1744.138,1834.735,7175.097
2023-09-06 10:00:00,913.2829,1825.257,1776.7,1727.018,1818.313,7088.18
2023-09-06 11:00:00,883.715,1755.402,1709.996,1663,1748.238,6800.917
2023-09-06 12:00:00,829.1984,1641.24,1581.988,1550.633,1588.577,6318.082
2023-09-06 13:00:00,405.066,894.9934,954.7016,962.1183,1057.818,3864.065
2023-09-06 14:00:00,500.54,869.155,864.9601,876.2568,944.0433,3487.287
2023-09-06 15:00:00,295.7226,455.57,462.79,450.3483,506.655,1843.922
2023-09-06 16:00:00,230.4195,388.8016,364.92,351.9383,390.7917,1472.982
2023-09-06 17:00:00,129.4203,226.1033,225.5667,222.7283,217.8967,873.6392
2023-09-06 18:00:00,74.59191,106.185,103.1483,100.955,109.4333,408.8262
2023-09-06 19:00:00,11.66737,0,0,0,0,20.91384
2023-09-06 20:00:00,-0.1773478,0,0,0,0,-13.56433
2023-09-06 21:00:00,-0.508855,0,0,0,0,-13.66833
2023-09-06 22:00:00,-0.3721069,0,0,0,0,-13.6045
2023-09-06 23:00:00,-0.406145,0,0,0,0,-13.791
2023-09-07 00:00:00,-0.3896835,0,0,0,0,-13.717
2023-09-07 01:00:00,-0.3617541,0,0,0,0,-13.7365
2023-09-07 02:00:00,-0.288049,0,0,0,0,-13.62183
2023-09-07 03:00:00,-0.4015153,0,0,0,0,-13.7285
2023-09-07 04:00:00,-0.3290199,0,0,0,0,-13.74433
2023-09-07 05:00:00,-0.3352767,0,0,0,0,-13.72683
2023-09-07 06:00:00,4.710884,3.676667,2.751667,3.135,3.356668,18.27717
2023-09-07 07:00:00,346.4578,188.64,128.8417,149.4167,157.8117,617.421
2023-09-07 08:00:00,760.0734,1156.473,1027.164,1052.677,1081.232,4295.471
2023-09-07 09:00:00,893.9733,1827.489,1777.445,1729.288,1821.891,7114.98
2023-09-07 10:00:00,914.6177,1827.325,1778.278,1728.573,1820.98,7090.169
2023-09-07 11:00:00,893.9209,1762.203,1727.748,1680.891,1759.415,6846.159
2023-09-07 12:00:00,421.9579,861.7583,899.1167,885.0016,919.4633,3508.434
2023-09-07 13:00:00,874.6503,1642.134,1658.732,1599.872,1652.913,6444.458
2023-09-07 14:00:00,621.6896,1357.827,1369.163,1357.657,1419.298,5411.68
2023-09-07 15:00:00,748.0313,1339.817,1293.76,1263.458,1324.74,5256.533
2023-09-07 16:00:00,789.6954,1553.748,1454.342,1429.298,1428.842,5832.355
2023-09-07 17:00:00,664.3457,1340.145,1333.023,1292.64,1427.81,5278.595
2023-09-07 18:00:00,141.7249,221.6033,214.6967,202.3584,240.83,880.1795
2023-09-07 19:00:00,12.21609,9.281668,8.188333,7.638332,9.178332,36.16832
2023-09-07 20:00:00,-0.09392993,0,0,0,0,-13.66267
2023-09-07 21:00:00,-0.3771761,0,0,0,0,-13.54683
2023-09-07 22:00:00,-0.2884993,0,0,0,0,-13.58
2023-09-07 23:00:00,-0.3744463,0,0,0,0,-13.62784
2023-09-08 00:00:00,-0.3808147,0,0,0,0,-13.60317
2023-09-08 01:00:00,-0.3755588,0,0,0,0,-13.69683
2023-09-08 02:00:00,-0.3515547,0,0,0,0,-13.7285
2023-09-08 03:00:00,-0.3678353,0,0,0,0,-13.6505
2023-09-08 04:00:00,-0.3278151,0,0,0,0,-13.6645
2023-09-08 05:00:00,-0.4437811,0,0,0,0,-13.62183
2023-09-08 06:00:00,6.968509,2.65,1.796667,1.683333,2.833333,15.47167
2023-09-08 07:00:00,266.1201,208.8167,179.59,186.0517,194.9634,759.3977
2023-09-08 08:00:00,595.1366,888.1734,806.1033,823.3168,849.2216,3348.49
2023-09-08 09:00:00,785.6959,1587.1,1548.264,1504.8,1581.663,6194.388
2023-09-08 10:00:00,808.2515,1693.964,1642.547,1591.522,1668.094,6465.021
2023-09-08 11:00:00,948.3804,1878.928,1826.36,1773.55,1856.915,7256.413
2023-09-08 12:00:00,668.5365,1363.06,1330.863,1291.557,1371.114,5310.76
2023-09-08 13:00:00,759.9996,1527.533,1491.22,1449.707,1501.078,5881.783
2023-09-08 14:00:00,587.6907,1204.505,1166.355,1128.978,1166.485,4544.154
2023-09-08 15:00:00,943.8591,1880.396,1832.537,1788.058,1874.688,7276.308
2023-09-08 16:00:00,807.6758,1619.988,1575.106,1535.695,1617.405,6248.81
2023-09-08 17:00:00,645.7941,1276.578,1276.703,1222.308,1296.958,4904.327
2023-09-08 18:00:00,323.724,529.5667,543.235,513.8333,551.8384,2118.539
2023-09-08 19:00:00,6.559257,0,0,0,0,5.876665
2023-09-08 20:00:00,-0.3653077,0,0,0,0,-13.54933
2023-09-08 21:00:00,-0.3595321,0,0,0,0,-13.5215
2023-09-08 22:00:00,-0.3247178,0,0,0,0,-13.60734
2023-09-08 23:00:00,-0.346072,0,0,0,0,-13.554
2023-09-09 00:00:00,-0.3038335,0,0,0,0,-13.5705
2023-09-09 01:00:00,-0.321921,0,0,0,0,-13.53133
2023-09-09 02:00:00,-0.4428455,0,0,0,0,-13.64283
2023-09-09 03:00:00,-0.3184876,0,0,0,0,-13.66867
2023-09-09 04:00:00,-0.3532586,0,0,0,0,-13.62933
2023-09-09 05:00:00,-0.3553042,0,0,0,0,-13.67767
2023-09-09 06:00:00,6.455641,1.681666,1.341667,1.365,2.13,13.17014
2023-09-09 07:00:00,327.5634,187.7883,134.8933,153.1833,161.9167,626.8182
2023-09-09 08:00:00,765.3541,1123.395,996.4766,1023.692,1053.217,4191.612
2023-09-09 09:00:00,914.971,1850.828,1800.98,1751.14,1842.673,7208.763
2023-09-09 10:00:00,925.1068,1833.772,1786.635,1735.102,1828.45,7122.556
2023-09-09 11:00:00,891.8405,1757.807,1713.292,1664.693,1749.573,6811.051
2023-09-09 12:00:00,867.2388,1709.08,1665.892,1620.506,1703.1,6614.104
2023-09-09 13:00:00,857.6473,1719.726,1676.965,1629.4,1715.977,6655.471
2023-09-09 14:00:00,875.5189,1755.476,1711.473,1664.942,1751.122,6784.014
2023-09-09 15:00:00,903.629,1802.74,1757.203,1709.448,1797.28,6964.63
2023-09-09 16:00:00,898.5447,1788.413,1745.245,1700.32,1790.855,6919.241
2023-09-09 17:00:00,750.7347,1489.73,1483.139,1424.226,1515.51,5826.4
2023-09-09 18:00:00,331.7658,512.32,525.6633,498.4083,532.8367,2034.379
2023-09-09 19:00:00,7.565713,3.821667,3.698333,3.661668,3.86,20.75033
2023-09-09 20:00:00,-0.3178379,0,0,0,0,-13.70117
2023-09-09 21:00:00,-0.386649,0,0,0,0,-13.55733
2023-09-09 22:00:00,-0.3383457,0,0,0,0,-13.68083
2023-09-09 23:00:00,-0.3320238,0,0,0,0,-13.52083
2023-09-10 00:00:00,-0.3335721,0,0,0,0,-13.61983
2023-09-10 01:00:00,-0.2585268,0,0,0,0,-13.60583
2023-09-10 02:00:00,-0.345412,0,0,0,0,-13.62033
2023-09-10 03:00:00,-0.3550267,0,0,0,0,-13.49934
2023-09-10 04:00:00,-0.3517434,0,0,0,0,-13.56633
2023-09-10 05:00:00,-0.3024521,0,0,0,0,-13.56317
2023-09-10 06:00:00,5.215674,0.9816667,0.6866667,0.7216668,0.9466668,7.648835
2023-09-10 07:00:00,338.7996,155.9217,111.2167,125.985,136.5983,519.8545
2023-09-10 08:00:00,778.2354,1103.025,973.3452,1002.605,1029.453,4106.605
2023-09-10 09:00:00,913.5505,1829.141,1780.453,1733.822,1823.915,7135.271
2023-09-10 10:00:00,919.6437,1813.195,1766.913,1717.268,1806.344,7045.953
2023-09-10 11:00:00,882.357,1732.298,1687.305,1640.912,1724.278,6714.199
2023-09-10 12:00:00,862.4515,1691.397,1645.26,1597.761,1678.52,6534.641
2023-09-10 13:00:00,859.1128,1687.022,1648.498,1601.597,1684.233,6532.284
2023-09-10 14:00:00,877.2646,1736.815,1690.372,1644.768,1728.447,6703.521
2023-09-10 15:00:00,896.4084,1765.927,1723.036,1675.258,1765.109,6827.454
2023-09-10 16:00:00,886.5967,1749.57,1706.065,1660.373,1744.383,6758.656
2023-09-10 17:00:00,706.4661,1382.463,1378.495,1322.783,1405.11,5395.829
2023-09-10 18:00:00,291.8068,431.2733,442.1833,418.72,447.0767,1711.072
2023-09-10 19:00:00,5.716641,3.743332,3.486667,3.41,3.743332,18.48951
2023-09-10 20:00:00,-0.2496335,0,0,0,0,-13.47666
2023-09-10 21:00:00,-0.262055,0,0,0,0,-13.59967
2023-09-10 22:00:00,-0.4713353,0,0,0,0,-13.53083
2023-09-10 23:00:00,-0.2903357,0,0,0,0,-13.43917
2023-09-11 00:00:00,-0.3898177,0,0,0,0,-13.47433
2023-09-11 01:00:00,-0.4105409,0,0,0,0,-13.51317
2023-09-11 02:00:00,-0.3576368,0,0,0,0,-13.47583
2023-09-11 03:00:00,-0.3385291,0,0,0,0,-13.56917
2023-09-11 04:00:00,-0.3452252,0,0,0,0,-13.667
2023-09-11 05:00:00,-0.3697484,0,0,0,0,-13.7
2023-09-11 06:00:00,5.440488,1.37,1.275,0.7166668,1.713333,9.523168
2023-09-11 07:00:00,334.2315,198.745,158.5467,168.3167,179.3283,694.2908
2023-09-11 08:00:00,671.6688,1010.567,907.9783,924.3283,951.4651,3808.163
2023-09-11 09:00:00,881.8514,1769.764,1722.725,1674.5,1762.558,6897.629
2023-09-11 10:00:00,901.8774,1772.23,1725.847,1678.982,1763.932,6888.764
2023-09-11 11:00:00,869.5876,1711.575,1666.082,1620.44,1701.52,6632.803
2023-09-11 12:00:00,861.809,1669.973,1630.368,1587.472,1667.422,6473.417
2023-09-11 13:00:00,839.6549,1646.755,1608.785,1563.724,1643.36,6390.392
2023-09-11 14:00:00,858.0923,1712.217,1664.047,1613.437,1694.145,6594.539
2023-09-11 15:00:00,839.5036,1669.68,1624.97,1581.442,1653.227,6451.527
2023-09-11 16:00:00,811.2889,1638.56,1593.134,1548.073,1629.235,6330.741
2023-09-11 17:00:00,713.1759,1396.491,1391.705,1333.59,1414.999,5464.292
2023-09-11 18:00:00,287.7333,421.9233,432.6333,410.185,438.065,1672.005
2023-09-11 19:00:00,4.357609,1.368333,1.313334,1.185,1.375,10.344
2023-09-11 20:00:00,-0.2179255,0,0,0,0,-13.48267
2023-09-11 21:00:00,-0.2405999,0,0,0,0,-13.74283
2023-09-11 22:00:00,-0.507195,0,0,0,0,-13.68017
2023-09-11 23:00:00,-0.4442316,0,0,0,0,-13.59817
2023-09-12 00:00:00,-0.3260531,0,0,0,0,-13.51067
2023-09-12 01:00:00,-0.3437062,0,0,0,0,-13.55116
2023-09-12 02:00:00,-0.3957137,0,0,0,0,-13.6635
2023-09-12 03:00:00,-0.3166167,0,0,0,0,-13.53333
2023-09-12 04:00:00,-0.2591481,0,0,0,0,-13.6835
2023-09-12 05:00:00,-0.3703136,0,0,0,0,-13.855
2023-09-12 06:00:00,3.440914,0,0,0,0,1.419165
2023-09-12 07:00:00,232.2919,152.9683,130.025,134.9417,142.5967,555.3275
2023-09-12 08:00:00,660.4067,931.4702,838.8183,854.5049,882.3383,3498.612
2023-09-12 09:00:00,818.8616,1651.722,1608.887,1564.758,1644.398,6445.262
2023-09-12 10:00:00,840.4866,1704.475,1661.32,1614.273,1695.702,6630.089
2023-09-12 11:00:00,829.6323,1680.122,1634.84,1590.995,1665.707,6515.241
2023-09-12 12:00:00,820.0839,1654.272,1611.452,1564.663,1641,6403.913
2023-09-12 13:00:00,845.2942,1688.673,1646.391,1602.137,1674.302,6530.591
2023-09-12 14:00:00,854.2878,1730.055,1687.36,1642.575,1719.417,6687.822
2023-09-12 15:00:00,886.498,1806.523,1758.472,1713.515,1793.475,6975.448
2023-09-12 16:00:00,787.6396,1607.333,1565.003,1524.121,1598.114,6190.063
2023-09-12 17:00:00,607.5714,1209.428,1194.81,1146.702,1203.235,4669.097
2023-09-12 18:00:00,294.3411,429.2717,438.4217,416.2467,443.4067,1725.113
2023-09-12 19:00:00,3.696342,2.478333,2.193333,2.05,2.71,11.72967
2023-09-12 20:00:00,-0.2641746,0,0,0,0,-13.73767
2023-09-12 21:00:00,-0.3081799,0,0,0,0,-13.69617
2023-09-12 22:00:00,-0.3076136,0,0,0,0,-13.76652
2023-09-12 23:00:00,-0.4620451,0,0,0,0,-13.66583
2023-09-13 00:00:00,-0.1798142,0,0,0,0,-13.83833
2023-09-13 01:00:00,-0.4358679,0,0,0,0,-13.7205
2023-09-13 02:00:00,-0.2668342,0,0,0,0,-13.73867
2023-09-13 03:00:00,-0.3424621,0,0,0,0,-13.74
2023-09-13 04:00:00,-0.4500378,0,0,0,0,-13.69366
2023-09-13 05:00:00,-0.3871641,0,0,0,0,-13.57983
2023-09-13 06:00:00,3.549279,0,0,0,0,-0.6285
2023-09-13 07:00:00,334.3246,134.13,98.93998,109.66,121.4417,458.8
2023-09-13 08:00:00,752.2,1018.508,897.2916,925.3798,955.3433,3790.353
2023-09-13 09:00:00,894.4953,1822.368,1775.62,1727.21,1820.156,7113.595
2023-09-13 10:00:00,901.2397,1793.274,1745.755,1697.9,1786.012,6967.435
2023-09-13 11:00:00,868.1039,1716.298,1670.798,1624.127,1708.489,6649.213
2023-09-13 12:00:00,845.5179,1676.287,1635.127,1587.96,1672.01,6493.43
2023-09-13 13:00:00,841.4532,1667.758,1625.938,1579.24,1659.578,6450.376
2023-09-13 14:00:00,862.0023,1726.611,1683.282,1639.965,1719.25,6679.793
2023-09-13 15:00:00,879.934,1751.942,1711.327,1667.635,1748.93,6782.339
2023-09-13 16:00:00,878.8906,1768.305,1723.09,1679.548,1767.095,6835.361
2023-09-13 17:00:00,714.5063,1412.525,1412.195,1352.268,1438.126,5531.737
2023-09-13 18:00:00,270.542,399.555,410.5217,389.09,416.55,1590.885
2023-09-13 19:00:00,4.318698,0,0,0,0,1.593168
2023-09-13 20:00:00,-0.4073254,0,0,0,0,-13.41167
2023-09-13 21:00:00,-0.564147,0,0,0,0,-13.50834
2023-09-13 22:00:00,-0.4893376,0,0,0,0,-13.554
2023-09-13 23:00:00,-0.2149752,0,0,0,0,-13.51633
2023-09-14 00:00:00,-0.3021796,0,0,0,0,-13.52883
2023-09-14 01:00:00,-0.3808809,0,0,0,0,-13.53517
2023-09-14 02:00:00,-0.3307638,0,0,0,0,-13.63883
2023-09-14 03:00:00,-0.3605892,0,0,0,0,-13.69333
2023-09-14 04:00:00,-0.3709941,0,0,0,0,-13.58267
2023-09-14 05:00:00,-0.314602,0,0,0,0,-13.65767
2023-09-14 06:00:00,3.245666,0,0,0,0,-1.091668
2023-09-14 07:00:00,342.2775,122.0266,91.13665,101.63,114.6917,424.7198
2023-09-14 08:00:00,773.4503,1006.835,870.0267,909.8199,935.0933,3710.905
2023-09-14 09:00:00,913.6124,1830.925,1774.134,1736.64,1828.087,7138.298
2023-09-14 10:00:00,913.099,1795.88,1750.672,1703.617,1785.463,6977.527
2023-09-14 11:00:00,881.8884,1717.65,1673.599,1626.992,1707.428,6653.593
2023-09-14 12:00:00,858.7347,1672.357,1632.435,1587.235,1665.232,6475.84
2023-09-14 13:00:00,856.0914,1685.384,1644.632,1593.745,1673.281,6504.134
2023-09-14 14:00:00,873.8504,1712.91,1674.518,1628.317,1708.845,6627.833
2023-09-14 15:00:00,910.6782,1775.217,1740.141,1687.048,1765.841,6861.493
2023-09-14 16:00:00,912.8566,1785.37,1737.798,1691.281,1776.851,6882.89
2023-09-14 17:00:00,739.1981,1398.022,1400.778,1341,1425.832,5481.208
2023-09-14 18:00:00,276.0605,388.6416,400.4233,379.7483,406.4317,1554.831
2023-09-14 19:00:00,3.862786,0,0,0,0,-0.97
2023-09-14 20:00:00,-0.4619378,0,0,0,0,-13.5365
2023-09-14 21:00:00,-0.3846622,0,0,0,0,-13.7223
2023-09-14 22:00:00,-0.2711042,0,0,0,0,-13.69816
2023-09-14 23:00:00,-0.4061032,0,0,0,0,-13.49717
2023-09-15 00:00:00,-0.2704541,0,0,0,0,-13.4535
2023-09-15 01:00:00,-0.3757958,0,0,0,0,-13.52117
2023-09-15 02:00:00,-0.3377399,0,0,0,0,-13.66617
2023-09-15 03:00:00,-0.3683068,0,0,0,0,-13.693
2023-09-15 04:00:00,-0.3628548,0,0,0,0,-13.73417
2023-09-15 05:00:00,-0.3567841,0,0,0,0,-13.57617
2023-09-15 06:00:00,3.010557,0,0,0,0,-3.126335
2023-09-15 07:00:00,335.2259,120.8633,91.50167,101.2533,112.7317,422.004
2023-09-15 08:00:00,771.6221,959.9648,841.8668,869.4648,895.1952,3554.868
2023-09-15 09:00:00,914.9656,1832.628,1783.8,1734.773,1827.615,7148.474
2023-09-15 10:00:00,910.3154,1782.385,1739.998,1688.953,1774.692,6933.133
2023-09-15 11:00:00,874.2897,1698.205,1653.837,1606.317,1683.417,6572.05
2023-09-15 12:00:00,847.7964,1646.105,1607.07,1559.25,1636.557,6370.677
2023-09-15 13:00:00,844.9039,1667.458,1627.165,1576.96,1654.203,6437.671
2023-09-15 14:00:00,866.2455,1709.205,1667.603,1617.727,1694.984,6591.787
2023-09-15 15:00:00,892.4916,1754.39,1712.325,1660.403,1743.253,6766.604
2023-09-15 16:00:00,893.8898,1757.878,1710.035,1663.665,1746.744,6773.294
2023-09-15 17:00:00,710.4223,1334.422,1335.277,1275.713,1354.662,5223.897
2023-09-15 18:00:00,245.2588,341.4166,350.5067,332.5483,354.1517,1363.27
2023-09-15 19:00:00,3.493141,0,0,0,0,-4.261168
2023-09-15 20:00:00,-0.4305495,0,0,0,0,-13.44734
2023-09-15 21:00:00,-0.3407975,0,0,0,0,-13.614
2023-09-15 22:00:00,-0.3670397,0,0,0,0,-13.77517
2023-09-15 23:00:00,-0.3109418,0,0,0,0,-13.4205
2023-09-16 00:00:00,-0.299653,0,0,0,0,-13.586
2023-09-16 01:00:00,-0.3547046,0,0,0,0,-13.65034
2023-09-16 02:00:00,-0.345309,0,0,0,0,-13.60833
2023-09-16 03:00:00,-0.3138006,0,0,0,0,-13.59766
2023-09-16 04:00:00,-0.3582922,0,0,0,0,-13.646
2023-09-16 05:00:00,-0.2774932,0,0,0,0,-13.54167
2023-09-16 06:00:00,2.378887,0,0,0,0,-4.830665
2023-09-16 07:00:00,314.0879,116.82,91.99167,98.73998,111.7267,418.2838
2023-09-16 08:00:00,729.6772,901.2667,789.9166,816.505,840.3549,3337.954
2023-09-16 09:00:00,865.6248,1731.04,1683.147,1637.367,1721.81,6750.302
2023-09-16 10:00:00,870.5012,1710.422,1665.9,1616.405,1698.442,6644.298
2023-09-16 11:00:00,842.9972,1647.047,1604.697,1557.8,1636.258,6384.459
2023-09-16 12:00:00,823.7778,1593.869,1556.132,1510.276,1587.468,6176.688
2023-09-16 13:00:00,797.8862,1538.993,1531.538,1476.163,1513.288,5987.926
2023-09-16 14:00:00,938.4436,1799.542,1732.415,1668.022,1738.3,6827.267
2023-09-16 15:00:00,711.767,1374.748,1379.361,1314.063,1432.12,5465.773
2023-09-16 16:00:00,247.9308,403.3517,413.497,413.7233,411.1533,1595.857
2023-09-16 17:00:00,296.0916,434.5767,422.3583,412.9667,424.61,1667.045
2023-09-16 18:00:00,206.8873,253.7867,255.7933,245.3767,257.9933,996.2771
2023-09-16 19:00:00,2.364603,0,0,0,0,-8.118833
2023-09-16 20:00:00,-0.2852446,0,0,0,0,-13.53967
2023-09-16 21:00:00,-0.3240944,0,0,0,0,-13.5125
2023-09-16 22:00:00,-0.3471723,0,0,0,0,-13.62633
2023-09-16 23:00:00,-0.4452591,0,0,0,0,-13.51884
2023-09-17 00:00:00,-0.4222164,0,0,0,0,-13.55133
2023-09-17 01:00:00,-0.4279797,0,0,0,0,-13.58217
2023-09-17 02:00:00,-0.4039778,0,0,0,0,-13.56033
2023-09-17 03:00:00,-0.2645365,0,0,0,0,-13.42134
2023-09-17 04:00:00,-0.3934728,0,0,0,0,-13.55367
2023-09-17 05:00:00,-0.2714722,0,0,0,0,-13.6385
2023-09-17 06:00:00,2.652143,0,0,0,0,1.5035
2023-09-17 07:00:00,221.571,136.3,118.3283,120.6467,129.115,501.1259
2023-09-17 08:00:00,618.4543,787.1983,702.0966,720.2584,750.0499,2956.3
2023-09-17 09:00:00,797.4812,1584.54,1520.21,1490.437,1580.675,6158.189
2023-09-17 10:00:00,820.5466,1650.094,1578.616,1540.073,1623.437,6328.554
2023-09-17 11:00:00,717.3563,1518.345,1456.001,1405.632,1514.78,5778.313
2023-09-17 12:00:00,793.2292,1538.495,1476.05,1444.02,1533.39,5926.914
2023-09-17 13:00:00,794.0874,1542.86,1484.012,1451.707,1543.746,5949.632
2023-09-17 14:00:00,814.9943,1604.89,1547.157,1513.423,1603.34,6185.597
2023-09-17 15:00:00,832.1688,1632.14,1566.708,1536.233,1624.873,6270.619
2023-09-17 16:00:00,805.0615,1582.89,1515.878,1488.37,1579.567,6076.776
2023-09-17 17:00:00,587.2369,1070.378,1053.533,1017.313,1085.925,4161.016
2023-09-17 18:00:00,124.1649,165.495,164.62,158.0267,174.57,673.2236
2023-09-17 19:00:00,1.524701,0,0,0,0,-10.87633
2023-09-17 20:00:00,-0.3657713,0,0,0,0,-13.41516
2023-09-17 21:00:00,-0.3570161,0,0,0,0,-13.56167
2023-09-17 22:00:00,-0.4157116,0,0,0,0,-13.52234
2023-09-17 23:00:00,-0.559633,0,0,0,0,-13.40333
2023-09-18 00:00:00,-0.08172755,0,0,0,0,-13.49634
2023-09-18 01:00:00,-0.3540073,0,0,0,0,-13.5995
2023-09-18 02:00:00,-0.3680441,0,0,0,0,-13.67459
2023-09-18 03:00:00,-0.3925925,0,0,0,0,-13.60317
2023-09-18 04:00:00,-0.3990031,0,0,0,0,-13.73833
2023-09-18 05:00:00,-0.4392982,0,0,0,0,-13.59616
2023-09-18 06:00:00,1.203275,0,0,0,0,-11.53233
2023-09-18 07:00:00,211.4621,138.7133,124.025,124.6783,132.9317,528.7374
2023-09-18 08:00:00,568.1719,708.8268,638.0683,644.7917,653.27,2641.322
2023-09-18 09:00:00,545.8901,1032.69,952.7332,921.51,958.6799,3887.231
2023-09-18 10:00:00,734.5965,1434.483,1369.157,1341.222,1444.31,5573.189
2023-09-18 11:00:00,691.9988,1345.998,1284.761,1269.408,1355.462,5204.023
2023-09-18 12:00:00,698.0773,1381.628,1311.817,1287.13,1362.49,5260.891
2023-09-18 13:00:00,704.0186,1416.062,1351.635,1329.114,1415.185,5465.061
2023-09-18 14:00:00,706.3336,1453.862,1388.233,1360.932,1447.356,5600.056
2023-09-18 15:00:00,841.8544,1715.615,1637.443,1604.135,1698.853,6569.688
2023-09-18 16:00:00,823.7186,1730.2,1653.592,1619.683,1706.34,6625.377
2023-09-18 17:00:00,627.8809,1187.196,1174.142,1136.505,1207.96,4657.114
2023-09-18 18:00:00,207.746,276.3333,277.39,267.2433,284.9883,1095.301
2023-09-18 19:00:00,2.531698,0,0,0,0,-8.240332
2023-09-18 20:00:00,-0.3556798,0,0,0,0,-13.46567
2023-09-18 21:00:00,-0.3730609,0,0,0,0,-13.67566
2023-09-18 22:00:00,-0.2963159,0,0,0,0,-13.68
2023-09-18 23:00:00,-0.4585238,0,0,0,0,-13.6685
2023-09-19 00:00:00,-0.358786,0,0,0,0,-13.6835
2023-09-19 01:00:00,-0.3647726,0,0,0,0,-13.62967
2023-09-19 02:00:00,-0.3488975,0,0,0,0,-13.62417
2023-09-19 03:00:00,-0.3547111,0,0,0,0,-13.592
2023-09-19 04:00:00,-0.3511764,0,0,0,0,-13.61633
2023-09-19 05:00:00,-0.2630438,0,0,0,0,-13.60516
2023-09-19 06:00:00,1.440821,0,0,0,0,-9.019169
2023-09-19 07:00:00,241.9892,118.8217,102.2283,106.735,117.72,447.1986
2023-09-19 08:00:00,771.9415,933.8099,824.4234,850.6768,883.015,3482.897
2023-09-19 09:00:00,884.2226,1690.247,1626.775,1591.562,1724.22,6609.971
2023-09-19 10:00:00,491.3549,998.8832,941.2967,933.4533,983.3665,3832.035
2023-09-19 11:00:00,749.2508,1586.66,1505.347,1480.212,1572.097,6111.8
2023-09-19 12:00:00,811.7614,1650.562,1581.748,1549.849,1641.207,6364.503
2023-09-19 13:00:00,831.9337,1678.64,1603.997,1571.793,1666.562,6450.873
2023-09-19 14:00:00,849.3815,1721.675,1649.868,1616.835,1714.42,6624.296
2023-09-19 15:00:00,868.2703,1762.057,1687.418,1652.472,1753.213,6767.922
2023-09-19 16:00:00,857.2875,1736.645,1663.28,1628.466,1729.262,6666.318
2023-09-19 17:00:00,661.4851,1247.462,1239.553,1189.171,1279.127,4897.431
2023-09-19 18:00:00,161.5546,210.9417,213.9367,204.285,222.795,869.1044
2023-09-19 19:00:00,1.55733,0,0,0,0,-12.45483
2023-09-19 20:00:00,-0.2180378,0,0,0,0,-13.62633
2023-09-19 21:00:00,-0.2933654,0,0,0,0,-13.55417
2023-09-19 22:00:00,-0.4249901,0,0,0,0,-13.64667
2023-09-19 23:00:00,-0.3015903,0,0,0,0,-13.64183
2023-09-20 00:00:00,-0.3195147,0,0,0,0,-13.685
2023-09-20 01:00:00,-0.3151946,0,0,0,0,-13.72533
2023-09-20 02:00:00,-0.4222799,0,0,0,0,-13.703
2023-09-20 03:00:00,-0.3295901,0,0,0,0,-13.63517
2023-09-20 04:00:00,-0.3460765,0,0,0,0,-13.629
2023-09-20 05:00:00,-0.331488,0,0,0,0,-13.8365
2023-09-20 06:00:00,1.357934,0,0,0,0,-10.49583
2023-09-20 07:00:00,301.0437,92.13335,74.88,79.41499,93.35334,340.015
2023-09-20 08:00:00,750.9872,828.7599,717.4017,748.6067,783.9584,3077.482
2023-09-20 09:00:00,896.3331,1881.36,1803.267,1769.491,1876.853,7311.357
2023-09-20 10:00:00,891.6243,1884.642,1804.177,1766.188,1870.515,7283.613
2023-09-20 11:00:00,858.9915,1806.303,1731.452,1695.598,1795.68,6979.151
2023-09-20 12:00:00,834.1226,1747.912,1676.328,1641.83,1740.062,6754.78
2023-09-20 13:00:00,826.2128,1712.397,1639.467,1605.563,1703.655,6603.466
2023-09-20 14:00:00,845.4456,1776.59,1699.065,1663.644,1763.615,6834.123
2023-09-20 15:00:00,874.2659,1876.103,1795.105,1757.356,1861.887,7218.171
2023-09-20 16:00:00,877.73,1914.03,1833.615,1796.34,1902.698,7375
2023-09-20 17:00:00,673.0298,1318.472,1311.82,1258.27,1351.152,5198.793
2023-09-20 18:00:00,183.0246,242.105,246.2283,235.525,254.5833,977.6271
2023-09-20 19:00:00,1.136988,0,0,0,0,-13.37533
2023-09-20 20:00:00,-0.1759376,0,0,0,0,-13.49717
2023-09-20 21:00:00,-0.3715929,0,0,0,0,-13.6875
2023-09-20 22:00:00,-0.4569404,0,0,0,0,-13.70533
2023-09-20 23:00:00,-0.3405513,0,0,0,0,-13.67367
2023-09-21 00:00:00,-0.3262109,0,0,0,0,-13.6905
2023-09-21 01:00:00,-0.2566768,0,0,0,0,-13.69633
2023-09-21 02:00:00,-0.1983205,0,0,0,0,-13.78783
2023-09-21 03:00:00,-0.1426657,0,0,0,0,-13.7655
2023-09-21 04:00:00,-0.3302141,0,0,0,0,-13.93817
2023-09-21 05:00:00,-0.3226716,0,0,0,0,-13.72167
2023-09-21 06:00:00,0.7386693,0,0,0,0,-12.66983
2023-09-21 07:00:00,254.0965,93.37833,79.88999,82.22166,93.82,352.9665
2023-09-21 08:00:00,690.1669,785.1817,683.7468,709.7833,740.7333,2911.87
2023-09-21 09:00:00,858.8284,1790.23,1718.045,1689.493,1794.472,6982.181
2023-09-21 10:00:00,539.4146,1001.588,987.3866,961.2234,1041.122,3875.851
2023-09-21 11:00:00,455.2047,1005.1,942.3551,967.6782,1043.127,4005.195
2023-09-21 12:00:00,373.8972,820.9167,769.92,745.0816,788.7368,3098.82
2023-09-21 13:00:00,473.2125,982.7416,939.3749,906.4666,967.4982,3697.053
2023-09-21 14:00:00,217.1396,433.1667,421.1167,406.325,435.91,1625.01
2023-09-21 15:00:00,649.7251,1200.892,1146.575,1114.225,1190.24,4646.034
2023-09-21 16:00:00,289.8834,505.83,560.36,615.9133,650.0016,2420.635
2023-09-21 17:00:00,88.27731,152.8833,141.65,138.81,145.215,563.1057
2023-09-21 18:00:00,13.15666,6.368332,5.105,4.973332,6.493332,53.95818
2023-09-21 19:00:00,0.04432945,0,0,0,0,-14.43383
2023-09-21 20:00:00,-0.3493204,0,0,0,0,-13.65817
2023-09-21 21:00:00,-0.3487647,0,0,0,0,-13.6625
2023-09-21 22:00:00,-0.2835283,0,0,0,0,-13.72717
2023-09-21 23:00:00,-0.3443085,0,0,0,0,-13.71933
2023-09-22 00:00:00,-0.2757001,0,0,0,0,-13.67
2023-09-22 01:00:00,-0.2376969,0,0,0,0,-13.787
2023-09-22 02:00:00,-0.3282104,0,0,0,0,-13.868
2023-09-22 03:00:00,-0.2766101,0,0,0,0,-13.7995
2023-09-22 04:00:00,-0.2538639,0,0,0,0,-14.0775
2023-09-22 05:00:00,-0.3213846,0,0,0,0,-13.94983
2023-09-22 06:00:00,1.000968,0,0,0,0,-12.9965
2023-09-22 07:00:00,252.3765,97.57166,85.94832,86.69332,99.18833,373.103
2023-09-22 08:00:00,667.8706,732.1701,641.8633,656.9999,693.3516,2715.963
2023-09-22 09:00:00,835.3516,1739.552,1667.985,1622.595,1733.292,6737.108
2023-09-22 10:00:00,854.6425,1788.17,1715.273,1665.117,1779.525,6906.747
2023-09-22 11:00:00,831.2206,1723.813,1653.693,1601.375,1717.197,6641.592
2023-09-22 12:00:00,788.416,1619.033,1553.067,1507.64,1613.462,6239.247
2023-09-22 13:00:00,783.5641,1623.357,1553.813,1507.457,1607.955,6240.063
2023-09-22 14:00:00,797.1848,1648.514,1580.438,1531.08,1644.68,6339.961
2023-09-22 15:00:00,835.0341,1735.038,1662.312,1611.307,1728.68,6666.767
2023-09-22 16:00:00,821.4355,1701.99,1633.976,1583.63,1700.657,6544.227
2023-09-22 17:00:00,593.2373,1099.473,1097.222,1042.655,1132.577,4329.101
2023-09-22 18:00:00,139.5845,172.3734,174.0867,165.325,180.8367,695.4866
2023-09-22 19:00:00,0.5759178,0,0,0,0,-14.17167
2023-09-22 20:00:00,-0.2515987,0,0,0,0,-13.634
2023-09-22 21:00:00,-0.2669005,0,0,0,0,-13.69733
2023-09-22 22:00:00,-0.35772,0,0,0,0,-13.71284
2023-09-22 23:00:00,-0.2584992,0,0,0,0,-13.59933
2023-09-23 00:00:00,-0.2907519,0,0,0,0,-13.59667
2023-09-23 01:00:00,-0.2873761,0,0,0,0,-13.76291
2023-09-23 02:00:00,-0.3531489,0,0,0,0,-13.813
2023-09-23 03:00:00,-0.3012187,0,0,0,0,-13.74817
2023-09-23 04:00:00,-0.3270377,0,0,0,0,-13.73
2023-09-23 05:00:00,-0.2700293,0,0,0,0,-13.84
2023-09-23 06:00:00,0.8598046,0,0,0,0,-12.52283
2023-09-23 07:00:00,251.3616,85.805,76.29832,77.14499,89.515,332.9992
2023-09-23 08:00:00,686.1756,709.2451,618.6833,635.9167,669.9133,2625.127
2023-09-23 09:00:00,851.5985,1781.903,1708.703,1660.18,1777.008,6913.748
2023-09-23 10:00:00,849.077,1753.134,1680.35,1629.861,1744.215,6772.591
2023-09-23 11:00:00,814.6237,1654.283,1585.922,1537.423,1646.96,6377.377
2023-09-23 12:00:00,788.91,1592.614,1528.26,1485.005,1588.605,6140.414
2023-09-23 13:00:00,783.8856,1598.36,1537.039,1494.15,1594.519,6160.679
2023-09-23 14:00:00,767.3229,1578.92,1523.767,1430.8,1540.644,6060.037
2023-09-23 15:00:00,876.7155,1749.005,1663.985,1597.631,1681.605,6627.55
2023-09-23 16:00:00,491.7614,1032.655,1008.94,1008.26,1108.428,4059.98
2023-09-23 17:00:00,200.2134,314.66,300.975,297.1967,324.9033,1208.776
2023-09-23 18:00:00,34.99963,35.92834,33.78999,32.27667,36.30666,170.3495
2023-09-23 19:00:00,0.08695845,0,0,0,0,-14.08317
2023-09-23 20:00:00,-0.3460562,0,0,0,0,-13.66416
2023-09-23 21:00:00,-0.4055952,0,0,0,0,-13.62033
2023-09-23 22:00:00,-0.2663023,0,0,0,0,-13.616
2023-09-23 23:00:00,-0.2167937,0,0,0,0,-13.67817
2023-09-24 00:00:00,-0.2595294,0,0,0,0,-13.6725
2023-09-24 01:00:00,-0.4925139,0,0,0,0,-13.614
2023-09-24 02:00:00,-0.305739,0,0,0,0,-13.63183
2023-09-24 03:00:00,-0.4382324,0,0,0,0,-13.6955
2023-09-24 04:00:00,-0.1714509,0,0,0,0,-13.69016
2023-09-24 05:00:00,-0.3789414,0,0,0,0,-13.71667
2023-09-24 06:00:00,-0.1537459,0,0,0,0,-13.699
2023-09-24 07:00:00,13.89716,12.51833,10.09833,9.501668,11.49667,76.50116
2023-09-24 08:00:00,103.9228,157.5917,150.2217,148.065,159.635,597.7032
2023-09-24 09:00:00,208.7776,314.8234,303.0367,295.17,315.2333,1196.379
2023-09-24 10:00:00,228.02,403.765,386.3317,376.9767,400.9933,1530.628
2023-09-24 11:00:00,456.5542,944.4151,899.2867,867.88,942.7916,3591.22
2023-09-24 12:00:00,647.6943,1363.842,1315.928,1283.205,1350.585,5225.415
2023-09-24 13:00:00,283.9802,609.7183,589.0983,575.9384,618.8766,2385.955
2023-09-24 14:00:00,286.4989,583.3167,560.1467,544.4867,583.4534,2256.037
2023-09-24 15:00:00,150.7528,267.3667,254.8233,246.7767,262.695,1016.056
2023-09-24 16:00:00,60.52616,109.87,104.58,100.4517,107.2033,407.1113
2023-09-24 17:00:00,39.95977,84.37833,78.48165,76.25666,81.74667,305.4447
2023-09-24 18:00:00,8.799031,6.243332,5.408332,4.516667,6.581667,40.85867
2023-09-24 19:00:00,-0.376745,0,0,0,0,-13.74667
2023-09-24 20:00:00,-0.1681383,0,0,0,0,-13.71183
2023-09-24 21:00:00,-0.1918111,0,0,0,0,-13.7345
2023-09-24 22:00:00,-0.2083425,0,0,0,0,-13.6695
2023-09-24 23:00:00,-0.2504309,0,0,0,0,-13.62967
2023-09-25 00:00:00,-0.2319275,0,0,0,0,-13.5435
2023-09-25 01:00:00,-0.2431898,0,0,0,0,-13.66333
2023-09-25 02:00:00,-0.1832684,0,0,0,0,-13.66267
2023-09-25 03:00:00,-0.2655895,0,0,0,0,-13.447
2023-09-25 04:00:00,-0.3968787,0,0,0,0,-13.67833
2023-09-25 05:00:00,-0.1791024,0,0,0,0,-13.67783
2023-09-25 06:00:00,0.1755274,0,0,0,0,-13.78833
2023-09-25 07:00:00,63.20427,51.53166,49.35,47.425,51.73167,205.4612
2023-09-25 08:00:00,198.4178,299.8417,281.6433,271.8033,291.0867,1063.06
2023-09-25 09:00:00,360.4476,667.885,650.5083,645.7817,692.5117,2616.527
2023-09-25 10:00:00,336.1518,680.0484,655.3699,622.8367,673.3084,2647.697
2023-09-25 11:00:00,227.931,472.5033,454.12,447.6983,480.4167,1839.881
2023-09-25 12:00:00,311.9706,691.7767,658.4133,632.6334,671.095,2667.931
2023-09-25 13:00:00,334.6935,731.5817,697.9767,676.2883,718.3417,2811.496
2023-09-25 14:00:00,211.9724,430.8933,413.76,401.2367,431.9533,1665.575
2023-09-25 15:00:00,125.7716,226.7016,216.2333,209.04,223.375,859.6476
2023-09-25 16:00:00,116.02,188.5833,180.3284,172.9317,184.13,712.9124
2023-09-25 17:00:00,71.19481,141.2217,130.8583,126.21,131.7184,517.9755
2023-09-25 18:00:00,18.98328,21.03167,18.77666,17.37667,20.49167,106.2212
2023-09-25 19:00:00,-0.01804895,0,0,0,0,-14.0035
2023-09-25 20:00:00,-0.348227,0,0,0,0,-13.659
2023-09-25 21:00:00,-0.1676683,0,0,0,0,-13.85183
2023-09-25 22:00:00,-0.2714179,0,0,0,0,-13.78817
2023-09-25 23:00:00,-0.1641064,0,0,0,0,-13.72678
2023-09-26 00:00:00,-0.2012055,0,0,0,0,-13.752
2023-09-26 01:00:00,-0.4169939,0,0,0,0,-13.75517
2023-09-26 02:00:00,-0.2887574,0,0,0,0,-13.73667
2023-09-26 03:00:00,-0.2587572,0,0,0,0,-13.41433
2023-09-26 04:00:00,-0.1462371,0,0,0,0,-13.56617
2023-09-26 05:00:00,-0.3696317,0,0,0,0,-13.41067
2023-09-26 06:00:00,0.2428682,0,0,0,0,-13.5095
2023-09-26 07:00:00,71.6526,59.57166,57.75834,56.67166,62.71167,236.722
2023-09-26 08:00:00,387.8871,347.005,293.055,286.8,268.2633,1123.569
2023-09-26 09:00:00,246.766,357.4117,334.6633,320.045,332.695,1312.49
2023-09-26 10:00:00,304.7982,543.215,525.3884,516.2917,556.2667,2107.252
2023-09-26 11:00:00,400.6916,792.9301,760.5167,726.73,744.4617,3018.136
2023-09-26 12:00:00,509.1231,1114.075,1085.557,1053.757,1144.463,4298.281
2023-09-26 13:00:00,307.8728,655.5601,632.2383,625.765,719.74,2583.354
2023-09-26 14:00:00,289.3711,659.48,677.0466,682.8901,709.6251,2771.725
2023-09-26 15:00:00,641.4636,1249.567,1261.263,1243.402,1324.568,5121.21
2023-09-26 16:00:00,847.3046,1570.683,1518.587,1447.055,1573.907,6107.993
2023-09-26 17:00:00,650.5222,1149.487,1150.725,1100.153,1185.425,4551.966
2023-09-26 18:00:00,82.7452,85.265,76.81834,74.81501,74.32499,313.3568
2023-09-26 19:00:00,-0.04508185,0,0,0,0,-14.1325
2023-09-26 20:00:00,-0.3227971,0,0,0,0,-13.79983
2023-09-26 21:00:00,-0.3756752,0,0,0,0,-13.8865
2023-09-26 22:00:00,-0.3548581,0,0,0,0,-13.90534
2023-09-26 23:00:00,-0.2621224,0,0,0,0,-13.6495
2023-09-27 00:00:00,-0.3582211,0,0,0,0,-13.6745
2023-09-27 01:00:00,-0.2972373,0,0,0,0,-13.62434
2023-09-27 02:00:00,-0.2950085,0,0,0,0,-13.5745
2023-09-27 03:00:00,-0.3356662,0,0,0,0,-13.69967
2023-09-27 04:00:00,-0.4341206,0,0,0,0,-13.8465
2023-09-27 05:00:00,-0.2444516,0,0,0,0,-13.7085
2023-09-27 06:00:00,-0.04683355,0,0,0,0,-13.81483
2023-09-27 07:00:00,46.64148,26.205,23.04833,22.96,24.87667,119.111
2023-09-27 08:00:00,602.0794,553.3716,543.4016,543.315,592.2032,2222.621
2023-09-27 09:00:00,883.5952,1836.41,1759.788,1714.739,1831.134,7046.088
2023-09-27 10:00:00,846.8956,1516.28,1464.56,1406.33,1448.707,5854.07
2023-09-27 11:00:00,843.5941,1795.54,1721.897,1670.09,1786.788,6917.865
2023-09-27 12:00:00,814.9262,1669.361,1605.09,1574.361,1683.243,6482.488
2023-09-27 13:00:00,799.5322,1658.568,1589.782,1543.76,1654.399,6361.345
2023-09-27 14:00:00,808.1883,1692.647,1631.886,1574.803,1722.505,6531.081
2023-09-27 15:00:00,844.0151,1803.807,1720.438,1673.036,1791.862,6922.768
2023-09-27 16:00:00,844.0938,1826.913,1756.24,1699.516,1821.644,7029.283
2023-09-27 17:00:00,582.0166,1096.193,1098.602,1041.582,1130.62,4325.503
2023-09-27 18:00:00,100.9475,110.16,112.3567,106.7717,116.8533,450.4625
2023-09-27 19:00:00,0.1454371,0,0,0,0,-14.0185
2023-09-27 20:00:00,-0.2906998,0,0,0,0,-13.76284
2023-09-27 21:00:00,-0.3004924,0,0,0,0,-13.83217
2023-09-27 22:00:00,-0.3824607,0,0,0,0,-13.66783
2023-09-27 23:00:00,-0.1646627,0,0,0,0,-13.683
2023-09-28 00:00:00,-0.2792096,0,0,0,0,-13.612
2023-09-28 01:00:00,-0.3807752,0,0,0,0,-13.7445
2023-09-28 02:00:00,-0.2900565,0,0,0,0,-13.6635
2023-09-28 03:00:00,-0.2412551,0,0,0,0,-13.82967
2023-09-28 04:00:00,-0.3491811,0,0,0,0,-13.967
2023-09-28 05:00:00,-0.3029856,0,0,0,0,-13.99033
2023-09-28 06:00:00,0.5526856,0,0,0,0,-13.78683
2023-09-28 07:00:00,221.7383,75.13332,69.69501,72.73999,85.76334,308.8083
2023-09-28 08:00:00,688.0395,581.2118,508.6399,526.9268,561.5899,2159.794
2023-09-28 09:00:00,861.7693,1835.285,1756.828,1711.161,1828.818,7086.12
2023-09-28 10:00:00,858.2945,1800.418,1726.807,1676.239,1791.245,6952.625
2023-09-28 11:00:00,819.7256,1725.977,1655.577,1606.677,1717.757,6659.129
2023-09-28 12:00:00,795.1274,1672.875,1604.143,1556.644,1664.123,6448.815
2023-09-28 13:00:00,802.3885,1659.25,1590.09,1545.05,1652.1,6394.983
2023-09-28 14:00:00,815.3424,1706.115,1637.715,1591.948,1702.655,6580.776
2023-09-28 15:00:00,832.5699,1755.793,1681.995,1633.744,1746.805,6744.759
2023-09-28 16:00:00,816.6395,1718.968,1655.667,1607.769,1717.88,6652.351
2023-09-28 17:00:00,561.6175,1032.812,1035.703,980.6415,1067.023,4062.618
2023-09-28 18:00:00,87.21446,93.81167,95.55167,90.295,99.65166,378.7232
2023-09-28 19:00:00,-0.1488485,0,0,0,0,-13.85267
2023-09-28 20:00:00,-0.219304,0,0,0,0,-13.6035
2023-09-28 21:00:00,-0.2087584,0,0,0,0,-13.82833
2023-09-28 22:00:00,-0.3113903,0,0,0,0,-13.70883
2023-09-28 23:00:00,-0.2864078,0,0,0,0,-13.63167
2023-09-29 00:00:00,-0.2886223,0,0,0,0,-13.74367
2023-09-29 01:00:00,-0.2578694,0,0,0,0,-13.7195
2023-09-29 02:00:00,-0.3608813,0,0,0,0,-13.704
2023-09-29 03:00:00,-0.3032616,0,0,0,0,-13.69183
2023-09-29 04:00:00,-0.3025976,0,0,0,0,-13.8745
2023-09-29 05:00:00,-0.2965646,0,0,0,0,-14.04583
2023-09-29 06:00:00,0.1792399,0,0,0,0,-13.8225
2023-09-29 07:00:00,125.3234,100.7783,95.97165,92.68667,100.105,391.205
2023-09-29 08:00:00,302.8628,394.16,370.9517,361.0917,378.92,1500.433
2023-09-29 09:00:00,338.1291,481.105,466.9266,455.1931,488.6583,1888.696
2023-09-29 10:00:00,387.0396,748.4717,721.8417,681.7333,726.5433,2857.499
2023-09-29 11:00:00,383.3906,788.6617,754.025,730.82,779.3134,3045.039
2023-09-29 12:00:00,335.3286,747.4166,717.0466,696.9733,746.3934,2896.508
2023-09-29 13:00:00,289.5243,646.8217,620.8583,602.4767,644.6333,2500.16
2023-09-29 14:00:00,596.6657,1270.638,1198.915,1141.752,1218.275,4711.431
2023-09-29 15:00:00,459.3253,926.6982,887.7217,868.9633,889.6133,3560.298
2023-09-29 16:00:00,156.3951,228.7733,220.0917,216.725,228.66,879.2928
2023-09-29 17:00:00,22.9826,27.3,24.48166,24.44,24.73833,143.3892
2023-09-29 18:00:00,10.84884,7.103333,6.483333,5.384999,8.066668,66.64551
2023-09-29 19:00:00,-0.3119471,0,0,0,0,-13.799
2023-09-29 20:00:00,-0.1203735,0,0,0,0,-13.78783
2023-09-29 21:00:00,-0.2144363,0,0,0,0,-13.76767
2023-09-29 22:00:00,-0.00858913,0,0,0,0,-13.56866
2023-09-29 23:00:00,-0.1980132,0,0,0,0,-13.6055
2023-09-30 00:00:00,-0.2599926,0,0,0,0,-13.53166
2023-09-30 01:00:00,-0.271423,0,0,0,0,-13.46867
2023-09-30 02:00:00,-0.0639658,0,0,0,0,-13.33533
2023-09-30 03:00:00,-0.1989645,0,0,0,0,-13.26567
2023-09-30 04:00:00,-0.320667,0,0,0,0,-13.23767
2023-09-30 05:00:00,-0.1258024,0,0,0,0,-13.37084
2023-09-30 06:00:00,0.05887531,0,0,0,0,-13.274
2023-09-30 07:00:00,34.50792,29.18333,26.18333,25.72833,28.74,116.07
2023-09-30 08:00:00,62.35585,106.6234,101.26,100.12,108.4967,389.513
2023-09-30 09:00:00,127.8657,189.0567,185.5333,179.255,197.36,707.7401
2023-09-30 10:00:00,164.0105,306.5867,287.0017,281.7783,274.5567,1087.461
2023-09-30 11:00:00,305.6531,632.02,610.1917,591.9567,622.625,2387.483
2023-09-30 12:00:00,294.6352,647.7316,616.0217,601.2467,631.075,2503.203
2023-09-30 13:00:00,187.4563,427.78,405.3883,391.8533,413.1567,1613.929
2023-09-30 14:00:00,393.7463,772.875,746.3983,726.5333,776.8383,2995.421
2023-09-30 15:00:00,775.2202,1385.302,1400.386,1369.108,1554.715,5662.007
2023-09-30 16:00:00,564.1475,1073.112,1028.497,973.2584,1063.49,4096.868
2023-09-30 17:00:00,423.8054,723.715,705.975,670.8434,716.0018,2850.178
2023-09-30 18:00:00,33.19168,33.61832,32.18833,31.68167,35.07333,136.4437
2023-09-30 19:00:00,-0.2325126,0,0,0,0,-13.927
2023-09-30 20:00:00,-0.283264,0,0,0,0,-13.74984
2023-09-30 21:00:00,-0.2165657,0,0,0,0,-13.709
2023-09-30 22:00:00,-0.3028031,0,0,0,0,-13.65983
2023-09-30 23:00:00,-0.3362217,0,0,0,0,-13.7575
