Sarah,Unnamed: 1,Unnamed: 2,Unnamed: 3,Unnamed: 4,Unnamed: 5
,,,,,
Timestamp,POA,"Eaton Power Xpert 1670 1, Real power","Eaton Power Xpert 1670 2, Real power","Eaton Power Xpert 1670 3, Real power",Production meter active power
,W/mÂ²,kW,kW,kW,kW
2023-09-01 00:00:00,0,0,0,0,
2023-09-01 01:00:00,0,0,0,0,
2023-09-01 02:00:00,0,0,0,0,
2023-09-01 03:00:00,0,0,0,0,
2023-09-01 04:00:00,0,0,0,0,
2023-09-01 05:00:00,0,0,0,0,
2023-09-01 06:00:00,0.484375,0,0,0,
2023-09-01 07:00:00,55.61909,78.68439,57.97067,85.24017,
2023-09-01 08:00:00,244.8955,439.8853,407.2299,479.517,
2023-09-01 09:00:00,478.3895,842.3312,864.0012,903.9879,
2023-09-01 10:00:00,689.368,1139.146,1226.995,1232.196,
2023-09-01 11:00:00,849.7893,1338.629,1449.812,1454.15,
2023-09-01 12:00:00,929.0977,1412.417,1545.986,1541.167,
2023-09-01 13:00:00,969.4869,1294.42,1500.571,1563.846,
2023-09-01 14:00:00,914.0289,1364.043,1492.667,1477.487,
2023-09-01 15:00:00,784.6632,1192.262,1310.876,1293.187,
2023-09-01 16:00:00,600.1647,937.4433,1030.865,1008.585,
2023-09-01 17:00:00,377.0873,579.3749,640.5399,617.2919,
2023-09-01 18:00:00,159.7617,183.4787,223.3907,181.8645,
2023-09-01 19:00:00,18.92001,6.223975,6.279575,4.806149,
2023-09-01 20:00:00,0.07791667,0,0,0,
2023-09-01 21:00:00,0,0,0,0,
2023-09-01 22:00:00,0,0,0,0,
2023-09-01 23:00:00,0,0,0,0,
2023-09-02 00:00:00,0,0,0,0,
2023-09-02 01:00:00,0,0,0,0,
2023-09-02 02:00:00,0,0,0,0,
2023-09-02 03:00:00,0,0,0,0,
2023-09-02 04:00:00,0,0,0,0,
2023-09-02 05:00:00,0,0,0,0,
2023-09-02 06:00:00,0.859889,0.5984142,0.4722222,0.3730027,
2023-09-02 07:00:00,54.12743,85.90385,68.4208,100.6204,
2023-09-02 08:00:00,209.3578,387.0447,370.3479,429.308,
2023-09-02 09:00:00,464.4056,816.8321,854.4204,884.4389,
2023-09-02 10:00:00,688.2563,1118.878,1212.964,1218.618,
2023-09-02 11:00:00,848.9602,1318.655,1439.268,1430.413,
2023-09-02 12:00:00,944.7188,1411.196,1546.927,1531.839,
2023-09-02 13:00:00,967.9769,1410.692,1539.685,1521.625,
2023-09-02 14:00:00,915.6747,1331.682,1463.125,1444.678,
2023-09-02 15:00:00,787.6708,1170.524,1288.823,1265.737,
2023-09-02 16:00:00,601.5903,916.0182,1008.619,988.8037,
2023-09-02 17:00:00,377.9738,564.955,629.2488,603.9038,
2023-09-02 18:00:00,157.399,173.6111,213.7569,179.3988,
2023-09-02 19:00:00,17.93351,2.019871,3.405675,3.09025,
2023-09-02 20:00:00,0.08472223,0,0,0,
2023-09-02 21:00:00,0.0065,0,0,0,
2023-09-02 22:00:00,0.015625,0,0,0,
2023-09-02 23:00:00,0,0,0,0,
2023-09-03 00:00:00,0,0,0,0,
2023-09-03 01:00:00,0,0,0,0,
2023-09-03 02:00:00,0,0,0,0,
2023-09-03 03:00:00,0,0,0,0,
2023-09-03 04:00:00,0,0,0,0,
2023-09-03 05:00:00,0,0,0,0,
2023-09-03 06:00:00,0.2622223,0,0,0,
2023-09-03 07:00:00,51.13476,67.92419,54.00093,80.19987,
2023-09-03 08:00:00,229.0014,400.0132,372.4593,432.7292,
2023-09-03 09:00:00,450.7579,776.1923,796.5391,835.623,
2023-09-03 10:00:00,655.9621,1051.603,1132.205,1137.767,
2023-09-03 11:00:00,813.256,1231.036,1338.809,1333.025,
2023-09-03 12:00:00,907.7494,1320.657,1444.033,1431.046,
2023-09-03 13:00:00,930.3613,1328.21,1456.001,1436.839,
2023-09-03 14:00:00,873.8381,1250.194,1374.049,1351.691,
2023-09-03 15:00:00,747.9243,1094.176,1207.797,1187.212,
2023-09-03 16:00:00,565.0268,845.5067,928.4938,905.7042,
2023-09-03 17:00:00,348.9781,512.0401,570.1232,546.5782,
2023-09-03 18:00:00,140.7722,150.4733,191.1542,157.5662,
2023-09-03 19:00:00,15.75806,5.121472,4.970313,3.598945,
2023-09-03 20:00:00,0.1137083,0,0,0,
2023-09-03 21:00:00,0,0,0,0,
2023-09-03 22:00:00,0,0,0,0,
2023-09-03 23:00:00,0,0,0,0,
2023-09-04 00:00:00,0,0,0,0,
2023-09-04 01:00:00,0.02222222,0,0,0,
2023-09-04 02:00:00,0,0,0,0,
2023-09-04 03:00:00,0,0,0,0,
2023-09-04 04:00:00,0.02223611,0,0,0,
2023-09-04 05:00:00,0,0,0,0,
2023-09-04 06:00:00,0.490125,0,0,0,
2023-09-04 07:00:00,52.18772,60.78193,56.24175,84.63781,
2023-09-04 08:00:00,222.6324,376.4435,353.792,411.8803,
2023-09-04 09:00:00,435.978,734.8244,759.5,795.8359,
2023-09-04 10:00:00,634.0839,1016.602,1097.404,1103.164,
2023-09-04 11:00:00,791.1578,1198.868,1305.63,1302.627,
2023-09-04 12:00:00,883.9666,1279.866,1397.506,1390.739,
2023-09-04 13:00:00,905.4406,1281.895,1404.876,1389.153,
2023-09-04 14:00:00,851.3499,1206.745,1329.338,1309.26,
2023-09-04 15:00:00,684.0333,1004.398,1106.44,1127.956,
2023-09-04 16:00:00,538.0958,805.1593,887.5346,866.4604,
2023-09-04 17:00:00,329.2615,484.6331,538.4537,513.4161,
2023-09-04 18:00:00,131.0726,141.2895,176.6985,149.3763,
2023-09-04 19:00:00,14.6671,2.81107,6.28604,5.572735,
2023-09-04 20:00:00,0.08479165,0,0,0,
2023-09-04 21:00:00,0.05,0,0,0,
2023-09-04 22:00:00,0.02220833,0,0,0,
2023-09-04 23:00:00,0,0,0,0,
2023-09-05 00:00:00,0.01081945,0,0,0,
2023-09-05 01:00:00,0.03363889,0,0,0,
2023-09-05 02:00:00,0,0,0,0,
2023-09-05 03:00:00,0,0,0,0,
2023-09-05 04:00:00,0,0,0,0,
2023-09-05 05:00:00,0.04409722,0,0,0,
2023-09-05 06:00:00,0.4426806,0,0,0,
2023-09-05 07:00:00,48.84674,64.42597,48.09501,83.66396,
2023-09-05 08:00:00,224.1862,381.4423,359.3044,418.9153,
2023-09-05 09:00:00,442.3253,746.4841,771.928,809.7713,
2023-09-05 10:00:00,639.384,1028.774,1111.446,1117.635,
2023-09-05 11:00:00,792.3566,1205.778,1318.854,1316.119,
2023-09-05 12:00:00,888.599,1284.51,1405.413,1397.167,
2023-09-05 13:00:00,890.9281,1250.407,1348.545,1386.219,
2023-09-05 14:00:00,800.9116,1210.084,1330.704,1306.702,
2023-09-05 15:00:00,740.1439,1057.078,1191.429,1168.208,
2023-09-05 16:00:00,541.4207,776.5741,897.5073,896.8252,
2023-09-05 17:00:00,315.9693,459.2002,513.1259,493.5585,
2023-09-05 18:00:00,98.38971,119.7417,136.3346,120.7192,
2023-09-05 19:00:00,14.40722,6.244386,4.720432,4.956714,
2023-09-05 20:00:00,0.01775,0,0,0,
2023-09-05 21:00:00,0,0,0,0,
2023-09-05 22:00:00,0.004472223,0,0,0,
2023-09-05 23:00:00,0.01776389,0,0,0,
2023-09-06 00:00:00,0.02220833,0,0,0,
2023-09-06 01:00:00,0.02222222,0,0,0,
2023-09-06 02:00:00,0,0,0,0,
2023-09-06 03:00:00,0,0,0,0,
2023-09-06 04:00:00,0,0,0,0,
2023-09-06 05:00:00,0,0,0,0,
2023-09-06 06:00:00,0.07714523,0,0,0,
2023-09-06 07:00:00,45.17833,53.84897,47.92864,73.57932,
2023-09-06 08:00:00,220.2318,373.193,348.7759,409.1249,
2023-09-06 09:00:00,438.4284,733.7286,753.4402,791.9031,
2023-09-06 10:00:00,639.2755,999.9041,1075.155,1081.205,
2023-09-06 11:00:00,792.6949,1175.443,1280.03,1273.625,
2023-09-06 12:00:00,883.7101,1261.715,1381.924,1368.716,
2023-09-06 13:00:00,904.4223,1272.702,1394.91,1374.369,
2023-09-06 14:00:00,848.0515,1207.576,1328.19,1302.985,
2023-09-06 15:00:00,721.2976,1048.256,1152.845,1129.127,
2023-09-06 16:00:00,536.0673,799.7893,880.4479,856.4426,
2023-09-06 17:00:00,323.2528,473.5614,524.2416,500.9398,
2023-09-06 18:00:00,125.2218,139.6112,166.6361,142.1758,
2023-09-06 19:00:00,13.19309,4.972188,2.55012,4.772696,
2023-09-06 20:00:00,0.05322223,0,0,0,
2023-09-06 21:00:00,0,0,0,0,
2023-09-06 22:00:00,0.08350001,0,0,0,
2023-09-06 23:00:00,0.01680556,0,0,0,
2023-09-07 00:00:00,0,0,0,0,
2023-09-07 01:00:00,0.01718056,0,0,0,
2023-09-07 02:00:00,0.02777778,0,0,0,
2023-09-07 03:00:00,0.01061111,0,0,0,
2023-09-07 04:00:00,0,0,0,0,
2023-09-07 05:00:00,0,0,0,0,
2023-09-07 06:00:00,0.3458332,0,0,0,
2023-09-07 07:00:00,53.33651,83.78881,71.12263,96.37008,
2023-09-07 08:00:00,187.21,318.7451,297.4537,345.7814,
2023-09-07 09:00:00,445.7359,777.7952,809.7537,839.0339,
2023-09-07 10:00:00,624.4375,982.6959,1053.338,1057.47,
2023-09-07 11:00:00,771.5792,1150.235,1251.981,1247.351,
2023-09-07 12:00:00,861.0281,1220.486,1381.137,1368.199,
2023-09-07 13:00:00,875.4423,1203.74,1359.636,1333.17,
2023-09-07 14:00:00,699.4268,994.5792,1073.02,1075.48,
2023-09-07 15:00:00,738.6879,1084.306,1199.606,1169.493,
2023-09-07 16:00:00,526.1963,791.1646,875.8694,852.9293,
2023-09-07 17:00:00,311.5619,457.8165,512.1934,490.0696,
2023-09-07 18:00:00,119.2437,134.8956,164.5459,142.057,
2023-09-07 19:00:00,9.735668,4.688255,5.284875,4.867747,
2023-09-07 20:00:00,0.05555556,0,0,0,
2023-09-07 21:00:00,0,0,0,0,
2023-09-07 22:00:00,0.02429167,0,0,0,
2023-09-07 23:00:00,0,0,0,0,
2023-09-08 00:00:00,0.02427778,0,0,0,
2023-09-08 01:00:00,0,0,0,0,
2023-09-08 02:00:00,0,0,0,0,
2023-09-08 03:00:00,0,0,0,0,
2023-09-08 04:00:00,0,0,0,0,
2023-09-08 05:00:00,0,0,0,0,
2023-09-08 06:00:00,0.09175834,0,0,0,
2023-09-08 07:00:00,30.39779,39.74328,46.01355,45.77776,
2023-09-08 08:00:00,152.9783,286.8753,303.9705,301.8118,
2023-09-08 09:00:00,432.664,759.5237,773.2885,806.4244,
2023-09-08 10:00:00,645.4684,1034.053,1110.186,1116.17,
2023-09-08 11:00:00,800.1936,1216.728,1325.223,1318.649,
2023-09-08 12:00:00,891.5695,1300.686,1420.384,1408.973,
2023-09-08 13:00:00,910.9944,1299.408,1428.522,1410.699,
2023-09-08 14:00:00,757.0826,1076.067,1154.247,1199.739,
2023-09-08 15:00:00,728.7495,1087.09,1171.668,1167.525,
2023-09-08 16:00:00,464.2223,707.7289,777.9667,760.836,
2023-09-08 17:00:00,32.63084,28.15327,29.64356,26.63411,
2023-09-08 18:00:00,11.76677,0,0,6.497777,
2023-09-08 19:00:00,4.437924,0,0,0,
2023-09-08 20:00:00,0,0,0,0,
2023-09-08 21:00:00,0,0,0,0,
2023-09-08 22:00:00,0,0,0,0,
2023-09-08 23:00:00,0,0,0,0,
2023-09-09 00:00:00,0,0,0,0,
2023-09-09 01:00:00,0,0,0,0,
2023-09-09 02:00:00,0,0,0,0,
2023-09-09 03:00:00,0,0,0,0,
2023-09-09 04:00:00,0,0,0,0,
2023-09-09 05:00:00,0.01294445,0,0,0,
2023-09-09 06:00:00,0.1796111,0,0,0,
2023-09-09 07:00:00,14.15547,17.1912,20.84526,23.68917,
2023-09-09 08:00:00,95.69366,177.2546,189.6505,193.1467,
2023-09-09 09:00:00,61.18676,80.3135,86.78953,91.00937,
2023-09-09 10:00:00,77.46169,131.8668,142.0264,142.3596,
2023-09-09 11:00:00,100.9418,169.4756,172.387,178.2364,
2023-09-09 12:00:00,72.79707,118.2667,139.8084,143.1043,
2023-09-09 13:00:00,78.07197,115.9841,124.008,124.6027,
2023-09-09 14:00:00,33.34795,44.82713,60.65274,65.64883,
2023-09-09 15:00:00,206.9824,379.3104,410.95,390.6805,
2023-09-09 16:00:00,208.4109,353.0587,386.8058,370.3401,
2023-09-09 17:00:00,96.2011,149.1682,158.0787,156.4913,
2023-09-09 18:00:00,48.92107,70.66199,71.21004,76.54105,
2023-09-09 19:00:00,9.552889,6.00292,5.069017,5.87249,
2023-09-09 20:00:00,0,0,0,0,
2023-09-09 21:00:00,2e-05,0,0,0,
2023-09-09 22:00:00,0.05000778,0,0,0,
2023-09-09 23:00:00,0.02470819,0,0,0,
2023-09-10 00:00:00,0.02537514,0,0,0,
2023-09-10 01:00:00,1.663916e-05,0,0,0,
2023-09-10 02:00:00,0.05056669,0,0,0,
2023-09-10 03:00:00,0,0,0,0,
2023-09-10 04:00:00,0,0,0,0,
2023-09-10 05:00:00,0,0,0,0,
2023-09-10 06:00:00,0.02734666,0,0,0,
2023-09-10 07:00:00,33.30566,51.24115,52.65543,51.38325,
2023-09-10 08:00:00,96.48599,191.6083,201.407,189.3807,
2023-09-10 09:00:00,190.1444,354.391,355.202,317.6516,
2023-09-10 10:00:00,190.5719,332.0057,364.0354,337.3792,
2023-09-10 11:00:00,539.3016,746.5685,839.8284,868.1296,
2023-09-10 12:00:00,925.8771,1392.81,1432.034,1459.299,
2023-09-10 13:00:00,866.0974,1274.104,1407.156,1420.756,
2023-09-10 14:00:00,830.2565,1270.143,1340.016,1320.273,
2023-09-10 15:00:00,662.0128,975.0052,1036.377,993.6627,
2023-09-10 16:00:00,359.598,549.3103,629.6412,631.4301,
2023-09-10 17:00:00,295.2704,479.8564,490.8606,441.1001,
2023-09-10 18:00:00,67.47753,78.13576,84.97078,82.43961,
2023-09-10 19:00:00,7.137611,2.334044,2.70401,3.695645,
2023-09-10 20:00:00,0,0,0,0,
2023-09-10 21:00:00,0,0,0,0,
2023-09-10 22:00:00,0,0,0,0,
2023-09-10 23:00:00,0,0,0,0,
2023-09-11 00:00:00,0,0,0,0,
2023-09-11 01:00:00,0,0,0,0,
2023-09-11 02:00:00,0,0,0,0,
2023-09-11 03:00:00,0,0,0,0,
2023-09-11 04:00:00,0,0,0,0,
2023-09-11 05:00:00,0,0,0,0,
2023-09-11 06:00:00,0.07111113,0,0,0,
2023-09-11 07:00:00,15.36565,11.35028,9.393593,23.20321,
2023-09-11 08:00:00,74.32167,128.2873,143.3963,144.0233,
2023-09-11 09:00:00,121.818,217.5881,236.7625,232.5903,
2023-09-11 10:00:00,455.6653,844.7859,850.5973,876.5409,
2023-09-11 11:00:00,711.0717,962.8603,1114.527,1178.605,
2023-09-11 12:00:00,896.2269,1278.334,1445,1430.75,
2023-09-11 13:00:00,903.9726,1028.827,1265.58,1255.915,
2023-09-11 14:00:00,636.9975,963.2948,948.1279,1057.52,
2023-09-11 15:00:00,623.6206,825.2661,971.5532,1058.93,
2023-09-11 16:00:00,560.4963,819.4342,908.1735,925.424,
2023-09-11 17:00:00,348.5959,525.0679,583.9483,552.1233,
2023-09-11 18:00:00,123.3217,122.2689,155.6346,127.9818,
2023-09-11 19:00:00,7.603715,0,0.9400172,0,
2023-09-11 20:00:00,0,0,0,0,
2023-09-11 21:00:00,0,0,0,0,
2023-09-11 22:00:00,0,0,0,0,
2023-09-11 23:00:00,0.00888889,0,0,0,
2023-09-12 00:00:00,0.01334722,0,0,0,
2023-09-12 01:00:00,0,0,0,0,
2023-09-12 02:00:00,0,0,0,0,
2023-09-12 03:00:00,0,0,0,0,
2023-09-12 04:00:00,0,0,0,0,
2023-09-12 05:00:00,0,0,0,0,
2023-09-12 06:00:00,0.2308889,0,0,0,
2023-09-12 07:00:00,37.74118,39.49822,33.35017,46.63617,
2023-09-12 08:00:00,173.5452,319.1072,278.2926,341.9203,
2023-09-12 09:00:00,451.3419,778.8652,809.7053,843.681,
2023-09-12 10:00:00,596.5089,1009.628,1073.117,1081.795,
2023-09-12 11:00:00,796.3038,1201,1313.877,1313.712,
2023-09-12 12:00:00,305.1357,541.1385,556.547,631.7646,
2023-09-12 13:00:00,380.9785,648.8444,694.7446,686.9051,
2023-09-12 14:00:00,404.4085,653.4662,656.0768,650.1974,
2023-09-12 15:00:00,715.1972,1076.51,1185.197,1123.069,
2023-09-12 16:00:00,412.1418,631.8705,691.9642,671.8736,
2023-09-12 17:00:00,93.82063,148.3337,158.2544,153.4299,
2023-09-12 18:00:00,81.6749,102.769,116.0842,108.12,
2023-09-12 19:00:00,4.514156,0,0,0,
2023-09-12 20:00:00,0.01955556,0,0,0,
2023-09-12 21:00:00,0,0,0,0,
2023-09-12 22:00:00,0.05707764,0,0,0,
2023-09-12 23:00:00,0.00406125,0,0,0,
2023-09-13 00:00:00,0,0,0,0,
2023-09-13 01:00:00,0,0,0,0,
2023-09-13 02:00:00,0,0,0,0,
2023-09-13 03:00:00,0.03894444,0,0,0,
2023-09-13 04:00:00,0.01944445,0,0,0,
2023-09-13 05:00:00,0,0,0,0,
2023-09-13 06:00:00,0.03375,0,0,0,
2023-09-13 07:00:00,16.65602,21.28928,25.40172,21.69936,
2023-09-13 08:00:00,166.56,297.7864,276.4385,308.7244,
2023-09-13 09:00:00,352.7276,529.1452,541.163,555.7271,
2023-09-13 10:00:00,565.2135,957.944,1019.726,1017.803,
2023-09-13 11:00:00,732.1143,1145.012,1220.27,1227.894,
2023-09-13 12:00:00,521.9156,991.7603,1031.66,930.4962,
2023-09-13 13:00:00,568.3474,952.1038,995.0765,898.2544,
2023-09-13 14:00:00,410.2766,666.9532,746.864,699.8403,
2023-09-13 15:00:00,315.3312,525.6107,556.8732,553.8297,
2023-09-13 16:00:00,364.5809,539.5163,601.1845,588.6516,
2023-09-13 17:00:00,145.7008,230.8178,250.4956,244.5905,
2023-09-13 18:00:00,78.28147,92.22879,106.4652,102.8128,
2023-09-13 19:00:00,5.578721,0,0,0,
2023-09-13 20:00:00,0,0,0,0,
2023-09-13 21:00:00,0,0,0,0,
2023-09-13 22:00:00,0,0,0,0,
2023-09-13 23:00:00,0.06663889,0,0,0,
2023-09-14 00:00:00,0,0,0,0,
2023-09-14 01:00:00,0.02223611,0,0,0,
2023-09-14 02:00:00,0,0,0,0,
2023-09-14 03:00:00,0,0,0,0,
2023-09-14 04:00:00,0,0,0,0,
2023-09-14 05:00:00,0,0,0,0,
2023-09-14 06:00:00,0.06325,0,0,0,
2023-09-14 07:00:00,45.97924,56.98784,49.52087,71.17479,
2023-09-14 08:00:00,206.8848,362.6111,339.1811,404.4806,
2023-09-14 09:00:00,438.2805,774.2873,793.824,835.0816,
2023-09-14 10:00:00,640.0413,1069.344,1155.919,1162.057,
2023-09-14 11:00:00,592.9972,932.3165,1105.896,1145.165,
2023-09-14 12:00:00,807.8517,1159.945,1246.838,1321.548,
2023-09-14 13:00:00,843.8873,1225.096,1446.096,1364.224,
2023-09-14 14:00:00,673.3743,1002.592,1152.724,1151.973,
2023-09-14 15:00:00,530.4069,811.5714,911.8218,872.2087,
2023-09-14 16:00:00,284.7799,447.7886,510.2984,472.07,
2023-09-14 17:00:00,295.636,445.824,513.5209,487.0327,
2023-09-14 18:00:00,108.8254,112.232,140.421,110.7539,
2023-09-14 19:00:00,5.272834,0.07936638,0.00900375,0.6423647,
2023-09-14 20:00:00,0.06359722,0,0,0,
2023-09-14 21:00:00,0,0,0,0,
2023-09-14 22:00:00,0,0,0,0,
2023-09-14 23:00:00,0,0,0,0,
2023-09-15 00:00:00,0,0,0,0,
2023-09-15 01:00:00,0,0,0,0,
2023-09-15 02:00:00,0,0,0,0,
2023-09-15 03:00:00,0.007083333,0,0,0,
2023-09-15 04:00:00,0.01513889,0,0,0,
2023-09-15 05:00:00,0,0,0,0,
2023-09-15 06:00:00,0.04241667,0,0,0,
2023-09-15 07:00:00,54.02369,64.22993,38.6853,82.33571,
2023-09-15 08:00:00,242.7736,422.071,382.7165,468.0846,
2023-09-15 09:00:00,470.0893,839.6833,858.3798,905.7108,
2023-09-15 10:00:00,677.134,1152.729,1250.593,1256.622,
2023-09-15 11:00:00,840.0864,1366.149,1499.662,1487.593,
2023-09-15 12:00:00,935.0578,1473.13,1623.821,1602.395,
2023-09-15 13:00:00,954.1528,1463.128,1624.9,1600.026,
2023-09-15 14:00:00,890.7767,1372.047,1527.261,1496.512,
2023-09-15 15:00:00,754.0567,1187.335,1323.375,1292.292,
2023-09-15 16:00:00,561.96,900.9312,1000.451,975.4147,
2023-09-15 17:00:00,334.4543,509.4672,579.2347,551.0838,
2023-09-15 18:00:00,118.369,112.4349,145.2538,117.3463,
2023-09-15 19:00:00,4.90189,0,0,0,
2023-09-15 20:00:00,0,0,0,0,
2023-09-15 21:00:00,0,0,0,0,
2023-09-15 22:00:00,0,0,0,0,
2023-09-15 23:00:00,0,0,0,0,
2023-09-16 00:00:00,0,0,0,0,
2023-09-16 01:00:00,0,0,0,0,
2023-09-16 02:00:00,0,0,0,0,
2023-09-16 03:00:00,0,0,0,0,
2023-09-16 04:00:00,0,0,0,0,
2023-09-16 05:00:00,0,0,0,0,
2023-09-16 06:00:00,0,0,0,0,
2023-09-16 07:00:00,43.62996,56.87494,37.29669,79.66355,
2023-09-16 08:00:00,209.1496,422.9652,379.9914,465.0208,
2023-09-16 09:00:00,500.5424,885.941,912.4561,951.3962,
2023-09-16 10:00:00,667.2968,1096.672,1183.072,1191.001,
2023-09-16 11:00:00,824.2328,1272.472,1385.715,1382.568,
2023-09-16 12:00:00,917.0957,1370.36,1497.53,1484.459,
2023-09-16 13:00:00,929.0128,1375.039,1503.15,1486.073,
2023-09-16 14:00:00,865.9589,1286.913,1414.72,1395.371,
2023-09-16 15:00:00,730.3914,1101.365,1222.129,1198.518,
2023-09-16 16:00:00,500.5838,821.4358,900.9719,805.3511,
2023-09-16 17:00:00,297.8553,446.2783,529.3505,491.5913,
2023-09-16 18:00:00,105.0959,94.63258,122.7368,106.0773,
2023-09-16 19:00:00,3.89987,0,0,0,
2023-09-16 20:00:00,0,0,0,0,
2023-09-16 21:00:00,0,0,0,0,
2023-09-16 22:00:00,0,0,0,0,
2023-09-16 23:00:00,0,0,0,0,
2023-09-17 00:00:00,0,0,0,0,
2023-09-17 01:00:00,0,0,0,0,
2023-09-17 02:00:00,0.05,0,0,0,
2023-09-17 03:00:00,0,0,0,0,
2023-09-17 04:00:00,0,0,0,0,
2023-09-17 05:00:00,0,0,0,0,
2023-09-17 06:00:00,0.04444446,0,0,0,
2023-09-17 07:00:00,68.59936,94.5045,79.83717,118.3365,
2023-09-17 08:00:00,200.0201,361.1891,345.8329,396.0987,
2023-09-17 09:00:00,238.0862,395.692,422.644,419.9781,
2023-09-17 10:00:00,269.085,469.7068,511.8614,507.0841,
2023-09-17 11:00:00,277.3016,472.4978,513.3218,500.2905,
2023-09-17 12:00:00,192.8396,333.8288,357.5229,351.2135,
2023-09-17 13:00:00,221.2862,387.5496,416.0797,409.8369,
2023-09-17 14:00:00,173.5446,298.2768,318.7415,312.1428,
2023-09-17 15:00:00,107.0689,186.7247,200.5604,197.883,
2023-09-17 16:00:00,69.18393,98.96827,110.9614,109.6072,
2023-09-17 17:00:00,37.6346,43.02782,50.78551,51.02685,
2023-09-17 18:00:00,8.200777,0.9921862,2.830232,3.901162,
2023-09-17 19:00:00,1.201667,0,0,0,
2023-09-17 20:00:00,0,0,0,0,
2023-09-17 21:00:00,0,0,0,0,
2023-09-17 22:00:00,0.02219445,0,0,0,
2023-09-17 23:00:00,0,0,0,0,
2023-09-18 00:00:00,0,0,0,0,
2023-09-18 01:00:00,0,0,0,0,
2023-09-18 02:00:00,0,0,0,0,
2023-09-18 03:00:00,0,0,0,0,
2023-09-18 04:00:00,0.02222222,0,0,0,
2023-09-18 05:00:00,0,0,0,0,
2023-09-18 06:00:00,0.02776389,0,0,0,
2023-09-18 07:00:00,10.43465,5.051935,11.34504,9.042084,
2023-09-18 08:00:00,51.25795,83.10014,83.45102,81.59561,
2023-09-18 09:00:00,182.6979,330.9629,353.93,342.6253,
2023-09-18 10:00:00,580.4523,966.8375,1095.997,1085.597,
2023-09-18 11:00:00,536.2589,819.0905,924.1109,886.2881,
2023-09-18 12:00:00,556.5088,872.9512,887.4602,977.8188,
2023-09-18 13:00:00,684.1652,927.4153,927.8207,1041.13,
2023-09-18 14:00:00,723.4388,1231.37,1245.716,1196.481,
2023-09-18 15:00:00,747.4435,1152.438,1291.964,1330.217,
2023-09-18 16:00:00,405.3216,700.0396,726.9601,712.2377,
2023-09-18 17:00:00,313.2569,477.1294,539.5851,509.1225,
2023-09-18 18:00:00,99.45322,93.77362,113.969,98.83031,
2023-09-18 19:00:00,3.346972,0,0,0.2341452,
2023-09-18 20:00:00,0,0,0,0,
2023-09-18 21:00:00,0,0,0,0,
2023-09-18 22:00:00,0,0,0,0,
2023-09-18 23:00:00,0,0,0,0,
2023-09-19 00:00:00,0,0,0,0,
2023-09-19 01:00:00,0,0,0,0,
2023-09-19 02:00:00,0,0,0,0,
2023-09-19 03:00:00,0,0,0,0,
2023-09-19 04:00:00,0,0,0,0,
2023-09-19 05:00:00,0,0,0,0,
2023-09-19 06:00:00,0.01392938,0,0,0,
2023-09-19 07:00:00,41.60434,55.47024,38.23119,60.32031,
2023-09-19 08:00:00,219.2585,394.4431,353.3792,435.8706,
2023-09-19 09:00:00,447.9856,799.1923,815.2012,861.1558,
2023-09-19 10:00:00,656.392,1086.724,1171.585,1181.402,
2023-09-19 11:00:00,811.6616,1264.376,1376.773,1374.077,
2023-09-19 12:00:00,901.7775,1348.373,1470.039,1462.402,
2023-09-19 13:00:00,751.5125,1113.424,1250.658,1206.96,
2023-09-19 14:00:00,519.4205,933.6736,1024.523,980.7729,
2023-09-19 15:00:00,435.0875,756.8425,772.3406,706.0538,
2023-09-19 16:00:00,280.3022,463.8574,508.7035,483.136,
2023-09-19 17:00:00,287.8732,435.3238,484.3492,461.9526,
2023-09-19 18:00:00,92.95064,84.15372,107.333,85.40469,
2023-09-19 19:00:00,3.145801,0,0,0,
2023-09-19 20:00:00,0.02821653,0,0,0,
2023-09-19 21:00:00,0.00231125,0,0,0,
2023-09-19 22:00:00,0,0,0,0,
2023-09-19 23:00:00,0,0,0,0,
2023-09-20 00:00:00,0,0,0,0,
2023-09-20 01:00:00,0,0,0,0,
2023-09-20 02:00:00,0,0,0,0,
2023-09-20 03:00:00,0,0,0,0,
2023-09-20 04:00:00,0,0,0,0,
2023-09-20 05:00:00,0,0,0,0,
2023-09-20 06:00:00,0.03295832,0,0,0,
2023-09-20 07:00:00,42.29636,67.64262,50.33625,71.81667,
2023-09-20 08:00:00,190.6141,300.3839,293.7945,359.8821,
2023-09-20 09:00:00,366.9381,682.4604,673.4892,687.7415,
2023-09-20 10:00:00,642.1485,1052.987,1132.527,1147.276,
2023-09-20 11:00:00,801.2461,1229.963,1342.768,1336.785,
2023-09-20 12:00:00,922.7117,1355.771,1485.15,1471.274,
2023-09-20 13:00:00,655.5182,827.1318,957.0412,1015.027,
2023-09-20 14:00:00,325.7407,647.0522,614.0759,672.2772,
2023-09-20 15:00:00,669.3962,1031.323,1124.35,1077.32,
2023-09-20 16:00:00,520.0435,801.9146,877.7075,859.2121,
2023-09-20 17:00:00,278.0223,416.0125,469.982,443.6725,
2023-09-20 18:00:00,73.08907,71.66923,92.29272,79.08923,
2023-09-20 19:00:00,2.521468,0,0,0,
2023-09-20 20:00:00,0,0,0,0,
2023-09-20 21:00:00,0,0,0,0,
2023-09-20 22:00:00,0,0,0,0,
2023-09-20 23:00:00,0,0,0,0,
2023-09-21 00:00:00,0,0,0,0,
2023-09-21 01:00:00,0,0,0,0,
2023-09-21 02:00:00,0,0,0,0,
2023-09-21 03:00:00,0,0,0,0,
2023-09-21 04:00:00,0,0,0,0,
2023-09-21 05:00:00,0,0,0,0,
2023-09-21 06:00:00,0,0,0,0,
2023-09-21 07:00:00,17.81601,26.12908,30.96311,31.30591,
2023-09-21 08:00:00,120.8188,230.552,237.7405,244.7528,
2023-09-21 09:00:00,202.2289,368.6265,391.9914,394.0869,
2023-09-21 10:00:00,248.1362,438.4868,470.262,465.1059,
2023-09-21 11:00:00,391.2348,679.5146,734.873,729.9813,
2023-09-21 12:00:00,508.2019,863.2422,926.8899,919.4973,
2023-09-21 13:00:00,706.7103,1037.923,1138.985,1121.257,
2023-09-21 14:00:00,391.5911,675.5206,707.9048,689.7612,
2023-09-21 15:00:00,517.3008,747.6458,818.9234,798.8245,
2023-09-21 16:00:00,170.2688,289.074,314.3195,302.0716,
2023-09-21 17:00:00,91.44482,146.2494,159.4331,150.3074,
2023-09-21 18:00:00,50.73786,58.80153,69.97594,65.76201,
2023-09-21 19:00:00,2.923091,0,0,0,
2023-09-21 20:00:00,0.0006454495,0,0,0,
2023-09-21 21:00:00,0.02627122,0,0,0,
2023-09-21 22:00:00,0,0,0,0,
2023-09-21 23:00:00,0,0,0,0,
2023-09-22 00:00:00,0,0,0,0,
2023-09-22 01:00:00,0.0006234723,0,0,0,
2023-09-22 02:00:00,0.01879319,0,0,0,
2023-09-22 03:00:00,0,0,0,0,
2023-09-22 04:00:00,0,0,0,0,
2023-09-22 05:00:00,0,0,0,0,
2023-09-22 06:00:00,0,0,0,0,
2023-09-22 07:00:00,13.2234,10.01532,15.86222,8.016674,
2023-09-22 08:00:00,60.05432,110.1627,117.0249,114.841,
2023-09-22 09:00:00,102.7324,189.324,203.8861,203.7939,
2023-09-22 10:00:00,124.0765,223.8174,244.9259,236.6186,
2023-09-22 11:00:00,176.7069,300.5908,331.4714,328.3757,
2023-09-22 12:00:00,159.9571,280.0452,308.9593,302.8972,
2023-09-22 13:00:00,171.3951,297.0424,327.589,323.5178,
2023-09-22 14:00:00,171.8069,297.8269,325.8539,325.0869,
2023-09-22 15:00:00,119.1753,188.429,210.2226,207.1059,
2023-09-22 16:00:00,37.58308,44.35126,45.54163,48.13228,
2023-09-22 17:00:00,9.525181,0,0,3.47911,
2023-09-22 18:00:00,5.501638,0,0,0,
2023-09-22 19:00:00,0.07130555,0,0,0,
2023-09-22 20:00:00,0,0,0,0,
2023-09-22 21:00:00,0.02322222,0,0,0,
2023-09-22 22:00:00,0,0,0,0,
2023-09-22 23:00:00,0,0,0,0,
2023-09-23 00:00:00,0,0,0,0,
2023-09-23 01:00:00,0,0,0,0,
2023-09-23 02:00:00,0,0,0,0,
2023-09-23 03:00:00,0,0,0,0,
2023-09-23 04:00:00,0,0,0,0,
2023-09-23 05:00:00,0,0,0,0,
2023-09-23 06:00:00,0,0,0,0,
2023-09-23 07:00:00,1.565462,0,0,0,
2023-09-23 08:00:00,8.961565,3.175467,2.961792,0,
2023-09-23 09:00:00,37.97976,55.29266,57.56547,0,
2023-09-23 10:00:00,23.73835,29.66882,27.97128,0,
2023-09-23 11:00:00,69.6606,137.2312,144.4532,0,
2023-09-23 12:00:00,91.02316,160.0444,172.869,0,
2023-09-23 13:00:00,100.9388,196.75,213.7497,0,
2023-09-23 14:00:00,103.6384,196.8291,212.0444,0,
2023-09-23 15:00:00,112.1916,222.215,241.5148,0,
2023-09-23 16:00:00,108.3801,203.8236,220.1276,0,
2023-09-23 17:00:00,68.74754,109.2952,121.0711,0,
2023-09-23 18:00:00,14.86223,11.13489,12.4372,0,
2023-09-23 19:00:00,0.41875,0,0,0,
2023-09-23 20:00:00,0,0,0,0,
2023-09-23 21:00:00,0,0,0,0,
2023-09-23 22:00:00,0.05555555,0,0,0,
2023-09-23 23:00:00,0,0,0,0,
2023-09-24 00:00:00,0,0,0,0,
2023-09-24 01:00:00,0,0,0,0,
2023-09-24 02:00:00,0,0,0,0,
2023-09-24 03:00:00,0,0,0,0,
2023-09-24 04:00:00,0.02222222,0,0,0,
2023-09-24 05:00:00,0,0,0,0,
2023-09-24 06:00:00,0,0,0,0,
2023-09-24 07:00:00,32.35642,40.75818,24.3166,0,
2023-09-24 08:00:00,129.6111,241.724,238.8963,0,
2023-09-24 09:00:00,425.7698,767.7172,765.1295,0,
2023-09-24 10:00:00,628.0129,976.5428,1134.406,0,
2023-09-24 11:00:00,657.7093,997.7799,1135.796,6.94305,
2023-09-24 12:00:00,873.895,1303.346,1444.247,1416.354,
2023-09-24 13:00:00,699.4281,1129.695,1245.515,1273.989,
2023-09-24 14:00:00,489.4768,735.0336,946.8694,958.6329,
2023-09-24 15:00:00,366.087,588.3847,644.1178,643.1851,
2023-09-24 16:00:00,424.033,664.8054,750.657,716.175,
2023-09-24 17:00:00,208.496,301.9626,386.6409,377.5577,
2023-09-24 18:00:00,44.22598,32.25481,51.96836,48.59738,
2023-09-24 19:00:00,0.7518481,0,0,0,
2023-09-24 20:00:00,0,0,0,0,
2023-09-24 21:00:00,0,0,0,0,
2023-09-24 22:00:00,0,0,0,0,
2023-09-24 23:00:00,0,0,0,0,
2023-09-25 00:00:00,0.02104167,0,0,0,
2023-09-25 01:00:00,0.006708332,0,0,0,
2023-09-25 02:00:00,0.02776389,0,0,0,
2023-09-25 03:00:00,0,0,0,0,
2023-09-25 04:00:00,0,0,0,0,
2023-09-25 05:00:00,0.02220833,0,0,0,
2023-09-25 06:00:00,0.002985758,0,0,0,
2023-09-25 07:00:00,5.579157,0,0,1.651541,
2023-09-25 08:00:00,38.13654,57.65039,66.97038,64.73399,
2023-09-25 09:00:00,181.6138,342.0786,352.5227,353.7876,
2023-09-25 10:00:00,530.9954,882.2211,939.2203,1008.772,
2023-09-25 11:00:00,589.0886,984.9641,1059.088,1019.436,
2023-09-25 12:00:00,489.0678,775.1884,857.762,863.9909,
2023-09-25 13:00:00,592.791,988.4018,1041.229,1075.785,
2023-09-25 14:00:00,706.88,1114.665,1213.304,1207.001,
2023-09-25 15:00:00,446.5435,661.225,725.2417,733.4036,
2023-09-25 16:00:00,252.5887,402.333,418.6018,415.7192,
2023-09-25 17:00:00,123.0313,203.5037,217.3448,207.7361,
2023-09-25 18:00:00,51.75152,52.20283,60.52252,52.12938,
2023-09-25 19:00:00,1.049071,0,0,0,
2023-09-25 20:00:00,0,0,0,0,
2023-09-25 21:00:00,0,0,0,0,
2023-09-25 22:00:00,0,0,0,0,
2023-09-25 23:00:00,0,0,0,0,
2023-09-26 00:00:00,0,0,0,0,
2023-09-26 01:00:00,0,0,0,0,
2023-09-26 02:00:00,0,0,0,0,
2023-09-26 03:00:00,0,0,0,0,
2023-09-26 04:00:00,0,0,0,0,
2023-09-26 05:00:00,0.02777778,0,0,0,
2023-09-26 06:00:00,0,0,0,0,
2023-09-26 07:00:00,12.89599,8.88583,13.82245,13.74609,
2023-09-26 08:00:00,64.07561,108.4423,120.6364,120.3052,
2023-09-26 09:00:00,102.0853,185.0141,204.9055,205.4631,
2023-09-26 10:00:00,142.0892,261.9908,286.3902,279.7518,
2023-09-26 11:00:00,310.0056,614.9981,685.4769,664.1146,
2023-09-26 12:00:00,417.0795,721.7486,825.7355,803.0427,
2023-09-26 13:00:00,315.1738,574.7683,612.7132,612.4858,
2023-09-26 14:00:00,206.4921,367.151,392.9318,391.7869,
2023-09-26 15:00:00,131.6867,225.743,239.6468,242.7654,
2023-09-26 16:00:00,82.96566,121.5413,145.9409,139.6926,
2023-09-26 17:00:00,37.99384,31.02026,53.65364,48.9916,
2023-09-26 18:00:00,14.54436,7.798709,8.487645,10.56328,
2023-09-26 19:00:00,0.5628194,0,0,0,
2023-09-26 20:00:00,0,0,0,0,
2023-09-26 21:00:00,0,0,0,0,
2023-09-26 22:00:00,0,0,0,0,
2023-09-26 23:00:00,0,0,0,0,
2023-09-27 00:00:00,0,0,0,0,
2023-09-27 01:00:00,0,0,0,0,
2023-09-27 02:00:00,0,0,0,0,
2023-09-27 03:00:00,0,0,0,0,
2023-09-27 04:00:00,0,0,0,0,
2023-09-27 05:00:00,0,0,0,0,
2023-09-27 06:00:00,0,0,0,0,
2023-09-27 07:00:00,5.730014,0,2.344125,3.221765,
2023-09-27 08:00:00,31.71934,31.78191,45.23732,41.44786,
2023-09-27 09:00:00,70.22437,116.0642,134.2041,122.0037,
2023-09-27 10:00:00,116.0522,210.0502,223.5101,221.0227,
2023-09-27 11:00:00,163.6185,297.72,321.0154,315.3725,
2023-09-27 12:00:00,151.985,277.9479,299.6406,298.0839,
2023-09-27 13:00:00,194.7094,347.7324,373.9611,374.3036,
2023-09-27 14:00:00,147.7407,259.4907,279.3555,278.0328,
2023-09-27 15:00:00,136.8131,231.466,251.8026,249.1302,
2023-09-27 16:00:00,78.04772,121.2056,137.589,130.2702,
2023-09-27 17:00:00,48.70241,60.30016,72.53458,68.35197,
2023-09-27 18:00:00,12.21601,5.973065,3.956133,2.287931,
2023-09-27 19:00:00,0.2326715,0,0,0,
2023-09-27 20:00:00,0,0,0,0,
2023-09-27 21:00:00,0,0,0,0,
2023-09-27 22:00:00,0,0,0,0,
2023-09-27 23:00:00,0,0,0,0,
2023-09-28 00:00:00,0,0,0,0,
2023-09-28 01:00:00,0,0,0,0,
2023-09-28 02:00:00,0,0,0,0,
2023-09-28 03:00:00,0,0,0,0,
2023-09-28 04:00:00,0,0,0,0,
2023-09-28 05:00:00,0,0,0,0,
2023-09-28 06:00:00,0,0,0,0,
2023-09-28 07:00:00,25.38762,40.34108,42.02417,52.87981,
2023-09-28 08:00:00,175.9905,306.4209,282.9285,339.0182,
2023-09-28 09:00:00,172.6674,316.2417,342.9973,335.0124,
2023-09-28 10:00:00,354.7287,671.1953,693.6997,688.4771,
2023-09-28 11:00:00,581.4559,1015.026,1099.594,1007.543,
2023-09-28 12:00:00,735.9604,1135.698,1248.921,1274.845,
2023-09-28 13:00:00,725.7096,1230.184,1274.902,1267.68,
2023-09-28 14:00:00,603.2581,1035.389,1027.414,1045.749,
2023-09-28 15:00:00,591.2952,931.4324,1075.998,1025.8,
2023-09-28 16:00:00,300.6291,566.3371,599.4805,537.0741,
2023-09-28 17:00:00,97.51287,162.9156,161.8681,147.8536,
2023-09-28 18:00:00,23.75618,19.44947,21.55513,20.86895,
2023-09-28 19:00:00,0.3071943,0,0,0,
2023-09-28 20:00:00,0,0,0,0,
2023-09-28 21:00:00,0,0,0,0,
2023-09-28 22:00:00,0,0,0,0,
2023-09-28 23:00:00,0,0,0,0,
2023-09-29 00:00:00,0,0,0,0,
2023-09-29 01:00:00,0,0,0,0,
2023-09-29 02:00:00,0,0,0,0,
2023-09-29 03:00:00,0,0,0,0,
2023-09-29 04:00:00,0,0,0,0,
2023-09-29 05:00:00,0,0,0,0,
2023-09-29 06:00:00,0,0,0,0,
2023-09-29 07:00:00,7.955292,11.18287,5.837067,10.6155,
2023-09-29 08:00:00,43.48138,71.37445,66.7844,75.85264,
2023-09-29 09:00:00,101.9214,197.2561,206.9857,216.9345,
2023-09-29 10:00:00,161.3821,282.6116,306.7118,302.3459,
2023-09-29 11:00:00,244.8406,427.2745,453.9698,453.2982,
2023-09-29 12:00:00,306.6339,527.9265,580.698,580.3194,
2023-09-29 13:00:00,284.7227,488.0766,522.5457,527.5236,
2023-09-29 14:00:00,244.7518,428.9704,461.7319,456.3445,
2023-09-29 15:00:00,215.2122,372.5114,401.7286,396.0399,
2023-09-29 16:00:00,139.2061,239.2256,254.7576,254.6615,
2023-09-29 17:00:00,70.59438,104.2227,107.3283,105.2831,
2023-09-29 18:00:00,18.08815,14.53713,12.97665,15.91146,
2023-09-29 19:00:00,0.6800278,0,0,0,
2023-09-29 20:00:00,0,0,0,0,
2023-09-29 21:00:00,0.09318055,0,0,0,
2023-09-29 22:00:00,0.03468056,0,0,0,
2023-09-29 23:00:00,0,0,0,0,
2023-09-30 00:00:00,0,0,0,0,
2023-09-30 01:00:00,0,0,0,0,
2023-09-30 02:00:00,0,0,0,0,
2023-09-30 03:00:00,0,0,0,0,
2023-09-30 04:00:00,0,0,0,0,
2023-09-30 05:00:00,0,0,0,0,
2023-09-30 06:00:00,0,0,0,0,
2023-09-30 07:00:00,12.02193,14.32169,17.31097,17.49759,
2023-09-30 08:00:00,59.67435,94.72289,108.9676,110.4502,
2023-09-30 09:00:00,262.7204,483.598,498.1687,511.4615,
2023-09-30 10:00:00,300.3699,491.4686,560.3325,542.1142,
2023-09-30 11:00:00,293.7852,510.0385,542.412,549.215,
2023-09-30 12:00:00,308.7839,519.3508,564.505,597.5165,
2023-09-30 13:00:00,402.777,685.2742,693.7283,686.394,
2023-09-30 14:00:00,288.3422,477.308,511.0573,508.0958,
2023-09-30 15:00:00,190.5302,338.598,361.3324,359.324,
2023-09-30 16:00:00,107.9791,168.4289,183.2233,179.0998,
2023-09-30 17:00:00,48.69632,68.51451,74.32263,70.2319,
2023-09-30 18:00:00,17.62561,11.7081,12.50061,9.459777,
2023-09-30 19:00:00,0.3976805,0,0,0,
2023-09-30 20:00:00,0,0,0,0,
2023-09-30 21:00:00,0.004180555,0,0,0,
2023-09-30 22:00:00,0.01802778,0,0,0,
2023-09-30 23:00:00,0,0,0,0,
