Cotten Farm,Unnamed: 1,Unnamed: 2,Unnamed: 3,Unnamed: 4,Unnamed: 5,Unnamed: 6,Unnamed: 7,Unnamed: 8
,,,,,,,,
Timestamp,POA*,"SMA SC-800CP-US - A1, Pac","SMA SC-800CP-US - A2, Pac","SMA SC-800CP-US - B1, Pac","SMA SC-800CP-US - B2, Pac","SMA SC-800CP-US - C1, Pac","SMA SC-800CP-US - C2, Pac",Production meter active power
,W/mÂ²,kW,kW,kW,kW,kW,kW,kW
2023-09-01 00:00:00,0,0,0,0,0,0,0,-8.661867
2023-09-01 01:00:00,0,0,0,0,0,0,0,-8.714997
2023-09-01 02:00:00,0,0,0,0,0,0,0,-8.736737
2023-09-01 03:00:00,0,0,0,0,0,0,0,-8.741192
2023-09-01 04:00:00,0,0,0,0,0,0,0,-8.775684
2023-09-01 05:00:00,0,0,0,0,0,0,0,-8.691395
2023-09-01 06:00:00,0.6604338,0,0,0,0,0,0,-8.580125
2023-09-01 07:00:00,48.02438,32.248,25.53703,37.13757,32.74442,31.69624,27.69224,183.2424
2023-09-01 08:00:00,245.9818,237.8458,205.4032,222.1378,205.558,214.9659,198.6449,1298.397
2023-09-01 09:00:00,484.4322,499.3326,466.2597,465.8517,452.1666,482.6102,481.0028,2870.966
2023-09-01 10:00:00,686.4131,670.6104,635.9458,656.3559,656.4023,696.8879,679.1499,3994.97
2023-09-01 11:00:00,897.1225,816.714,797.2877,798.8707,779.6533,822.9017,809.3322,4806.351
2023-09-01 12:00:00,957.9706,791.1832,791.9252,790.4167,813.3788,805.5338,800.8566,4780.927
2023-09-01 13:00:00,1038.041,832.9391,832.8985,833.043,832.9386,832.854,832.8687,4969.388
2023-09-01 14:00:00,996.0065,832.1205,827.3428,830.53,832.1885,832.9109,832.9297,4958.91
2023-09-01 15:00:00,889.7189,764.5236,747.9216,757.6918,772.4553,789.9631,797.6819,4604.882
2023-09-01 16:00:00,707.3724,605.4176,598.4741,605.3028,619.0737,626.6662,635.5978,3679.896
2023-09-01 17:00:00,474.6541,390.0206,391.1129,396.901,409.432,407.5086,417.262,2417.47
2023-09-01 18:00:00,222.89,149.8796,143.0866,157.5238,152.734,153.7661,161.4386,920.5081
2023-09-01 19:00:00,20.707,12.45292,9.996884,12.27387,10.31487,10.63771,10.92111,59.48164
2023-09-01 20:00:00,0,0,0,0,0,0,0,-8.751826
2023-09-01 21:00:00,0,0,0,0,0,0,0,-8.747128
2023-09-01 22:00:00,0,0,0,0,0,0,0,-8.772952
2023-09-01 23:00:00,0,0,0,0,0,0,0,-8.66841
2023-09-02 00:00:00,0,0,0,0,0,0,0,-8.730442
2023-09-02 01:00:00,0,0,0,0,0,0,0,-8.784183
2023-09-02 02:00:00,0,0,0,0,0,0,0,-8.700349
2023-09-02 03:00:00,0,0,0,0,0,0,0,-8.695179
2023-09-02 04:00:00,0,0,0,0,0,0,0,-8.719273
2023-09-02 05:00:00,0,0,0,0,0,0,0,-8.681666
2023-09-02 06:00:00,0.6124833,0.03089973,0.01585321,0.01182187,0.0258838,0,0.01480122,-8.673512
2023-09-02 07:00:00,51.88277,52.32534,48.05674,51.1689,50.45002,47.79325,50.49161,298.596
2023-09-02 08:00:00,209.3283,204.9545,182.5762,193.2073,188.0313,190.1961,195.2686,1153.532
2023-09-02 09:00:00,385.7451,398.6576,381.3179,379.7747,380.3887,398.7165,390.6069,2349.016
2023-09-02 10:00:00,669.121,638.8989,609.743,608.2991,603.0963,639.1144,640.421,3743.178
2023-09-02 11:00:00,888.6351,807.5215,780.1594,785.7709,784.5662,811.4814,812.8854,4767.058
2023-09-02 12:00:00,1001.614,832.9709,833.027,832.8915,833.006,833.044,832.9255,4972.979
2023-09-02 13:00:00,1033.923,832.9702,832.9366,832.8829,832.971,832.9443,832.9787,4969.926
2023-09-02 14:00:00,996.2315,829.5894,819.033,824.6916,829.9196,832.5174,832.9554,4940.998
2023-09-02 15:00:00,887.0964,751.3607,735.9036,742.009,754.0184,769.4819,778.4672,4509.429
2023-09-02 16:00:00,705.7714,595.3349,588.7778,594.2825,608.0375,613.9834,625.0926,3616.873
2023-09-02 17:00:00,473.4347,385.1104,385.6353,391.3197,402.8483,400.6946,411.7095,2383.943
2023-09-02 18:00:00,215.814,145.9962,138.9926,153.4343,148.1891,149.3149,157.3339,895.7061
2023-09-02 19:00:00,20.54375,12.97939,10.30259,12.64353,10.40166,10.5146,10.81865,60.80152
2023-09-02 20:00:00,0,0,0,0,0,0,0,-8.734716
2023-09-02 21:00:00,0,0,0,0,0,0,0,-8.630863
2023-09-02 22:00:00,0,0,0,0,0,0,0,-8.652305
2023-09-02 23:00:00,0,0,0,0,0,0,0,-8.687965
2023-09-03 00:00:00,0,0,0,0,0,0,0,-8.678429
2023-09-03 01:00:00,0,0,0,0,0,0,0,-8.725641
2023-09-03 02:00:00,0,0,0,0,0,0,0,-8.61494
2023-09-03 03:00:00,0,0,0,0,0,0,0,-8.564807
2023-09-03 04:00:00,0,0,0,0,0,0,0,-8.597293
2023-09-03 05:00:00,0,0,0,0,0,0,0,-8.610596
2023-09-03 06:00:00,0.763003,0,0,0,0,0,0,-8.591416
2023-09-03 07:00:00,43.00727,31.51553,25.35052,35.67064,32.04209,30.66738,27.569,180.2394
2023-09-03 08:00:00,230.8026,220.2105,189.8213,206.4843,191.3344,203.861,185.5826,1210.266
2023-09-03 09:00:00,462.2785,467.7201,436.3204,437.0666,424.0201,462.1129,450.8756,2700.634
2023-09-03 10:00:00,681.1375,647.3355,613.1625,617.578,609.4393,648.1885,648.7871,3790.565
2023-09-03 11:00:00,850.7025,770.2205,737.3904,744.5217,741.1459,776.6089,780.3911,4538.602
2023-09-03 12:00:00,962.5647,829.7128,805.2825,814.9847,814.1882,831.3887,832.1026,4905.55
2023-09-03 13:00:00,995.5607,832.8511,815.9945,828.2514,831.3693,832.8563,832.9148,4950.766
2023-09-03 14:00:00,901.4907,778.7249,776.8469,768.7179,798.7988,819.4009,823.506,4741.468
2023-09-03 15:00:00,855.2695,696.3559,697.7864,707.2485,715.5446,730.3842,738.4087,4271.892
2023-09-03 16:00:00,675.2941,560.1703,552.3893,558.9581,571.1704,577.3364,587.8714,3405.237
2023-09-03 17:00:00,434.6099,350.8984,350.2785,355.5969,365.5016,363.5924,373.9535,2167.97
2023-09-03 18:00:00,189.7339,129.9428,123.6915,135.4068,131.2712,132.3326,138.6608,791.7696
2023-09-03 19:00:00,17.61598,12.34664,10.23615,12.0686,10.43112,10.7507,10.95486,59.69098
2023-09-03 20:00:00,0,0,0,0,0,0,0,-8.765851
2023-09-03 21:00:00,0,0,0,0,0,0,0,-8.660156
2023-09-03 22:00:00,0,0,0,0,0,0,0,-8.675357
2023-09-03 23:00:00,0,0,0,0,0,0,0,-8.671216
2023-09-04 00:00:00,0,0,0,0,0,0,0,-8.656834
2023-09-04 01:00:00,0,0,0,0,0,0,0,-8.687211
2023-09-04 02:00:00,0,0,0,0,0,0,0,-8.639238
2023-09-04 03:00:00,0,0,0,0,0,0,0,-8.627779
2023-09-04 04:00:00,0,0,0,0,0,0,0,-8.583016
2023-09-04 05:00:00,0,0,0,0,0,0,0,-8.530829
2023-09-04 06:00:00,0.4906817,0,0,0,0,0,0,-8.521803
2023-09-04 07:00:00,41.77224,31.03313,25.29987,34.41798,32.58784,33.61572,28.37551,180.9477
2023-09-04 08:00:00,223.6637,213.1386,184.6024,200.0248,185.94,209.0751,181.5937,1185.743
2023-09-04 09:00:00,452.3489,451.1747,421.4117,421.2291,408.2916,445.554,434.4315,2602.739
2023-09-04 10:00:00,669.011,633.6959,602.0104,603.1238,595.2641,634.9548,634.4675,3707.342
2023-09-04 11:00:00,840.9045,754.4442,722.4886,726.8774,724.3103,761.2335,764.2711,4442.429
2023-09-04 12:00:00,945.3309,814.0446,783.4252,794.848,795.3479,824.0668,827.6899,4818.582
2023-09-04 13:00:00,981.8526,828.9433,798.6158,808.9068,805.5134,816.9186,821.8289,4854.937
2023-09-04 14:00:00,888.2476,753.254,761.9844,686.2836,699.2211,736.0564,646.1292,4284.023
2023-09-04 15:00:00,574.7503,543.1628,549.3661,503.1219,528.1215,559.925,490.8174,3179.815
2023-09-04 16:00:00,643.4733,500.9172,500.0002,511.1061,547.4656,530.3954,545.6019,3150.359
2023-09-04 17:00:00,382.8644,312.1491,296.2689,313.4128,297.744,290.7059,286.3521,1798.489
2023-09-04 18:00:00,182.3613,124.3937,118.152,128.6169,125.1176,126.343,132.153,755.2626
2023-09-04 19:00:00,13.21111,10.63781,9.034499,10.36365,9.349639,9.704693,9.729115,50.90258
2023-09-04 20:00:00,0,0,0,0,0,0,0,-8.974912
2023-09-04 21:00:00,0,0,0,0,0,0,0,-8.819106
2023-09-04 22:00:00,0,0,0,0,0,0,0,-8.807138
2023-09-04 23:00:00,0,0,0,0,0,0,0,-8.804432
2023-09-05 00:00:00,0,0,0,0,0,0,0,-8.743688
2023-09-05 01:00:00,0,0,0,0,0,0,0,-8.788256
2023-09-05 02:00:00,0,0,0,0,0,0,0,-8.818025
2023-09-05 03:00:00,0,0,0,0,0,0,0,-8.71283
2023-09-05 04:00:00,0,0,0,0,0,0,0,-8.692248
2023-09-05 05:00:00,0,0,0,0,0,0,0,-8.69388
2023-09-05 06:00:00,0.475731,0,0,0,0,0,0,-8.773527
2023-09-05 07:00:00,42.66829,29.83135,24.58297,32.82653,30.17588,28.74175,27.04387,168.8478
2023-09-05 08:00:00,216.8748,205.6219,178.0425,193.5162,180.2848,188.5441,175.8857,1130.621
2023-09-05 09:00:00,441.8846,439.9296,410.9402,410.782,398.6312,434.7489,423.7698,2536.264
2023-09-05 10:00:00,660.3489,622.2297,590.4803,591.9478,584.5549,623.6109,623.4216,3643.866
2023-09-05 11:00:00,833.0378,745.6688,714.17,719.8527,717.1997,753.8771,756.718,4396.839
2023-09-05 12:00:00,936.3726,808.1808,778.1518,786.7011,786.6528,819.0786,822.7808,4780.256
2023-09-05 13:00:00,975.3476,821.8148,792.8073,807.489,809.0513,830.9471,824.1398,4860.072
2023-09-05 14:00:00,939.999,782.0192,763.8071,774.2768,779.1688,804.1615,811.5909,4692.524
2023-09-05 15:00:00,827.7311,688.6067,676.0846,680.3843,690.7382,706.468,715.6884,4144.227
2023-09-05 16:00:00,644.525,533.051,526.8411,531.9944,543.3978,550.4313,560.7214,3243.24
2023-09-05 17:00:00,418.1947,333.7505,333.101,338.0919,346.4993,345.5135,355.3071,2058.857
2023-09-05 18:00:00,172.6661,119.6518,113.5739,123.6103,119.8404,121.0663,126.8059,724.0726
2023-09-05 19:00:00,11.51972,9.587627,8.324337,9.461167,8.482722,8.685941,8.791242,45.19044
2023-09-05 20:00:00,0,0,0,0,0,0,0,-8.990498
2023-09-05 21:00:00,0,0,0,0,0,0,0,-8.832427
2023-09-05 22:00:00,0,0,0,0,0,0,0,-8.753209
2023-09-05 23:00:00,0,0,0,0,0,0,0,-8.877048
2023-09-06 00:00:00,0,0,0,0,0,0,0,-8.835313
2023-09-06 01:00:00,0,0,0,0,0,0,0,-8.659171
2023-09-06 02:00:00,0,0,0,0,0,0,0,-8.677376
2023-09-06 03:00:00,0,0,0,0,0,0,0,-8.712125
2023-09-06 04:00:00,0,0,0,0,0,0,0,-8.677561
2023-09-06 05:00:00,0,0,0,0,0,0,0,-8.661283
2023-09-06 06:00:00,0.3590726,0,0,0,0,0,0,-8.680786
2023-09-06 07:00:00,41.57169,27.26736,23.20192,30.78147,29.27686,27.82242,25.24201,160.744
2023-09-06 08:00:00,218.0645,201.5508,173.8735,190.1382,176.7808,194.9481,170.7905,1117.735
2023-09-06 09:00:00,440.329,435.7241,406.3821,406.4904,393.9347,429.3169,417.9896,2508.596
2023-09-06 10:00:00,658.7713,611.5952,579.82,583.3695,575.9755,612.6757,613.5054,3584.472
2023-09-06 11:00:00,822.2078,729.6726,699.7776,706.5881,705.7202,738.9945,743.4975,4314.551
2023-09-06 12:00:00,934.2003,800.2725,769.777,780.117,730.6865,809.5589,820.1009,4690.378
2023-09-06 13:00:00,950.4957,774.4176,746.9724,754.1978,686.7414,740.384,766.9468,4444.288
2023-09-06 14:00:00,965.639,796.1122,772.4282,782.149,720.8442,799.6721,809.5326,4655.881
2023-09-06 15:00:00,827.7062,678.7171,661.1079,669.6779,629.8232,693.8372,703.6111,4023.583
2023-09-06 16:00:00,633.2745,519.3778,509.9868,517.7817,489.2009,533.7668,543.8673,3111.614
2023-09-06 17:00:00,392.8694,312.6976,310.5244,316.2339,300.3234,322.6095,331.9565,1901.954
2023-09-06 18:00:00,156.5204,108.9933,103.2285,112.1778,100.8521,110.1885,115.3526,649.873
2023-09-06 19:00:00,8.826883,8.120318,7.15982,8.07442,6.736465,7.670507,7.49636,36.58698
2023-09-06 20:00:00,0,0,0,0,0,0,0,-8.940412
2023-09-06 21:00:00,0,0,0,0,0,0,0,-8.812213
2023-09-06 22:00:00,0,0,0,0,0,0,0,-8.808903
2023-09-06 23:00:00,0,0,0,0,0,0,0,-8.8368
2023-09-07 00:00:00,0,0,0,0,0,0,0,-8.775584
2023-09-07 01:00:00,0,0,0,0,0,0,0,-8.798059
2023-09-07 02:00:00,0,0,0,0,0,0,0,-8.727131
2023-09-07 03:00:00,0,0,0,0,0,0,0,-8.672
2023-09-07 04:00:00,0,0,0,0,0,0,0,-8.70246
2023-09-07 05:00:00,0,0,0,0,0,0,0,-8.765306
2023-09-07 06:00:00,1.007732,0,0,0,0,0,0,-8.755713
2023-09-07 07:00:00,48.31635,43.21042,38.3976,43.18023,38.105,39.80217,39.92844,239.6528
2023-09-07 08:00:00,173.9747,168.3689,151.2845,158.0364,138.683,154.9694,151.847,930.7336
2023-09-07 09:00:00,346.4839,342.6491,322.8909,321.7861,289.7842,340.2449,333.259,1968.595
2023-09-07 10:00:00,600.9335,563.365,535.3954,537.2141,490.4675,563.3271,562.5349,3266.882
2023-09-07 11:00:00,794.8117,710.2616,680.7842,685.425,632.8839,721.2338,726.7964,4149.715
2023-09-07 12:00:00,920.5248,789.6619,769.4163,774.8679,724.7531,801.4346,810.9698,4659.231
2023-09-07 13:00:00,858.4811,705.4407,686.8857,703.7437,634.1405,683.6141,710.287,4065.602
2023-09-07 14:00:00,645.0109,548.476,548.9626,532.1132,479.3741,551.137,558.575,3214.21
2023-09-07 15:00:00,761.6741,646.599,630.2558,633.3783,596.948,671.1908,684.9772,3856.648
2023-09-07 16:00:00,659.5469,539.1992,534.4466,542.8663,520.5385,568.1678,578.363,3280.343
2023-09-07 17:00:00,422.5885,333.8773,333.1065,337.9775,321.5233,345.6255,355.5068,2032.764
2023-09-07 18:00:00,169.0343,112.773,106.3921,116.5724,104.3222,113.9775,119.526,673.3876
2023-09-07 19:00:00,9.778109,6.185828,5.139561,5.957849,4.707351,5.356076,5.337684,25.02381
2023-09-07 20:00:00,0,0,0,0,0,0,0,-8.336354
2023-09-07 21:00:00,0,0,0,0,0,0,0,-8.666914
2023-09-07 22:00:00,0,0,0,0,0,0,0,-8.789537
2023-09-07 23:00:00,0,0,0,0,0,0,0,-8.775243
2023-09-08 00:00:00,0,0,0,0,0,0,0,-8.696184
2023-09-08 01:00:00,0,0,0,0,0,0,0,-8.727902
2023-09-08 02:00:00,0,0,0,0,0,0,0,-8.630013
2023-09-08 03:00:00,0,0,0,0,0,0,0,-8.654838
2023-09-08 04:00:00,0,0,0,0,0,0,0,-8.642147
2023-09-08 05:00:00,0,0,0,0,0,0,0,-8.678486
2023-09-08 06:00:00,0.952394,0,0,0,0,0,0,-8.648954
2023-09-08 07:00:00,56.91837,46.60096,39.86636,49.95281,43.46295,40.56639,42.068,260.6879
2023-09-08 08:00:00,232.4113,220.8989,190.892,209.169,178.4249,207.685,185.9423,1203.853
2023-09-08 09:00:00,388.6631,395.9162,380.0205,363.1804,321.4763,385.8463,381.9374,2251.497
2023-09-08 10:00:00,665.0027,625.2155,596.3348,594.4119,542.6127,628.1147,627.0195,3621.419
2023-09-08 11:00:00,831.079,744.4974,715.6935,718.5859,660.7503,751.2556,755.9941,4338.284
2023-09-08 12:00:00,943.2393,809.8713,728.1964,798.2958,735.5288,813.5538,795.7616,4659.835
2023-09-08 13:00:00,929.1296,734.28,735.7036,732.7102,710.7154,717.9317,740.2084,4334.703
2023-09-08 14:00:00,832.13,692.5148,697.2167,686.5211,651.8688,731.3505,728.9128,4152.411
2023-09-08 15:00:00,846.5527,703.6595,683.3021,698.3076,662.0207,731.7661,725.5394,4169.258
2023-09-08 16:00:00,706.2219,588.6814,580.9283,581.2965,545.0908,604.09,624.0148,3516.636
2023-09-08 17:00:00,357.6923,284.1682,277.2195,287.7866,267.5286,281.6851,285.8816,1678.496
2023-09-08 18:00:00,177.9691,121.6297,113.7913,124.6766,111.2372,122.2552,127.4721,721.4289
2023-09-08 19:00:00,11.53971,9.662007,8.49469,9.506997,7.947113,8.941953,9.021232,45.89491
2023-09-08 20:00:00,0,0,0,0,0,0,0,-8.900585
2023-09-08 21:00:00,0,0,0,0,0,0,0,-8.882267
2023-09-08 22:00:00,0,0,0,0,0,0,0,-8.692677
2023-09-08 23:00:00,0,0,0,0,0,0,0,-8.753001
2023-09-09 00:00:00,0,0,0,0,0,0,0,-8.771291
2023-09-09 01:00:00,0,0,0,0,0,0,0,-8.744948
2023-09-09 02:00:00,0,0,0,0,0,0,0,-8.584207
2023-09-09 03:00:00,0,0,0,0,0,0,0,-8.572001
2023-09-09 04:00:00,0,0,0,0,0,0,0,-8.557642
2023-09-09 05:00:00,0,0,0,0,0,0,0,-8.486269
2023-09-09 06:00:00,0.01876602,0,0,0,0,0,0,-8.492758
2023-09-09 07:00:00,15.29461,4.40069,4.116212,4.380415,3.911422,4.002832,4.219953,17.07632
2023-09-09 08:00:00,160.0191,154.2607,147.9198,146.5305,132.3894,148.3343,144.9876,883.806
2023-09-09 09:00:00,183.36,174.5143,165.8589,167.9779,152.8735,173.8328,169.873,1012.44
2023-09-09 10:00:00,83.81857,86.78838,86.44275,84.64173,79.83422,92.18058,92.9698,523.0643
2023-09-09 11:00:00,94.35165,86.40465,80.63558,85.00964,75.5079,83.52486,80.92744,489.8216
2023-09-09 12:00:00,47.54065,41.9577,41.24295,42.01228,38.27621,41.64749,42.32067,244.5114
2023-09-09 13:00:00,89.88294,91.92306,90.38313,89.57257,84.85284,96.38622,96.14392,551.377
2023-09-09 14:00:00,337.5518,310.159,299.3278,303.2205,281.487,318.8742,316.0546,1846.295
2023-09-09 15:00:00,396.1009,347.6333,335.612,344.4485,319.4739,360.125,363.3604,2091.236
2023-09-09 16:00:00,580.8184,493.9594,468.382,495.5473,473.1454,522.1216,515.1626,2976.667
2023-09-09 17:00:00,213.4199,190.9208,186.4126,187.7191,176.8689,196.9771,198.2685,1149.442
2023-09-09 18:00:00,39.03493,37.82602,36.04914,36.50039,33.18014,37.91589,37.19736,214.7857
2023-09-09 19:00:00,0.2283924,0.2884583,0.2798277,0.2858832,0.132019,0.3108685,0.2929338,-6.996758
2023-09-09 20:00:00,0,0,0,0,0,0,0,-8.773551
2023-09-09 21:00:00,0,0,0,0,0,0,0,-8.711499
2023-09-09 22:00:00,0,0,0,0,0,0,0,-8.716393
2023-09-09 23:00:00,0,0,0,0,0,0,0,-8.684587
2023-09-10 00:00:00,0,0,0,0,0,0,0,-8.703203
2023-09-10 01:00:00,0,0,0,0,0,0,0,-8.71088
2023-09-10 02:00:00,0,0,0,0,0,0,0,-8.714982
2023-09-10 03:00:00,0,0,0,0,0,0,0,-8.730687
2023-09-10 04:00:00,0,0,0,0,0,0,0,-8.6109
2023-09-10 05:00:00,0,0,0,0,0,0,0,-8.578351
2023-09-10 06:00:00,0.02342458,0,0,0,0,0,0,-8.592208
2023-09-10 07:00:00,28.27932,18.20359,16.41146,16.46199,13.12228,13.39414,14.17789,85.14525
2023-09-10 08:00:00,78.22726,69.42068,67.38661,65.7312,59.42264,65.37828,66.20621,393.7884
2023-09-10 09:00:00,123.1529,111.513,109.8557,106.8567,96.3369,109.1248,107.9814,643.6564
2023-09-10 10:00:00,450.3412,400.6123,377.1049,393.6488,348.8677,376.0059,345.7971,2249.608
2023-09-10 11:00:00,564.8085,519.9926,487.4786,485.8944,445.0605,494.1436,490.2111,2952.334
2023-09-10 12:00:00,829.9495,625.9779,635.0178,620.8568,594.5878,641.1262,650.1008,3785.508
2023-09-10 13:00:00,813.3231,655.2446,642.4722,652.3256,668.9115,691.5363,681.1356,3988.585
2023-09-10 14:00:00,846.8535,685.9678,651.1143,662.2678,649.5754,672.2511,616.2205,3925.313
2023-09-10 15:00:00,326.881,270.3554,272.9392,295.9643,277.7795,298.8752,313.7548,1726.599
2023-09-10 16:00:00,641.5673,542.6155,517.272,545.1428,508.2019,546.9543,565.9023,3216.103
2023-09-10 17:00:00,416.2931,332.0567,330.2511,337.4412,320.2903,344.7277,352.5956,2024.52
2023-09-10 18:00:00,160.3902,113.2351,106.8122,115.4174,102.9248,114.4013,120.3971,674.5502
2023-09-10 19:00:00,8.23843,8.60111,7.603846,8.188888,6.892028,7.660037,7.385469,38.47941
2023-09-10 20:00:00,0,0,0,0,0,0,0,-8.897073
2023-09-10 21:00:00,0,0,0,0,0,0,0,-8.704325
2023-09-10 22:00:00,0,0,0,0,0,0,0,-8.701037
2023-09-10 23:00:00,0,0,0,0,0,0,0,-8.661634
2023-09-11 00:00:00,0,0,0,0,0,0,0,-8.662516
2023-09-11 01:00:00,0,0,0,0,0,0,0,-8.675416
2023-09-11 02:00:00,0,0,0,0,0,0,0,-8.665482
2023-09-11 03:00:00,0,0,0,0,0,0,0,-8.619323
2023-09-11 04:00:00,0,0,0,0,0,0,0,-8.579238
2023-09-11 05:00:00,0,0,0,0,0,0,0,-8.744692
2023-09-11 06:00:00,0.1963163,0,0,0,0,0,0,-8.747868
2023-09-11 07:00:00,39.85266,21.94444,16.84167,28.4124,23.10218,24.88521,19.55331,129.2858
2023-09-11 08:00:00,221.3418,206.3849,175.2898,195.3963,165.4146,203.6265,169.9894,1129.832
2023-09-11 09:00:00,457.1799,455.3384,425.9912,422.3099,376.406,449.2429,434.8177,2584.298
2023-09-11 10:00:00,676.7333,641.866,612.1795,609.2741,553.3087,641.0302,641.1134,3703.559
2023-09-11 11:00:00,830.2304,766.9677,738.1925,740.5709,679.4456,777.0671,771.3032,4463.004
2023-09-11 12:00:00,974.8005,807.7238,789.8548,801.6087,754.8818,831.7512,832.1472,4801.979
2023-09-11 13:00:00,891.2727,684.8324,738.435,765.4411,749.5955,792.8748,772.1313,4483.435
2023-09-11 14:00:00,873.1178,688.6437,663.1271,684.4167,691.9968,724.2822,717.211,4140.735
2023-09-11 15:00:00,793.0605,624.8775,635.5161,629.2068,603.2736,655.5377,662.7092,3758.54
2023-09-11 16:00:00,342.4802,262.812,253.5143,268.5612,259.8825,323.0718,341.9306,1734.01
2023-09-11 17:00:00,374.796,273.585,268.1041,270.7639,261.2286,288.8903,290.197,1661.246
2023-09-11 18:00:00,151.1395,101.4026,95.22273,107.0454,93.04962,103.8336,109.3364,610.1459
2023-09-11 19:00:00,6.541699,5.559832,4.467719,5.162477,3.792724,4.493931,4.450174,19.91127
2023-09-11 20:00:00,0,0,0,0,0,0,0,-8.852721
2023-09-11 21:00:00,0,0,0,0,0,0,0,-8.782169
2023-09-11 22:00:00,0,0,0,0,0,0,0,-8.657724
2023-09-11 23:00:00,0,0,0,0,0,0,0,-8.765326
2023-09-12 00:00:00,0,0,0,0,0,0,0,-8.781388
2023-09-12 01:00:00,0,0,0,0,0,0,0,-8.796256
2023-09-12 02:00:00,0,0,0,0,0,0,0,-8.699588
2023-09-12 03:00:00,0,0,0,0,0,0,0,-8.758717
2023-09-12 04:00:00,0,0,0,0,0,0,0,-8.684757
2023-09-12 05:00:00,0,0,0,0,0,0,0,-8.610586
2023-09-12 06:00:00,0.08686858,0,0,0,0,0,0,-8.541958
2023-09-12 07:00:00,39.66528,26.10396,21.81746,29.22796,25.69996,28.40961,24.27784,150.5765
2023-09-12 08:00:00,214.2444,195.2158,168.1579,185.4049,158.861,193.1738,165.5994,1076.826
2023-09-12 09:00:00,418.2872,409.5083,383.4931,378.9742,341.3207,404.7159,392.9261,2331.032
2023-09-12 10:00:00,658.7114,606.3751,577.4891,576.5324,524.8351,605.5479,604.0558,3502.501
2023-09-12 11:00:00,799.5339,722.8527,669.4794,685.5334,628.397,703.7031,684.8173,4076.965
2023-09-12 12:00:00,925.5295,800.3474,763.2326,775.8796,719.8816,815.0287,818.3658,4677.832
2023-09-12 13:00:00,671.5403,592.3562,593.6786,588.5525,618.5875,655.0939,636.3077,3648.825
2023-09-12 14:00:00,801.6284,653.3103,624.8091,635.7684,614.1636,672.5513,732.1182,3984.667
2023-09-12 15:00:00,798.1915,622.9107,586.3849,606.0723,540.961,591.255,630.8344,3564.832
2023-09-12 16:00:00,236.7997,205.7183,195.7292,198.5025,183.0738,202.9294,199.8227,1184.521
2023-09-12 17:00:00,27.17872,26.64254,25.47844,26.00945,23.44505,26.65882,26.19906,148.3526
2023-09-12 18:00:00,12.70827,10.19583,9.715755,10.15191,9.134014,10.421,10.09779,52.45003
2023-09-12 19:00:00,1.191131,0.9577455,0.9194533,1.060521,0.8336465,0.973558,1.036333,-2.872169
2023-09-12 20:00:00,0,0,0,0,0,0,0,-8.772502
2023-09-12 21:00:00,0,0,0,0,0,0,0,-8.705916
2023-09-12 22:00:00,0,0,0,0,0,0,0,-8.685282
2023-09-12 23:00:00,0,0,0,0,0,0,0,-8.627498
2023-09-13 00:00:00,0,0,0,0,0,0,0,-8.68336
2023-09-13 01:00:00,0,0,0,0,0,0,0,-8.725225
2023-09-13 02:00:00,0,0,0,0,0,0,0,-8.765061
2023-09-13 03:00:00,0,0,0,0,0,0,0,-8.551319
2023-09-13 04:00:00,0,0,0,0,0,0,0,-8.463209
2023-09-13 05:00:00,0,0,0,0,0,0,0,-8.546534
2023-09-13 06:00:00,0.08199908,0,0,0,0,0,0,-8.662836
2023-09-13 07:00:00,36.0102,28.47944,24.95677,30.17852,26.38483,26.84815,26.69488,158.6597
2023-09-13 08:00:00,149.6781,146.6017,133.512,135.6103,119.5709,141.0981,130.2517,819.9489
2023-09-13 09:00:00,396.0832,394.5465,368.7447,367.138,331.202,392.2082,381.812,2256.758
2023-09-13 10:00:00,663.9067,632.9021,603.3396,593.2619,550.954,632.5183,636.6223,3658.445
2023-09-13 11:00:00,707.4423,633.5291,643.3072,602.6982,569.8419,638.9011,643.9486,3772.002
2023-09-13 12:00:00,556.4524,488.42,476.3751,482.105,446.1891,507.1529,524.4899,2963.754
2023-09-13 13:00:00,580.9379,500.9173,499.8834,485.0431,469.2406,538.6001,526.0323,3023.843
2023-09-13 14:00:00,697.9117,596.2907,616.5834,574.1935,561.3561,598.4601,606.2382,3553.859
2023-09-13 15:00:00,500.3496,405.5545,402.0717,414.6165,371.4052,410.5482,418.4626,2399.123
2023-09-13 16:00:00,560.9264,461.6168,467.0007,461.7154,422.4159,444.9205,476.7184,2757.84
2023-09-13 17:00:00,345.3408,280.8653,282.881,279.6233,270.1533,288.3102,291.2744,1706.984
2023-09-13 18:00:00,71.24511,64.83757,63.54163,63.35461,58.97417,65.57246,65.71817,378.696
2023-09-13 19:00:00,2.3686,2.265263,2.184241,2.24177,1.969092,2.280758,2.193468,4.94795
2023-09-13 20:00:00,0,0,0,0,0,0,0,-8.868608
2023-09-13 21:00:00,0,0,0,0,0,0,0,-8.718618
2023-09-13 22:00:00,0,0,0,0,0,0,0,-8.717162
2023-09-13 23:00:00,0,0,0,0,0,0,0,-8.724186
2023-09-14 00:00:00,0,0,0,0,0,0,0,-8.778317
2023-09-14 01:00:00,0,0,0,0,0,0,0,-8.819271
2023-09-14 02:00:00,0,0,0,0,0,0,0,-8.583804
2023-09-14 03:00:00,0,0,0,0,0,0,0,-8.501894
2023-09-14 04:00:00,0,0,0,0,0,0,0,-8.522545
2023-09-14 05:00:00,0,0,0,0,0,0,0,-8.619091
2023-09-14 06:00:00,0.05298432,0,0,0,0,0,0,-8.733446
2023-09-14 07:00:00,45.518,34.48154,30.30767,36.1531,31.63119,35.80626,32.59932,196.148
2023-09-14 08:00:00,208.7971,197.7259,171.1906,188.4981,159.6954,185.0759,160.4502,1077.44
2023-09-14 09:00:00,448.2279,437.993,412.2242,405.269,364.612,434.1723,418.0149,2495.376
2023-09-14 10:00:00,671.6331,637.222,610.6681,604.2208,551.1324,641.7072,641.2469,3692.878
2023-09-14 11:00:00,859.6866,779.4666,752.4983,761.7315,702.1745,797.6105,797.5195,4576.183
2023-09-14 12:00:00,960.225,809.0657,813.4566,774.043,693.3653,721.8391,746.1786,4521.862
2023-09-14 13:00:00,992.2171,772.6144,736.6599,795.9515,790.2251,779.7034,761.3912,4610.854
2023-09-14 14:00:00,956.4246,780.5543,775.8843,802.149,756.7985,816.5166,798.7111,4708.197
2023-09-14 15:00:00,821.081,693.1919,679.1505,681.6378,642.3846,713.9633,721.1123,4106.676
2023-09-14 16:00:00,670.5792,552.9465,551.1918,549.7474,519.8027,573.2601,584.1691,3323.67
2023-09-14 17:00:00,370.1164,292.8032,302.1985,302.1175,293.7929,317.8535,336.0266,1853.649
2023-09-14 18:00:00,152.8483,99.1644,90.14432,101.8509,88.34625,97.95782,103.4626,580.3318
2023-09-14 19:00:00,3.470303,3.73397,3.082009,3.476447,2.664743,3.170378,3.114772,11.11214
2023-09-14 20:00:00,0,0,0,0,0,0,0,-8.845034
2023-09-14 21:00:00,0,0,0,0,0,0,0,-8.760257
2023-09-14 22:00:00,0,0,0,0,0,0,0,-8.693562
2023-09-14 23:00:00,0,0,0,0,0,0,0,-8.735406
2023-09-15 00:00:00,0,0,0,0,0,0,0,-8.535033
2023-09-15 01:00:00,0,0,0,0,0,0,0,-8.622084
2023-09-15 02:00:00,0,0,0,0,0,0,0,-8.68188
2023-09-15 03:00:00,0,0,0,0,0,0,0,-8.707635
2023-09-15 04:00:00,0,0,0,0,0,0,0,-8.70493
2023-09-15 05:00:00,0,0,0,0,0,0,0,-8.617334
2023-09-15 06:00:00,0.0225454,0,0,0,0,0,0,-8.537694
2023-09-15 07:00:00,35.87498,24.68093,19.54384,29.74548,24.98398,24.27448,21.26513,140.0144
2023-09-15 08:00:00,230.226,211.4451,178.6938,201.4674,171.4486,210.845,174.8042,1160.096
2023-09-15 09:00:00,473.1802,474.3006,445.6699,438.368,392.3357,467.6752,453.4808,2695.627
2023-09-15 10:00:00,701.9025,673.8542,645.0956,634.7744,580.3906,675.9761,677.8853,3896.798
2023-09-15 11:00:00,881.1152,809.0266,787.3256,779.4465,720.166,815.1498,815.2795,4710.68
2023-09-15 12:00:00,990.345,832.9731,832.9965,832.765,792.4532,832.9296,832.9022,4933.91
2023-09-15 13:00:00,1023.811,832.9462,832.947,832.9014,806.5107,832.8746,833.0069,4944.656
2023-09-15 14:00:00,989.252,828.5302,824.6596,823.1437,775.569,832.8832,832.8864,4890.632
2023-09-15 15:00:00,869.3024,740.4067,733.2219,729.0215,683.1862,760.8542,773.3752,4399.172
2023-09-15 16:00:00,680.9337,568.6724,570.5566,567.3023,534.9108,588.8938,603.7631,3429.517
2023-09-15 17:00:00,438.0746,344.1687,350.0146,348.4994,331.644,358.4073,372.3706,2112.673
2023-09-15 18:00:00,168.6611,106.7613,94.48873,110.9485,94.09386,103.2631,110.355,617.6821
2023-09-15 19:00:00,3.514438,4.163004,3.42469,4.002741,2.834069,3.473677,3.350411,12.84739
2023-09-15 20:00:00,0,0,0,0,0,0,0,-8.851379
2023-09-15 21:00:00,0,0,0,0,0,0,0,-8.767314
2023-09-15 22:00:00,0,0,0,0,0,0,0,-8.60639
2023-09-15 23:00:00,0,0,0,0,0,0,0,-8.639866
2023-09-16 00:00:00,0,0,0,0,0,0,0,-8.661883
2023-09-16 01:00:00,0,0,0,0,0,0,0,-8.706855
2023-09-16 02:00:00,0,0,0,0,0,0,0,-8.729103
2023-09-16 03:00:00,0,0,0,0,0,0,0,-8.763069
2023-09-16 04:00:00,0,0,0,0,0,0,0,-8.782222
2023-09-16 05:00:00,0,0,0,0,0,0,0,-8.846851
2023-09-16 06:00:00,0.009134649,0,0,0,0,0,0,-8.785195
2023-09-16 07:00:00,37.75346,24.21398,19.04024,29.64973,25.07762,23.02586,21.17348,136.4166
2023-09-16 08:00:00,232.0836,213.8981,180.573,204.7922,174.3868,195.7218,176.5805,1156.463
2023-09-16 09:00:00,469.3061,474.0818,445.8546,438.2394,391.1452,450.5279,450.8245,2673.881
2023-09-16 10:00:00,688.8497,650.8109,624.6345,615.7511,562.8999,649.3156,654.9773,3768.208
2023-09-16 11:00:00,863.0447,775.9554,747.0349,747.2991,687.5808,779.5637,785.3953,4511.53
2023-09-16 12:00:00,967.1162,831.5874,814.4531,820.0107,756.5402,832.6,832.993,4866.164
2023-09-16 13:00:00,1002.44,832.988,825.1334,829.771,772.4912,832.8898,832.9738,4902.03
2023-09-16 14:00:00,957.2452,801.4562,780.8716,787.268,735.293,815.0667,819.7475,4716.368
2023-09-16 15:00:00,840.7826,701.12,687.6223,691.1119,647.2415,715.785,725.5078,4151.521
2023-09-16 16:00:00,651.7016,537.145,533.4943,534.1343,503.8477,544.3016,539.5958,3176.568
2023-09-16 17:00:00,324.2567,262.8775,257.068,257.6959,243.9059,263.023,271.2495,1562.693
2023-09-16 18:00:00,90.85094,71.7844,68.70634,71.9519,64.53115,71.0384,72.38711,420.52
2023-09-16 19:00:00,2.393278,3.138088,2.975114,3.224654,2.721657,3.06706,3.103852,9.942442
2023-09-16 20:00:00,0,0,0,0,0,0,0,-8.792409
2023-09-16 21:00:00,0,0,0,0,0,0,0,-8.798383
2023-09-16 22:00:00,0,0,0,0,0,0,0,-8.822412
2023-09-16 23:00:00,0,0,0,0,0,0,0,-8.681203
2023-09-17 00:00:00,0,0,0,0,0,0,0,-8.671192
2023-09-17 01:00:00,0,0,0,0,0,0,0,-8.706023
2023-09-17 02:00:00,0,0,0,0,0,0,0,-8.74514
2023-09-17 03:00:00,0,0,0,0,0,0,0,-8.757294
2023-09-17 04:00:00,0,0,0,0,0,0,0,-8.681327
2023-09-17 05:00:00,0,0,0,0,0,0,0,-8.688737
2023-09-17 06:00:00,0.07154773,0,0,0,0,0,0,-8.658667
2023-09-17 07:00:00,27.72817,20.42735,19.6202,20.03221,18.46232,19.54156,22.28623,114.0494
2023-09-17 08:00:00,206.0058,189.5941,172.5195,180.3865,165.8887,179.8628,181.2845,1080.799
2023-09-17 09:00:00,266.8239,261.5027,252.0932,242.1455,231.2196,261.8398,254.6822,1516.76
2023-09-17 10:00:00,192.5307,183.4458,176.3401,177.9542,163.7985,184.569,184.0143,1078.272
2023-09-17 11:00:00,230.4825,218.7218,210.1089,212.1259,195.8763,219.9099,219.154,1284.87
2023-09-17 12:00:00,167.7216,169.7297,162.9196,165.1754,152.0288,171.1051,170.5703,997.4907
2023-09-17 13:00:00,125.1679,131.0918,126.4759,126.5248,116.3908,131.3648,132.0467,769.0041
2023-09-17 14:00:00,98.27534,99.74226,96.05505,96.82159,89.25253,100.5659,100.5737,584.8387
2023-09-17 15:00:00,134.8042,132.4323,127.9251,129.5218,119.7572,134.6952,135.218,782.3096
2023-09-17 16:00:00,150.9079,142.0594,137.8797,138.693,128.5023,145.2714,145.9885,842.5211
2023-09-17 17:00:00,120.6105,109.9623,106.0045,107.7125,99.23922,111.6158,111.5308,647.3956
2023-09-17 18:00:00,21.07239,18.43571,18.06468,18.31086,16.33125,18.98684,18.73564,102.2919
2023-09-17 19:00:00,0.7525284,0,0,0.1592699,0,0,0.09083333,-8.423372
2023-09-17 20:00:00,0,0,0,0,0,0,0,-8.699711
2023-09-17 21:00:00,0,0,0,0,0,0,0,-8.73732
2023-09-17 22:00:00,0,0,0,0,0,0,0,-8.772526
2023-09-17 23:00:00,0,0,0,0,0,0,0,-8.726499
2023-09-18 00:00:00,0,0,0,0,0,0,0,-8.656165
2023-09-18 01:00:00,0,0,0,0,0,0,0,-8.628711
2023-09-18 02:00:00,0,0,0,0,0,0,0,-8.677495
2023-09-18 03:00:00,0,0,0,0,0,0,0,-8.68405
2023-09-18 04:00:00,0,0,0,0,0,0,0,-8.636597
2023-09-18 05:00:00,0,0,0,0,0,0,0,-8.534137
2023-09-18 06:00:00,0,0,0,0,0,0,0,-8.614347
2023-09-18 07:00:00,36.39746,20.00606,16.22802,25.45008,21.47202,17.66737,18.21651,112.7601
2023-09-18 08:00:00,225.2129,202.8433,170.7943,196.5757,166.4326,200.3811,165.7227,1112.068
2023-09-18 09:00:00,471.5497,463.8234,437.8409,429.9025,382.6256,456.4432,441.0462,2634.456
2023-09-18 10:00:00,693.0073,661.726,636.605,626.14,567.9398,660.5568,666.7836,3830.461
2023-09-18 11:00:00,867.1549,794.1776,773.8577,766.1699,702.1787,803.1908,806.2067,4631.046
2023-09-18 12:00:00,1006.208,832.2945,832.0309,831.4205,792.1791,832.8862,832.9679,4923.461
2023-09-18 13:00:00,1011.93,832.9058,832.9304,832.7729,792.4115,832.9344,832.9202,4931.439
2023-09-18 14:00:00,961.9841,813.1959,786.1875,792.8419,748.2025,832.9434,832.8313,4782.603
2023-09-18 15:00:00,684.6639,582.7136,573.334,573.0787,561.7204,640.6642,656.1537,3551.808
2023-09-18 16:00:00,541.131,422.1256,391.7676,414.0228,420.3322,452.892,425.9036,2472.171
2023-09-18 17:00:00,395.0107,310.7808,317.3264,311.7156,292.4314,317.2957,309.16,1860.474
2023-09-18 18:00:00,137.2247,88.08216,77.61412,90.41324,76.85253,84.36897,89.29536,504.0031
2023-09-18 19:00:00,1.179419,2.563607,2.314912,2.488936,2.06055,2.436885,2.373164,5.899658
2023-09-18 20:00:00,0,0,0,0,0,0,0,-8.799495
2023-09-18 21:00:00,0,0,0,0,0,0,0,-8.658086
2023-09-18 22:00:00,0,0,0,0,0,0,0,-8.752582
2023-09-18 23:00:00,0,0,0,0,0,0,0,-8.698604
2023-09-19 00:00:00,0,0,0,0,0,0,0,-8.675602
2023-09-19 01:00:00,0,0,0,0,0,0,0,-8.599346
2023-09-19 02:00:00,0,0,0,0,0,0,0,-8.634853
2023-09-19 03:00:00,0,0,0,0,0,0,0,-8.64255
2023-09-19 04:00:00,0,0,0,0,0,0,0,-8.615995
2023-09-19 05:00:00,0,0,0,0,0,0,0,-8.520191
2023-09-19 06:00:00,0,0,0,0,0,0,0,-8.548796
2023-09-19 07:00:00,34.21146,22.96442,19.16577,27.43502,23.49209,21.59476,20.82514,129.335
2023-09-19 08:00:00,220.6694,198.8337,169.2351,193.0884,165.2348,183.7759,165.1692,1084.135
2023-09-19 09:00:00,461.8929,461.0411,435.2978,426.9413,382.5315,453.5489,440.4066,2621.716
2023-09-19 10:00:00,683.3237,642.3569,619.6109,608.0584,556.6839,643.5082,648.1285,3728.066
2023-09-19 11:00:00,861.2523,773.2208,747.4022,740.7142,685.1202,778.518,785.494,4498.699
2023-09-19 12:00:00,962.5486,828.9093,806.1617,808.3394,748.7346,831.4881,832.5419,4834.896
2023-09-19 13:00:00,1031.355,832.9301,832.8824,832.9393,788.6175,832.8903,832.9776,4926.976
2023-09-19 14:00:00,725.986,613.9027,588.897,613.749,523.8887,573.034,544.7628,3422.754
2023-09-19 15:00:00,648.1471,469.389,483.8831,438.0595,418.2828,460.1585,510.7053,2764.935
2023-09-19 16:00:00,396.0864,337.3665,327.0752,342.5016,336.4208,366.3583,357.8437,2076.114
2023-09-19 17:00:00,321.4488,248.5395,240.815,248.3163,231.0073,248.0138,262.0284,1489.598
2023-09-19 18:00:00,115.6891,77.4797,70.54675,78.59561,68.9345,75.74973,79.76143,449.9123
2023-09-19 19:00:00,2.340591,2.045135,1.826004,1.94781,1.440074,1.792117,1.783582,2.312222
2023-09-19 20:00:00,0,0,0,0,0,0,0,-8.898077
2023-09-19 21:00:00,0,0,0,0,0,0,0,-8.747673
2023-09-19 22:00:00,0,0,0,0,0,0,0,-8.770952
2023-09-19 23:00:00,0,0,0,0,0,0,0,-8.706779
2023-09-20 00:00:00,0,0,0,0,0,0,0,-8.642215
2023-09-20 01:00:00,0,0,0,0,0,0,0,-8.7324
2023-09-20 02:00:00,0,0,0,0,0,0,0,-8.775429
2023-09-20 03:00:00,0,0,0,0,0,0,0,-8.743779
2023-09-20 04:00:00,0,0,0,0,0,0,0,-8.730193
2023-09-20 05:00:00,0,0,0,0,0,0,0,-8.577039
2023-09-20 06:00:00,0,0,0,0,0,0,0,-8.601748
2023-09-20 07:00:00,32.00415,25.39254,22.5083,27.054,23.93716,22.33361,23.41799,139.8407
2023-09-20 08:00:00,175.8766,159.9338,142.9814,153.9152,137.0047,150.2787,147.2132,898.2761
2023-09-20 09:00:00,410.2431,388.6205,374.0393,355.813,321.5757,337.6787,358.2906,2153.939
2023-09-20 10:00:00,667.5824,620.1643,602.8876,588.1085,540.6691,624.9955,631.5273,3622.251
2023-09-20 11:00:00,845.0967,746.409,724.1255,718.8702,664.9529,753.655,761.3874,4360.126
2023-09-20 12:00:00,959.9996,815.528,794.9742,797.6058,734.8008,812.306,822.1464,4759.023
2023-09-20 13:00:00,717.4528,548.5806,599.8979,538.3356,497.5957,572.6488,593.2498,3341.679
2023-09-20 14:00:00,588.798,477.4639,414.2465,462.0078,433.5446,470.225,483.4309,2731.421
2023-09-20 15:00:00,774.3503,637.5729,635.1808,628.3859,595.3299,655.2221,666.7765,3805.216
2023-09-20 16:00:00,594.4811,481.9143,482.8596,479.6408,452.6293,493.5212,508.8164,2904.307
2023-09-20 17:00:00,262.2941,212.742,220.4411,215.3644,209.9627,230.6507,225.0208,1317.164
2023-09-20 18:00:00,57.36013,49.42751,49.24952,49.51766,45.89834,51.3188,52.83305,294.1477
2023-09-20 19:00:00,1.1532,1.67596,1.746596,1.813038,1.496685,1.83533,1.809738,1.839197
2023-09-20 20:00:00,0,0,0,0,0,0,0,-8.760657
2023-09-20 21:00:00,0,0,0,0,0,0,0,-8.704052
2023-09-20 22:00:00,0,0,0,0,0,0,0,-8.64531
2023-09-20 23:00:00,0,0,0,0,0,0,0,-8.73063
2023-09-21 00:00:00,0,0,0,0,0,0,0,-8.558262
2023-09-21 01:00:00,0,0,0,0,0,0,0,-8.569994
2023-09-21 02:00:00,0,0,0,0,0,0,0,-8.632454
2023-09-21 03:00:00,0,0,0,0,0,0,0,-8.661706
2023-09-21 04:00:00,0,0,0,0,0,0,0,-8.646003
2023-09-21 05:00:00,0,0,0,0,0,0,0,-8.533893
2023-09-21 06:00:00,0,0,0,0,0,0,0,-8.532877
2023-09-21 07:00:00,27.54969,24.02258,23.17131,23.40693,21.52575,20.72577,24.22182,131.0481
2023-09-21 08:00:00,124.2126,114.534,110.1894,111.6764,102.3288,109.2039,115.5109,666.765
2023-09-21 09:00:00,273.2044,259.3113,248.5581,247.7152,226.1939,259.8216,257.8645,1515.24
2023-09-21 10:00:00,459.4875,426.3771,403.7194,412.6532,382.189,434.1376,428.7131,2509.542
2023-09-21 11:00:00,750.835,668.8975,645.2672,640.6722,592.4472,664.6082,675.2355,3892.615
2023-09-21 12:00:00,973.1808,802.1578,785.8059,813.6574,758.099,828.994,829.3969,4793.538
2023-09-21 13:00:00,747.897,573.2449,601.5388,607.6385,577.5535,650.7968,679.0647,3597.061
2023-09-21 14:00:00,681.3312,583.3591,510.4409,552.6938,478.2172,516.6304,530.5626,3174.61
2023-09-21 15:00:00,582.2507,490.3076,481.9463,489.7684,462.9954,511.2237,518.8381,2947.399
2023-09-21 16:00:00,534.1456,416.9604,403.0112,401.1071,388.0433,434.9,458.3191,2509.963
2023-09-21 17:00:00,266.4659,213.1335,203.1737,221.9843,205.7399,211.7094,218.9474,1283.173
2023-09-21 18:00:00,51.40868,46.66867,45.53664,46.13813,42.80402,47.62486,47.81398,272.1321
2023-09-21 19:00:00,1.487574,2.300326,2.171068,2.317384,1.967861,2.16852,2.245041,4.732962
2023-09-21 20:00:00,0,0,0,0,0,0,0,-8.878723
2023-09-21 21:00:00,0,0,0,0,0,0,0,-8.886387
2023-09-21 22:00:00,0,0,0,0,0,0,0,-8.855178
2023-09-21 23:00:00,0,0,0,0,0,0,0,-8.742736
2023-09-22 00:00:00,0,0,0,0,0,0,0,-8.839521
2023-09-22 01:00:00,0,0,0,0,0,0,0,-8.61417
2023-09-22 02:00:00,0,0,0,0,0,0,0,-8.557775
2023-09-22 03:00:00,0,0,0,0,0,0,0,-8.610237
2023-09-22 04:00:00,0,0,0,0,0,0,0,-8.54828
2023-09-22 05:00:00,0,0,0,0,0,0,0,-8.6343
2023-09-22 06:00:00,0,0,0,0,0,0,0,-8.639073
2023-09-22 07:00:00,19.91607,15.68647,14.52483,15.06663,13.39843,14.36248,14.87336,80.86849
2023-09-22 08:00:00,111.2104,98.06145,90.2531,94.162,83.73724,96.68845,91.30889,557.0751
2023-09-22 09:00:00,183.3881,166.2206,161.4516,162.1178,149.3578,169.5794,169.5286,986.1448
2023-09-22 10:00:00,250.8957,228.3025,220.7082,223.5252,206.5269,232.7241,231.9509,1353.076
2023-09-22 11:00:00,259.1919,237.0739,232.2206,234.0331,215.3148,242.8398,243.5479,1421.346
2023-09-22 12:00:00,118.2079,113.7969,111.0601,110.8743,102.4558,116.1954,116.244,674.1648
2023-09-22 13:00:00,238.226,223.6555,217.0255,217.4707,200.5287,226.7401,226.7367,1328.394
2023-09-22 14:00:00,213.9713,202.1446,196.2865,196.1084,180.9728,204.364,204.4801,1191.626
2023-09-22 15:00:00,290.0334,264.7825,258.3505,263.3944,246.2897,276.1476,276.7021,1595.172
2023-09-22 16:00:00,164.6084,153.1312,149.1691,151.2973,140.7069,158.0972,158.1015,914.6973
2023-09-22 17:00:00,66.61017,61.72245,59.51909,62.11976,57.10771,63.16948,62.09649,359.8441
2023-09-22 18:00:00,13.35142,13.0251,12.45839,12.88585,11.11755,13.33633,13.04972,68.81438
2023-09-22 19:00:00,1.852005,2.23659,2.162539,2.230167,1.459597,2.293052,2.256576,4.297875
2023-09-22 20:00:00,0,0,0,0,0,0,0,-8.7547
2023-09-22 21:00:00,0,0,0,0,0,0,0,-8.769097
2023-09-22 22:00:00,0,0,0,0,0,0,0,-8.75662
2023-09-22 23:00:00,0,0,0,0,0,0,0,-8.781758
2023-09-23 00:00:00,0,0,0,0,0,0,0,-8.608263
2023-09-23 01:00:00,0,0,0,0,0,0,0,-8.629228
2023-09-23 02:00:00,0,0,0,0,0,0,0,-8.68554
2023-09-23 03:00:00,0,0,0,0,0,0,0,-8.651135
2023-09-23 04:00:00,0,0,0,0,0,0,0,-8.877921
2023-09-23 05:00:00,0,0,0,0,0,0,0,-8.804559
2023-09-23 06:00:00,0,0,0,0,0,0,0,-8.691118
2023-09-23 07:00:00,3.024283,0,0,0,0,0,0,-8.889915
2023-09-23 08:00:00,18.53455,14.49393,13.93931,14.19494,13.26291,13.98022,15.11404,78.13243
2023-09-23 09:00:00,47.54987,42.06654,40.93717,41.44732,38.21194,41.56073,43.17931,243.4552
2023-09-23 10:00:00,101.386,91.05941,87.79765,90.02555,83.14299,93.58173,92.37785,540.437
2023-09-23 11:00:00,134.5804,127.2675,123.8958,124.911,115.7399,130.9966,129.5237,759.4274
2023-09-23 12:00:00,162.4335,156.7,152.9718,154.1454,142.653,160.8599,160.2601,934.277
2023-09-23 13:00:00,139.728,136.0631,132.338,133.4608,124.1615,139.5161,138.7855,812.257
2023-09-23 14:00:00,126.529,124.2334,120.9192,121.5278,112.5635,126.4669,126.1143,737.4996
2023-09-23 15:00:00,114.2322,112.5378,109.3248,109.8216,100.9252,113.7672,113.1883,663.6165
2023-09-23 16:00:00,84.47201,82.6479,80.41379,80.52388,73.93845,83.62074,83.1759,485.0743
2023-09-23 17:00:00,68.39745,62.80639,62.99274,63.26495,58.41614,66.02492,65.65134,378.2985
2023-09-23 18:00:00,16.12094,13.63961,13.16279,13.20161,12.02189,13.93309,13.80328,73.15977
2023-09-23 19:00:00,0.1009263,0.01090507,0,0,0,0,0.01221101,-8.959595
2023-09-23 20:00:00,0,0,0,0,0,0,0,-9.019008
2023-09-23 21:00:00,0,0,0,0,0,0,0,-9.065624
2023-09-23 22:00:00,0,0,0,0,0,0,0,-9.068915
2023-09-23 23:00:00,0,0,0,0,0,0,0,-9.004952
2023-09-24 00:00:00,0,0,0,0,0,0,0,-8.913693
2023-09-24 01:00:00,0,0,0,0,0,0,0,-8.960763
2023-09-24 02:00:00,0,0,0,0,0,0,0,-8.98907
2023-09-24 03:00:00,0,0,0,0,0,0,0,-8.988853
2023-09-24 04:00:00,0,0,0,0,0,0,0,-8.991357
2023-09-24 05:00:00,0,0,0,0,0,0,0,-8.994729
2023-09-24 06:00:00,0,0,0,0,0,0,0,-8.951521
2023-09-24 07:00:00,32.91919,14.51976,11.64981,20.07987,17.12855,15.58081,13.5733,86.39396
2023-09-24 08:00:00,208.3743,184.6141,153.719,182.5858,156.4659,174.5065,151.927,1012.851
2023-09-24 09:00:00,405.6407,371.733,381.0515,337.1208,326.7429,397.066,394.6421,2209.211
2023-09-24 10:00:00,662.7496,630.6888,610.769,596.0541,535.3835,632.9843,633.9614,3659.755
2023-09-24 11:00:00,774.7977,707.7604,670.4495,667.6011,650.4579,722.491,723.7616,4170.062
2023-09-24 12:00:00,931.5491,756.9255,723.6293,782.2993,769.9146,762.5707,723.2149,4499.554
2023-09-24 13:00:00,935.3443,712.9826,670.889,742.2045,690.2764,744.6109,729.4403,4252.371
2023-09-24 14:00:00,730.4257,626.8893,651.0545,621.7718,636.1063,679.7061,624.5305,3763.801
2023-09-24 15:00:00,554.1229,459.7063,428.2324,456.5454,427.3554,428.986,381.4178,2549.165
2023-09-24 16:00:00,455.6374,385.6663,394.1362,381.9961,352.4677,384.278,398.1325,2284.987
2023-09-24 17:00:00,321.1899,233.4599,237.7256,236.1215,225.3053,258.392,287.8792,1498.685
2023-09-24 18:00:00,50.76008,38.29329,35.17294,38.5788,34.09391,37.43874,37.63049,215.0236
2023-09-24 19:00:00,0.09919879,0.308379,0.01395637,0.1590046,0.1484385,0.3203315,0.1658975,-7.659737
2023-09-24 20:00:00,0,0,0,0,0,0,0,-8.854477
2023-09-24 21:00:00,0,0,0,0,0,0,0,-8.873633
2023-09-24 22:00:00,0,0,0,0,0,0,0,-8.850627
2023-09-24 23:00:00,0,0,0,0,0,0,0,-8.744383
2023-09-25 00:00:00,0,0,0,0,0,0,0,-8.753147
2023-09-25 01:00:00,0,0,0,0,0,0,0,-8.847802
2023-09-25 02:00:00,0,0,0,0,0,0,0,-8.862617
2023-09-25 03:00:00,0,0,0,0,0,0,0,-8.803865
2023-09-25 04:00:00,0,0,0,0,0,0,0,-8.740447
2023-09-25 05:00:00,0,0,0,0,0,0,0,-8.665428
2023-09-25 06:00:00,0,0,0,0,0,0,0,-8.767971
2023-09-25 07:00:00,27.42052,19.4224,17.31871,20.99994,18.3397,18.8572,18.19691,107.2707
2023-09-25 08:00:00,102.3911,92.99373,89.19746,90.85699,82.70768,91.80553,93.4278,540.9949
2023-09-25 09:00:00,497.4299,476.6549,458.4768,442.5919,401.6742,463.6183,452.1816,2716.707
2023-09-25 10:00:00,634.3912,590.6268,582.5557,558.658,511.0419,597.9546,603.3881,3464.285
2023-09-25 11:00:00,762.551,670.9232,683.5572,648.3318,577.6685,665.3948,680.4333,3873.215
2023-09-25 12:00:00,952.8619,813.4571,798.9568,792.2769,738.0626,827.2634,829.8436,4778.99
2023-09-25 13:00:00,970.4399,816.0976,803.3071,795.218,758.836,810.4197,798.1315,4775.239
2023-09-25 14:00:00,660.3712,581.3541,583.0343,558.8665,539.1812,596.0486,571.9035,3409.31
2023-09-25 15:00:00,338.3149,273.8628,255.1669,267.8525,249.4934,296.367,270.2824,1642.882
2023-09-25 16:00:00,234.6721,206.3168,212.3161,210.2091,203.888,226.0898,234.1358,1290.459
2023-09-25 17:00:00,213.8725,171.6465,165.9596,168.3987,152.4359,166.7028,167.2988,461.8341
2023-09-25 18:00:00,37.1451,,,,,,,0
2023-09-25 19:00:00,4.522207,,,,,,,-0.08631949
2023-09-25 20:00:00,,,,,,,,
2023-09-25 21:00:00,,,,,,,,
2023-09-25 22:00:00,,,,,,,,
2023-09-25 23:00:00,,,,,,,,
2023-09-26 00:00:00,,,,,,,,
2023-09-26 01:00:00,,,,,,,,
2023-09-26 02:00:00,,,,,,,,
2023-09-26 03:00:00,,,,,,,,
2023-09-26 04:00:00,,,,,,,,
2023-09-26 05:00:00,,,,,,,,
2023-09-26 06:00:00,,,,,,,,
2023-09-26 07:00:00,,,,,,,,
2023-09-26 08:00:00,,,,,,,,
2023-09-26 09:00:00,,,,,,,,
2023-09-26 10:00:00,,,,,,,,
2023-09-26 11:00:00,,,,,,,,
2023-09-26 12:00:00,,,,,,,,
2023-09-26 13:00:00,,,,,,,,
2023-09-26 14:00:00,,,,,,,,
2023-09-26 15:00:00,258.6592,159.7126,155.5102,156.1865,144.2462,161.9282,161.627,948.1454
2023-09-26 16:00:00,174.1234,157.0923,154.6256,153.462,142.6488,161.7055,162.5556,939.132
2023-09-26 17:00:00,81.42844,69.98482,70.70067,71.14034,65.31305,73.72198,73.38209,424.4561
2023-09-26 18:00:00,20.28726,17.68606,16.80549,17.22659,15.58345,17.98105,17.6008,96.53923
2023-09-26 19:00:00,0.05017379,0,0,0,0,0,0,-8.950244
2023-09-26 20:00:00,0,0,0,0,0,0,0,-8.966713
2023-09-26 21:00:00,0,0,0,0,0,0,0,-9.071013
2023-09-26 22:00:00,0,0,0,0,0,0,0,-9.0609
2023-09-26 23:00:00,0,0,0,0,0,0,0,-8.9336
2023-09-27 00:00:00,0,0,0,0,0,0,0,-8.890712
2023-09-27 01:00:00,0,0,0,0,0,0,0,-8.889382
2023-09-27 02:00:00,0,0,0,0,0,0,0,-8.89994
2023-09-27 03:00:00,0,0,0,0,0,0,0,-8.896943
2023-09-27 04:00:00,0,0,0,0,0,0,0,-8.861461
2023-09-27 05:00:00,0,0,0,0,0,0,0,-8.735641
2023-09-27 06:00:00,0,0,0,0,0,0,0,-8.764614
2023-09-27 07:00:00,4.945611,0.0667091,0.0580562,0.1036697,0.0861575,0.08210053,0.0839589,-8.454412
2023-09-27 08:00:00,38.70036,34.24063,33.14032,33.57732,30.60992,32.04978,34.43838,193.6557
2023-09-27 09:00:00,129.6951,119.4984,116.4586,115.0913,104.6167,116.5938,118.0797,694.5714
2023-09-27 10:00:00,211.9021,188.4595,181.0722,184.9232,169.6518,189.4819,187.9758,1115.439
2023-09-27 11:00:00,199.009,179.1743,173.4412,177.6469,164.4763,185.6631,185.2501,1073.821
2023-09-27 12:00:00,194.7482,179.9901,175.7028,174.9965,161.6827,181.9135,181.4411,1063.92
2023-09-27 13:00:00,252.1926,228.7008,222.5103,223.4507,206.2372,232.197,231.8143,1363.13
2023-09-27 14:00:00,185.8038,169.4323,164.649,167.5488,155.4272,175.207,174.9458,1013.462
2023-09-27 15:00:00,133.4106,125.2314,122.7345,122.8707,112.686,127.3594,127.5416,741.6285
2023-09-27 16:00:00,80.28658,76.49812,74.6973,74.77496,68.63451,77.69955,77.63389,450.1966
2023-09-27 17:00:00,40.4641,38.11213,37.18515,37.15604,33.95293,38.76207,38.5727,220.327
2023-09-27 18:00:00,8.435695,7.128432,5.876595,6.927031,6.276647,7.318299,7.177932,33.23645
2023-09-27 19:00:00,0,0,0,0,0,0,0,-8.849877
2023-09-27 20:00:00,0,0,0,0,0,0,0,-8.870473
2023-09-27 21:00:00,0,0,0,0,0,0,0,-8.940829
2023-09-27 22:00:00,0,0,0,0,0,0,0,-8.995087
2023-09-27 23:00:00,0,0,0,0,0,0,0,-8.72161
2023-09-28 00:00:00,0,0,0,0,0,0,0,-8.763962
2023-09-28 01:00:00,0,0,0,0,0,0,0,-8.850221
2023-09-28 02:00:00,0,0,0,0,0,0,0,-8.873206
2023-09-28 03:00:00,0,0,0,0,0,0,0,-8.875443
2023-09-28 04:00:00,0,0,0,0,0,0,0,-8.847616
2023-09-28 05:00:00,0,0,0,0,0,0,0,-8.762857
2023-09-28 06:00:00,0,0,0,0,0,0,0,-8.759188
2023-09-28 07:00:00,22.7035,14.20626,12.71764,15.3261,13.27211,13.71295,13.56752,77.45673
2023-09-28 08:00:00,189.4131,165.5522,148.4228,159.9661,143.1937,160.7905,149.3811,929.1113
2023-09-28 09:00:00,414.8529,398.4166,378.3669,373.5062,346.2466,424.3551,405.8773,2335.102
2023-09-28 10:00:00,623.3425,616.341,592.8947,586.6263,484.7021,559.6391,537.759,3388.25
2023-09-28 11:00:00,757.5502,632.8029,666.9913,679.2196,631.5489,643.3382,639.0947,3854.811
2023-09-28 12:00:00,952.2162,771.8205,830.7366,823.05,764.3151,832.909,832.972,4832.393
2023-09-28 13:00:00,981.1791,776.4086,832.678,829.0527,774.0179,832.9212,832.9979,4854.321
2023-09-28 14:00:00,826.9555,636.3136,707.966,689.0947,692.4864,770.5226,785.1976,4265.176
2023-09-28 15:00:00,479.5289,378.1419,405.213,415.2718,396.0858,438.0699,455.7267,2490.79
2023-09-28 16:00:00,334.1901,251.1099,283.2071,297.5733,309.1857,330.3864,335.4349,1817.376
2023-09-28 17:00:00,389.5004,259.8896,287.6161,284.3332,274.9831,294.4073,309.5924,1730.418
2023-09-28 18:00:00,101.1602,58.18094,54.05877,63.80555,52.73177,58.72779,62.505,347.2169
2023-09-28 19:00:00,0,0.1721132,0.0440367,0.1823499,0.1549564,0.2846527,0.03699083,-7.95541
2023-09-28 20:00:00,0,0,0,0,0,0,0,-8.957007
2023-09-28 21:00:00,0,0,0,0,0,0,0,-8.941114
2023-09-28 22:00:00,0,0,0,0,0,0,0,-8.824304
2023-09-28 23:00:00,0,0,0,0,0,0,0,-8.901728
2023-09-29 00:00:00,0,0,0,0,0,0,0,-8.677101
2023-09-29 01:00:00,0,0,0,0,0,0,0,-8.742182
2023-09-29 02:00:00,0,0,0,0,0,0,0,-8.779456
2023-09-29 03:00:00,0,0,0,0,0,0,0,-8.777322
2023-09-29 04:00:00,0,0,0,0,0,0,0,-8.757935
2023-09-29 05:00:00,0,0,0,0,0,0,0,-8.679333
2023-09-29 06:00:00,0,0,0,0,0,0,0,-8.739012
2023-09-29 07:00:00,5.414694,0,0,0,0,0,0.05843835,-8.753969
2023-09-29 08:00:00,40.39618,34.63555,34.80767,35.06753,32.30172,34.39552,37.42158,204.4113
2023-09-29 09:00:00,108.3717,96.40554,93.0705,95.95569,88.85178,100.0718,100.2041,577.009
2023-09-29 10:00:00,136.3786,124.3689,121.3039,122.0206,112.407,126.5456,126.8218,737.9846
2023-09-29 11:00:00,178.2343,160.508,155.9366,159.1452,148.0239,165.984,165.5217,962.7132
2023-09-29 12:00:00,221.1083,197.8826,193.5463,196.6031,183.4639,206.4368,207.1978,1195.293
2023-09-29 13:00:00,300.836,265.0823,258.0768,258.6603,233.8777,263.2888,264.4362,1557.741
2023-09-29 14:00:00,627.548,508.2481,508.3484,493.6556,407.4095,452.351,463.3108,2858.316
2023-09-29 15:00:00,470.4905,421.9287,460.7358,396.6479,383.5374,461.2554,483.8891,2591.857
2023-09-29 16:00:00,528.1881,444.5966,484.575,408.977,346.4545,406.8432,443.222,2530.784
2023-09-29 17:00:00,285.7114,223.8153,251.6402,239.853,231.8424,252.5868,273.9397,1475.634
2023-09-29 18:00:00,95.24562,57.35935,47.07952,57.14422,46.52464,51.57096,55.30997,311.7274
2023-09-29 19:00:00,0,0.2183025,0,0.2026389,0.06279817,0.2094137,0.07583143,-7.917665
2023-09-29 20:00:00,0,0,0,0,0,0,0,-8.764941
2023-09-29 21:00:00,0,0,0,0,0,0,0,-8.842436
2023-09-29 22:00:00,0,0,0,0,0,0,0,-8.903395
2023-09-29 23:00:00,0,0,0,0,0,0,0,-8.783922
2023-09-30 00:00:00,0,0,0,0,0,0,0,-8.823784
2023-09-30 01:00:00,0,0,0,0,0,0,0,-8.772361
2023-09-30 02:00:00,0,0,0,0,0,0,0,-8.723222
2023-09-30 03:00:00,0,0,0,0,0,0,0,-8.726716
2023-09-30 04:00:00,0,0,0,0,0,0,0,-8.728916
2023-09-30 05:00:00,0,0,0,0,0,0,0,-8.629011
2023-09-30 06:00:00,0,0,0,0,0,0,0,-8.664749
2023-09-30 07:00:00,27.45421,16.91847,14.80071,17.87032,15.85432,14.64962,14.54183,88.49649
2023-09-30 08:00:00,113.786,97.92097,92.2045,97.25305,87.9852,95.96059,96.08398,568.7414
2023-09-30 09:00:00,138.9106,121.2958,119.0706,119.1279,111.1174,125.205,125.962,727.903
2023-09-30 10:00:00,155.4548,138.252,133.4962,138.013,131.6326,146.3347,145.4685,841.1701
2023-09-30 11:00:00,215.1286,193.0031,192.5716,188.7416,173.9757,196.6825,199.0065,1155.663
2023-09-30 12:00:00,283.5701,253.0961,254.9008,246.9889,227.2636,255.199,256.888,1507.786
2023-09-30 13:00:00,408.8839,358.6233,344.8391,349.0753,324.39,364.4039,369.3921,2128.523
2023-09-30 14:00:00,564.5085,484.3984,484.7815,476.981,442.9218,467.4167,468.6237,2835.681
2023-09-30 15:00:00,423.2,344.5375,345.9458,358.7318,364.9519,391.0404,397.2828,2191.395
2023-09-30 16:00:00,293.9984,256.9913,261.5251,273.1863,251.9528,262.0878,267.0477,1573.082
2023-09-30 17:00:00,363.4651,269.4998,277.9142,272.2904,260.9054,279.958,292.5525,1660.591
2023-09-30 18:00:00,99.94017,63.30682,54.87706,65.59681,56.84054,63.51471,67.29167,368.6339
2023-09-30 19:00:00,0,0.1281157,0,0.03817832,0.03376555,0.1247913,0.04235477,-8.624749
2023-09-30 20:00:00,0,0,0,0,0,0,0,-8.956763
2023-09-30 21:00:00,0,0,0,0,0,0,0,-8.813383
2023-09-30 22:00:00,0,0,0,0,0,0,0,-8.850224
2023-09-30 23:00:00,0,0,0,0,0,0,0,-8.970985
