Nitro,Unnamed: 1,Unnamed: 2,Unnamed: 3,Unnamed: 4,Unnamed: 5,Unnamed: 6,Unnamed: 7
,,,,,,,
Timestamp,POA,"AE 1000NX A, AC Power","AE 1000NX B, AC Power","AE 1000NX C, AC Power","AE 1000NX D, AC Power","AE 1000NX E, AC Power",Production meter active power
,W/mÂ²,kW,kW,kW,kW,kW,kW
2023-09-01 00:00:00,0,0,0,,0,0,-13.44225
2023-09-01 01:00:00,0,0,0,,0,0,-13.40062
2023-09-01 02:00:00,0,0,0,,0,0,-13.47304
2023-09-01 03:00:00,0,0,0,,0,0,-13.34813
2023-09-01 04:00:00,0,0,0,,0,0,-13.36846
2023-09-01 05:00:00,0,0,0,,0,0,-13.25959
2023-09-01 06:00:00,0.3011111,1.174513,1.285392,,1.18339,1.141364,-15.0023
2023-09-01 07:00:00,56.43929,56.72998,53.78924,,53.92344,53.75413,197.6425
2023-09-01 08:00:00,252.4162,283.6596,271.3182,,277.2985,267.9495,1089.387
2023-09-01 09:00:00,484.4452,558.3245,553.2898,,543.7236,523.3332,2170.778
2023-09-01 10:00:00,686.7504,779.4774,771.2374,,755.7672,729.5514,3025.664
2023-09-01 11:00:00,859.8121,925.8239,914.6786,,899.8535,868.5197,3597.238
2023-09-01 12:00:00,956.4717,994.485,985.7868,,972.0656,939.3141,3876.906
2023-09-01 13:00:00,974.7743,998.8962,994.9904,,982.9439,949.735,3909.535
2023-09-01 14:00:00,907.4453,953.0256,938.3322,,927.3237,895.3079,3697.027
2023-09-01 15:00:00,770.3932,836.0637,820.7884,,810.8776,781.2726,3234.116
2023-09-01 16:00:00,579.8096,651.3738,640.6929,,633.5223,604.4814,2515.291
2023-09-01 17:00:00,352.0689,394.3906,398.7202,,395.1771,354.5211,1526.327
2023-09-01 18:00:00,142.174,127.5337,138.6753,,138.5824,120.1855,504.2
2023-09-01 19:00:00,15.28717,8.573027,9.946705,,10.04025,8.567789,13.72928
2023-09-01 20:00:00,0.01055556,0,0,,0,0,-14.81925
2023-09-01 21:00:00,0,0,0,,0,0,-13.40714
2023-09-01 22:00:00,0,0,0,,0,0,-13.41825
2023-09-01 23:00:00,0,0,0,,0,0,-13.41082
2023-09-02 00:00:00,0,0,0,,0,0,-13.46776
2023-09-02 01:00:00,0,0,0,,0,0,-13.51429
2023-09-02 02:00:00,0,0,0,,0,0,-13.43731
2023-09-02 03:00:00,0,0,0,,0,0,-13.53353
2023-09-02 04:00:00,0,0,0,,0,0,-13.55632
2023-09-02 05:00:00,0,0,0,,0,0,-13.31751
2023-09-02 06:00:00,0.3795,1.713504,1.749338,,1.75906,1.69781,-12.83185
2023-09-02 07:00:00,37.33559,47.68472,47.07286,,46.21195,44.64278,164.3765
2023-09-02 08:00:00,153.3292,187.8712,182.9649,,180.5111,169.946,706.608
2023-09-02 09:00:00,321.5363,368.6495,375.493,,370.6955,368.6809,1454.694
2023-09-02 10:00:00,673.0975,711.6067,707.9063,,682.2532,669.0321,2758.99
2023-09-02 11:00:00,876.467,912.8182,899.6782,,881.425,854.5729,3534.232
2023-09-02 12:00:00,952.8268,990.5735,977.4504,,963.9794,931.5234,3847.097
2023-09-02 13:00:00,969.8763,993.9274,978.6477,,964.8983,931.7521,3851.733
2023-09-02 14:00:00,905.8799,937.7654,921.6093,,905.9391,874.5963,3623.679
2023-09-02 15:00:00,770.52,817.1382,803.1758,,790.5009,761.2745,3156.217
2023-09-02 16:00:00,583.4317,637.6794,625.9833,,615.9405,587.0541,2451.664
2023-09-02 17:00:00,355.1343,386.0392,390.948,,385.9558,345.3967,1492.021
2023-09-02 18:00:00,143.1941,124.1338,135.1589,,135.0782,117.44,490.8519
2023-09-02 19:00:00,17.84296,8.514589,9.762343,,9.715062,8.527981,13.36182
2023-09-02 20:00:00,0,0,0,,0,0,-14.90112
2023-09-02 21:00:00,0.02225,0,0,,0,0,-13.32457
2023-09-02 22:00:00,0,0,0,,0,0,-13.31307
2023-09-02 23:00:00,0,0,0,,0,0,-13.47886
2023-09-03 00:00:00,0,0,0,,0,0,-13.40391
2023-09-03 01:00:00,0,0,0,,0,0,-13.52573
2023-09-03 02:00:00,0,0,0,,0,0,-13.49415
2023-09-03 03:00:00,0,0,0,,0,0,-13.42052
2023-09-03 04:00:00,0,0,0,,0,0,-13.42923
2023-09-03 05:00:00,0,0,0,,0,0,-13.43612
2023-09-03 06:00:00,0.372,0.8840733,0.8285667,,0.8605555,0.8397223,-16.01989
2023-09-03 07:00:00,60.62637,55.2976,51.896,,52.13817,52.0177,190.5127
2023-09-03 08:00:00,243.1012,267.0677,255.209,,260.135,250.9695,1021.033
2023-09-03 09:00:00,465.8787,520.0865,514.2166,,502.9994,483.3416,2011.449
2023-09-03 10:00:00,669.8517,716.6373,708.9176,,691.973,665.9573,2772.842
2023-09-03 11:00:00,829.3131,846.4752,836.0831,,817.3283,786.9984,3274.228
2023-09-03 12:00:00,919.814,917.0881,905.5321,,885.66,852.8951,3546.016
2023-09-03 13:00:00,939.2562,929.9294,916.0621,,896.2188,864.0875,3590.353
2023-09-03 14:00:00,873.2817,881.9578,867.0967,,848.5101,817.4245,3398.66
2023-09-03 15:00:00,740.3002,769.9944,755.2151,,740.1221,711.262,2961.272
2023-09-03 16:00:00,556.527,597.5451,587.0071,,576.3731,548.1323,2293.976
2023-09-03 17:00:00,335.5443,357.1892,361.5825,,356.3381,318.9329,1376.98
2023-09-03 18:00:00,129.8718,113.6233,122.4878,,121.9553,106.7332,442.6812
2023-09-03 19:00:00,15.79413,8.375977,9.46136,,9.513533,8.455621,12.50206
2023-09-03 20:00:00,0,0,0,,0,0,-14.4244
2023-09-03 21:00:00,0,0,0,,0,0,-13.35645
2023-09-03 22:00:00,0.01111111,0,0,,0,0,-13.4603
2023-09-03 23:00:00,0,0,0,,0,0,-13.33978
2023-09-04 00:00:00,0,0,0,,0,0,-13.4369
2023-09-04 01:00:00,0,0,0,,0,0,-13.46463
2023-09-04 02:00:00,0,0,0,,0,0,-13.3886
2023-09-04 03:00:00,0,0,0,,0,0,-13.38258
2023-09-04 04:00:00,0,0,0,,0,0,-13.35684
2023-09-04 05:00:00,0,0,0,,0,0,-13.38127
2023-09-04 06:00:00,0.272486,0.4648668,0.4648668,,0.440689,0.4625668,-17.43125
2023-09-04 07:00:00,48.86203,53.29972,50.5944,,50.55038,50.10893,183.6051
2023-09-04 08:00:00,229.9328,247.8416,236.8504,,240.5161,232.5823,944.386
2023-09-04 09:00:00,449.8737,496.7776,490.299,,480.7317,461.6425,1919.421
2023-09-04 10:00:00,657.5896,695.2395,687.2139,,670.5942,644.6536,2686.906
2023-09-04 11:00:00,813.1317,825.3622,814.5666,,795.9819,763.7695,3186.882
2023-09-04 12:00:00,903.8781,891.9043,880.0679,,860.5912,829.7316,3447.868
2023-09-04 13:00:00,918.4892,899.2312,887.0992,,867.7123,834.7512,3472.744
2023-09-04 14:00:00,858.4225,853.8005,839.8585,,822.2138,789.8975,3289.811
2023-09-04 15:00:00,733.0417,720.3365,752.7157,,742.9172,710.2778,2911.367
2023-09-04 16:00:00,541.467,578.9512,567.4844,,558.6539,530.5892,2220.464
2023-09-04 17:00:00,314.7457,334.4557,337.9162,,333.1124,298.9294,1286.322
2023-09-04 18:00:00,122.9323,106.5058,113.7775,,113.2974,99.92424,411.9826
2023-09-04 19:00:00,15.26896,8.109695,8.723689,,8.805668,8.009894,10.70578
2023-09-04 20:00:00,0,0,0,,0,0,-14.12243
2023-09-04 21:00:00,0,0,0,,0,0,-13.41792
2023-09-04 22:00:00,0,0,0,,0,0,-13.3597
2023-09-04 23:00:00,0,0,0,,0,0,-13.38568
2023-09-05 00:00:00,0,0,0,,0,0,-13.44678
2023-09-05 01:00:00,0,0,0,,0,0,-13.47662
2023-09-05 02:00:00,0,0,0,,0,0,-13.51226
2023-09-05 03:00:00,0,0,0,,0,0,-13.34942
2023-09-05 04:00:00,0,0,0,,0,0,-13.30821
2023-09-05 05:00:00,0,0,0,,0,0,-13.25084
2023-09-05 06:00:00,0.2558332,0.1833005,0.1833005,,0.1580322,0.1580322,-18.47489
2023-09-05 07:00:00,51.31023,52.02683,49.29242,,49.10941,49.04995,178.5009
2023-09-05 08:00:00,228.0096,245.3365,234.1136,,237.8382,229.5639,932.9678
2023-09-05 09:00:00,449.4276,493.4817,486.2685,,476.5107,457.4123,1902.509
2023-09-05 10:00:00,652.523,686.5233,679.2838,,663.2196,637.827,2655.588
2023-09-05 11:00:00,809.2901,819.3031,807.7037,,789.5834,760.4057,3164.208
2023-09-05 12:00:00,900.9916,885.5345,871.5869,,852.0454,820.9633,3415.068
2023-09-05 13:00:00,918.9741,896.8737,883.4209,,863.0084,828.3531,3455.683
2023-09-05 14:00:00,816.5693,783.584,769.3141,,749.3007,749.5863,3024.081
2023-09-05 15:00:00,654.6058,719.0364,676.6816,,652.5522,653.8804,2688.372
2023-09-05 16:00:00,524.425,576.5715,574.5175,,564.0735,525.9985,2194.799
2023-09-05 17:00:00,310.179,329.0729,328.0085,,325.3275,295.3726,1252.245
2023-09-05 18:00:00,91.53619,81.54082,85.17207,,85.70167,81.15362,307.9769
2023-09-05 19:00:00,14.98618,9.744304,10.26569,,10.04219,9.283439,16.25747
2023-09-05 20:00:00,0,0,0,,0,0,-13.86741
2023-09-05 21:00:00,0,0,0,,0,0,-13.42875
2023-09-05 22:00:00,0,0,0,,0,0,-13.49049
2023-09-05 23:00:00,0,0,0,,0,0,-13.35878
2023-09-06 00:00:00,0,0,0,,0,0,-13.3438
2023-09-06 01:00:00,0,0,0,,0,0,-13.42345
2023-09-06 02:00:00,0,0,0,,0,0,-13.4666
2023-09-06 03:00:00,0,0,0,,0,0,-13.45411
2023-09-06 04:00:00,0,0,0,,0,0,-13.39988
2023-09-06 05:00:00,0,0,0,,0,0,-13.33488
2023-09-06 06:00:00,0.1635278,0,0,,0,0.08599248,-18.54673
2023-09-06 07:00:00,46.00243,48.27319,45.87736,,45.42646,45.34312,163.4924
2023-09-06 08:00:00,234.3604,249.7965,237.8229,,240.6114,231.8741,945.5189
2023-09-06 09:00:00,457.0458,495.6927,487.7579,0,476.3918,458.2384,1907.614
2023-09-06 10:00:00,652.3859,686.089,668.6055,,653.2855,633.1328,2627.01
2023-09-06 11:00:00,793.356,797.5798,783.5983,,743.9647,749.9288,2944.342
2023-09-06 12:00:00,912.6177,892.5515,876.0741,53.14653,,824.431,2574.956
2023-09-06 13:00:00,919.8009,894.728,881.0623,,668.4066,828.1199,3257.311
2023-09-06 14:00:00,852.7802,840.4495,825.1381,,807.491,776.9835,3233.832
2023-09-06 15:00:00,722.2524,740.7723,725.4872,,708.0704,679.2637,2837.567
2023-09-06 16:00:00,529.6261,564.9169,553.5275,,541.9005,514.8392,2159.526
2023-09-06 17:00:00,313.7001,332.2882,335.1769,,329.0106,294.2601,1273.015
2023-09-06 18:00:00,118.4281,101.1179,108.7921,,108.1353,95.08709,391.6238
2023-09-06 19:00:00,12.41544,6.857328,7.400584,,7.249445,6.603055,5.106733
2023-09-06 20:00:00,0,0,0,,0,0,-13.51333
2023-09-06 21:00:00,0.005541667,0,0,,0,0,-13.38678
2023-09-06 22:00:00,0,0,0,,0,0,-13.46338
2023-09-06 23:00:00,0,0,0,,0,0,-13.43379
2023-09-07 00:00:00,0,0,0,,0,0,-13.45034
2023-09-07 01:00:00,0,0,0,,0,0,-13.4473
2023-09-07 02:00:00,0,0,0,,0,0,-13.42562
2023-09-07 03:00:00,0,0,0,,0,0,-13.45764
2023-09-07 04:00:00,0,0,0,,0,0,-13.43173
2023-09-07 05:00:00,0,0,0,,0,0,-13.28119
2023-09-07 06:00:00,0.394514,-0.1623217,0.1346987,,0.1155097,-0.03423887,-18.21384
2023-09-07 07:00:00,49.45318,51.10082,44.80493,,48.6524,47.66729,170.835
2023-09-07 08:00:00,199.4952,212.9482,201.0857,,204.6201,198.9801,803.4046
2023-09-07 09:00:00,445.0721,483.2615,475.0391,,459.4079,443.7932,1850.631
2023-09-07 10:00:00,659.4319,681.5133,673.02,,654.4474,630.418,2627.763
2023-09-07 11:00:00,768.8309,776.6131,765.0407,,743.1809,715.1458,2987.233
2023-09-07 12:00:00,889.0925,860.4039,851.5159,,802.8817,781.7623,3260.46
2023-09-07 13:00:00,870.0394,832.0797,840.3399,,773.038,772.3541,3187.695
2023-09-07 14:00:00,873.8988,829.2322,818.0229,,769.2623,759.0891,3150.032
2023-09-07 15:00:00,709.4037,746.3116,731.1793,,713.7604,682.9975,2859.176
2023-09-07 16:00:00,524.8774,572.0369,560.5074,,548.5212,520.637,2185.977
2023-09-07 17:00:00,311.7459,332.6578,335.6512,,329.5409,294.6745,1276.032
2023-09-07 18:00:00,109.6122,98.80768,105.4281,,104.492,88.60912,376.0779
2023-09-07 19:00:00,10.93313,6.086329,6.427431,,6.613001,5.842446,2.583041
2023-09-07 20:00:00,0.00513889,0,0,,0,0,-12.97901
2023-09-07 21:00:00,0,0,0,,0,0,-13.30136
2023-09-07 22:00:00,0,0,0,,0,0,-13.39455
2023-09-07 23:00:00,0.11125,0,0,,0,0,-13.34983
2023-09-08 00:00:00,0,0,0,,0,0,-13.32748
2023-09-08 01:00:00,0,0,0,,0,0,-13.43145
2023-09-08 02:00:00,0,0,0,,0,0,-13.2561
2023-09-08 03:00:00,0,0,0,,0,0,-13.35604
2023-09-08 04:00:00,0,0,0,,0,0,-13.40245
2023-09-08 05:00:00,0,0,0,,0,0,-13.31732
2023-09-08 06:00:00,0.0312111,0,0,,0,0,-18.61337
2023-09-08 07:00:00,22.87088,29.64022,30.74764,,29.61792,28.00702,95.84608
2023-09-08 08:00:00,121.5898,147.7302,142.3878,,135.8215,145.7005,555.0858
2023-09-08 09:00:00,403.2316,479.0259,449.1477,438.9331,432.7549,464.5513,2032.152
2023-09-08 10:00:00,653.8759,694.7274,684.1798,687.566,663.7371,639.6562,3353.012
2023-09-08 11:00:00,808.0203,822.8278,809.1233,816.5889,787.8917,759.8796,3975.023
2023-09-08 12:00:00,899.2703,896.3607,878.9102,890.3578,855.2963,826.6657,4321.975
2023-09-08 13:00:00,851.9864,845.7247,807.1979,863.689,781.5225,786.5972,4051.435
2023-09-08 14:00:00,556.9179,578.3568,603.3492,579.28,590.8372,529.8278,2851.02
2023-09-08 15:00:00,190.753,198.0039,203.0359,199.1527,201.2124,192.5277,979.6749
2023-09-08 16:00:00,66.08411,67.35733,66.14122,67.58914,64.53959,61.78068,301.7302
2023-09-08 17:00:00,66.43341,75.28143,74.53738,76.15292,73.06666,70.64395,346.5393
2023-09-08 18:00:00,90.8336,92.45486,93.57829,95.42733,94.03185,88.43329,441.9951
2023-09-08 19:00:00,15.0764,9.720327,10.38759,9.899673,10.37098,9.341972,23.96661
2023-09-08 20:00:00,0,0,0,0,0,0,-13.73454
2023-09-08 21:00:00,0,0,0,0,0,0,-13.56558
2023-09-08 22:00:00,0,0,0,0,0,0,-13.5374
2023-09-08 23:00:00,0,0,0,0,0,0,-13.6062
2023-09-09 00:00:00,0,0,0,0,0,0,-13.55276
2023-09-09 01:00:00,0,0,0,0,0,0,-13.5769
2023-09-09 02:00:00,0,0,0,0,0,0,-13.59815
2023-09-09 03:00:00,0,0,0,0,0,0,-13.65505
2023-09-09 04:00:00,0,0,0,0,0,0,-13.65969
2023-09-09 05:00:00,0,0,0,0,0,0,-13.62029
2023-09-09 06:00:00,0,0,0,0,0,0,-19.693
2023-09-09 07:00:00,23.63972,28.90742,28.98977,29.32969,28.12247,27.06233,117.5601
2023-09-09 08:00:00,95.10857,111.2181,110.2848,112.2634,107.7326,103.7445,523.8547
2023-09-09 09:00:00,415.1424,442.648,448.096,440.5646,427.7253,409.245,2141.685
2023-09-09 10:00:00,514.4727,560.4283,546.5377,557.8685,535.4413,517.8668,2687.062
2023-09-09 11:00:00,498.7264,500.9407,473.6449,545.4433,501.9471,539.5727,2581.144
2023-09-09 12:00:00,87.52619,90.7516,87.2754,95.72808,91.26591,88.22471,430.4463
2023-09-09 13:00:00,161.8028,193.7542,193.0424,195.7984,188.5178,181.3517,933.2757
2023-09-09 14:00:00,260.0577,301.063,297.6891,303.7899,291.8885,281.4485,1458.969
2023-09-09 15:00:00,322.1911,356.0808,350.1569,355.7037,341.4731,329.0682,1713.016
2023-09-09 16:00:00,432.4512,491.1385,492.5415,497.9605,487.4849,468.0846,2436.379
2023-09-09 17:00:00,126.8391,133.9774,125.4763,133.9575,125.7956,124.4809,629.3626
2023-09-09 18:00:00,7.586163,6.306726,6.329671,6.06867,6.485337,5.763532,4.75908
2023-09-09 19:00:00,1.624486,0.2829458,0.38,0.3385015,0.3910015,0.2282236,-21.9903
2023-09-09 20:00:00,0,0,0,0,0,0,-13.60818
2023-09-09 21:00:00,0,0,0,0,0,0,-13.56109
2023-09-09 22:00:00,0,0,0,0,0,0,-13.64066
2023-09-09 23:00:00,0,0,0,0,0,0,-13.60975
2023-09-10 00:00:00,0,0,0,0,0,0,-13.58699
2023-09-10 01:00:00,0,0,0,0,0,0,-13.67657
2023-09-10 02:00:00,0,0,0,0,0,0,-13.6834
2023-09-10 03:00:00,0,0,0,0,0,0,-13.63675
2023-09-10 04:00:00,0,0,0,0,0,0,-13.70605
2023-09-10 05:00:00,0,0,0,0,0,0,-13.6895
2023-09-10 06:00:00,0,0,0,0,0,0,-19.18588
2023-09-10 07:00:00,14.62763,18.98504,18.01673,19.14744,17.85197,17.42009,65.77169
2023-09-10 08:00:00,59.17937,70.9083,70.10945,69.11301,66.81048,62.19531,315.0109
2023-09-10 09:00:00,183.7815,208.5778,211.5161,211.6441,206.1646,196.573,1018.998
2023-09-10 10:00:00,287.3314,308.1381,307.2295,306.9896,290.8602,282.9754,1476.917
2023-09-10 11:00:00,727.2279,743.7433,762.1893,734.6684,709.2488,653.9586,3569.74
2023-09-10 12:00:00,727.0609,663.9182,706.448,693.6449,689.0922,662.9189,3394.079
2023-09-10 13:00:00,744.8274,715.9531,719.7931,683.229,684.7595,644.5118,3383.801
2023-09-10 14:00:00,764.5106,704.2189,717.9191,726.2838,662.4958,603.2748,3386.734
2023-09-10 15:00:00,486.8285,547.3063,474.7643,526.6803,491.496,477.7032,2489.291
2023-09-10 16:00:00,366.3227,388.157,387.0576,385.5447,381.0987,369.1814,1892.912
2023-09-10 17:00:00,363.1808,383.1193,385.0453,370.9091,375.8184,337.2759,1829.76
2023-09-10 18:00:00,79.89419,77.34902,79.90032,75.67736,77.25143,70.97463,353.337
2023-09-10 19:00:00,14.73236,9.390313,9.495937,9.401457,9.376155,8.863934,20.98258
2023-09-10 20:00:00,0,0,0,0,0,0,-13.55519
2023-09-10 21:00:00,0.1333333,0,0,0,0,0,-13.46016
2023-09-10 22:00:00,0,0,0,0,0,0,-13.58046
2023-09-10 23:00:00,0,0,0,0,0,0,-13.62646
2023-09-11 00:00:00,0,0,0,0,0,0,-13.66696
2023-09-11 01:00:00,0,0,0,0,0,0,-13.62723
2023-09-11 02:00:00,0,0,0,0,0,0,-13.60538
2023-09-11 03:00:00,0,0,0,0,0,0,-13.54043
2023-09-11 04:00:00,0,0,0,0,0,0,-13.49129
2023-09-11 05:00:00,0,0,0,0,0,0,-13.50612
2023-09-11 06:00:00,0,0,0,0,0,0,-19.47396
2023-09-11 07:00:00,41.85329,47.16864,43.61465,49.88288,43.4192,43.71354,203.7681
2023-09-11 08:00:00,226.5682,246.0228,231.3911,241.4138,236.8258,228.2815,1164.889
2023-09-11 09:00:00,461.2388,509.8358,502.5938,496.4035,486.7986,465.3988,2445.488
2023-09-11 10:00:00,665.0385,713.1974,704.0776,705.7024,684.3344,655.171,3442.685
2023-09-11 11:00:00,826.1919,864.4579,847.9922,853.2487,816.0267,791.8423,4153.011
2023-09-11 12:00:00,865.6439,877.1245,827.5627,860.8497,819.7314,800.1533,4147.696
2023-09-11 13:00:00,914.681,920.3943,917.7759,916.6652,895.0797,859.9612,4473.789
2023-09-11 14:00:00,830.908,882.0943,859.6322,863.9852,842.5143,809.101,4234.19
2023-09-11 15:00:00,675.0256,750.2741,720.506,732.2441,700.563,675.8845,3565.933
2023-09-11 16:00:00,532.9131,574.5014,564.0734,547.3577,546.1426,525.2098,2727.219
2023-09-11 17:00:00,314.1107,324.0779,319.381,312.4734,320.3727,295.574,1545.774
2023-09-11 18:00:00,111.9965,91.65216,101.5656,92.03809,100.3988,86.02056,446.0146
2023-09-11 19:00:00,7.529513,4.261215,4.61684,4.313994,4.711697,3.942312,-2.956693
2023-09-11 20:00:00,0.001253472,0,0,0,0,0,-13.65571
2023-09-11 21:00:00,0,0,0,0,0,0,-13.5373
2023-09-11 22:00:00,0,0,0,0,0,0,-13.50203
2023-09-11 23:00:00,0,0,0,0,0,0,-13.58704
2023-09-12 00:00:00,0,0,0,0,0,0,-13.71764
2023-09-12 01:00:00,0,0,0,0,0,0,-13.70808
2023-09-12 02:00:00,0,0,0,0,0,0,-13.61362
2023-09-12 03:00:00,0,0,0,0,0,0,-13.61189
2023-09-12 04:00:00,0,0,0,0,0,0,-13.61127
2023-09-12 05:00:00,0,0,0,0,0,0,-13.42683
2023-09-12 06:00:00,0.0891111,0,0,0,0,0,-19.63499
2023-09-12 07:00:00,47.67333,48.87223,45.34,50.66209,44.95646,45.18932,210.5591
2023-09-12 08:00:00,223.2931,241.8049,226.6354,238.3717,229.4711,221.3412,1141.018
2023-09-12 09:00:00,445.11,486.2824,476.691,477.0099,462.4814,444.4042,2332.545
2023-09-12 10:00:00,649.1881,683.7287,673.9354,672.1717,651.236,627.7298,3291.302
2023-09-12 11:00:00,769.1244,731.0941,727.2092,685.6201,703.1636,677.2173,3508.266
2023-09-12 12:00:00,873.1592,855.0882,837.5532,828.3857,810.3146,743.4848,4080.442
2023-09-12 13:00:00,700.8901,750.1402,709.6649,835.8377,714.6687,782.5342,3792.952
2023-09-12 14:00:00,721.8441,736.0225,710.465,782.2509,721.8539,727.5312,3690.182
2023-09-12 15:00:00,656.7075,637.7199,654.9117,652.0029,635.5616,628.0031,3185.357
2023-09-12 16:00:00,350.0347,382.5989,368.152,375.8225,356.8879,340.2919,1810.66
2023-09-12 17:00:00,171.399,181.7059,182.9226,187.1656,179.6166,172.1586,884.3794
2023-09-12 18:00:00,49.40512,47.21584,46.92445,47.8966,45.99763,44.15694,205.9702
2023-09-12 19:00:00,3.186993,1.635003,1.648615,1.59306,1.371115,1.482226,-14.81869
2023-09-12 20:00:00,0,0,0,0,0,0,-13.59439
2023-09-12 21:00:00,0,0,0,0,0,0,-13.49089
2023-09-12 22:00:00,0,0,0,0,0,0,-13.4951
2023-09-12 23:00:00,0,0,0,0,0,0,-13.49459
2023-09-13 00:00:00,0,0,0,0,0,0,-13.67441
2023-09-13 01:00:00,0,0,0,0,0,0,-13.63206
2023-09-13 02:00:00,0,0,0,0,0,0,-13.65141
2023-09-13 03:00:00,0,0,0,0,0,0,-13.52304
2023-09-13 04:00:00,0,0,0,0,0,0,-13.52959
2023-09-13 05:00:00,0,0,0,0,0,0,-13.40847
2023-09-13 06:00:00,0.005667223,0,0,0,0,0,-18.7016
2023-09-13 07:00:00,24.43394,33.69696,32.24032,33.89722,32.12391,32.27597,139.4009
2023-09-13 08:00:00,187.3223,202.4034,199.9872,193.9586,192.1483,169.0207,937.3249
2023-09-13 09:00:00,249.183,302.4736,263.8594,324.7911,296.8545,304.8223,1487.002
2023-09-13 10:00:00,589.9948,612.5168,579.6965,632.3127,598.5951,555.0292,2957.83
2023-09-13 11:00:00,589.4971,646.6857,603.7894,635.4672,584.8743,586.1122,3003.113
2023-09-13 12:00:00,943.9808,791.2892,856.539,821.7022,849.4624,760.626,4061.005
2023-09-13 13:00:00,698.5082,706.235,636.2,693.1283,641.3427,654.7941,3312.827
2023-09-13 14:00:00,540.2371,566.805,563.3835,559.5557,525.2379,523.763,2709.051
2023-09-13 15:00:00,257.2811,270.8665,266.4427,279.7827,259.652,250.3348,1314.33
2023-09-13 16:00:00,472.6044,516.6377,510.3242,519.7614,507.8579,481.8458,2510.886
2023-09-13 17:00:00,198.504,235.6396,235.6949,226.6281,214.2164,194.9782,1086.679
2023-09-13 18:00:00,77.80762,73.34647,76.75612,75.27708,76.51597,69.26055,346.6171
2023-09-13 19:00:00,3.765959,2.02625,2.043056,1.973472,2.029444,1.877921,-13.66538
2023-09-13 20:00:00,0,0,0,0,0,0,-13.54559
2023-09-13 21:00:00,0,0,0,0,0,0,-13.43165
2023-09-13 22:00:00,0,0,0,0,0,0,-13.51191
2023-09-13 23:00:00,0,0,0,0,0,0,-13.51042
2023-09-14 00:00:00,0,0,0,0,0,0,-13.45695
2023-09-14 01:00:00,0,0,0,0,0,0,-13.50154
2023-09-14 02:00:00,0,0,0,0,0,0,-13.5911
2023-09-14 03:00:00,0,0,0,0,0,0,-13.60291
2023-09-14 04:00:00,0,0,0,0,0,0,-13.61734
2023-09-14 05:00:00,0,0,0,0,0,0,-13.42997
2023-09-14 06:00:00,0.03611112,0,0,0,0,0,-18.74138
2023-09-14 07:00:00,48.99734,51.80487,48.52709,53.91125,48.03702,48.17577,225.4414
2023-09-14 08:00:00,225.0589,246.8846,231.1533,255.5932,238.9937,234.4675,1186.828
2023-09-14 09:00:00,441.7942,500.5352,505.5812,520.1198,497.8683,475.9727,2489.881
2023-09-14 10:00:00,651.3201,727.289,723.1911,747.1661,709.7196,686.9885,3578.216
2023-09-14 11:00:00,813.8981,839.0275,838.9135,868.0771,844.7363,827.4338,4214.547
2023-09-14 12:00:00,912.8454,958.553,950.3325,982.375,939.3326,909.884,4715.839
2023-09-14 13:00:00,868.0551,931.6049,903.9901,924.9927,901.4805,848.6583,4518.401
2023-09-14 14:00:00,740.6568,740.6593,774.5941,731.2618,690.7419,664.1582,3635.268
2023-09-14 15:00:00,737.0389,748.2294,685.8536,765.5672,704.6147,718.4155,3562.566
2023-09-14 16:00:00,539.5181,580.0961,565.6556,609.9219,577.1564,584.0366,2871.31
2023-09-14 17:00:00,303.8344,343.4973,361.2147,349.8167,348.3152,311.2564,1692.946
2023-09-14 18:00:00,84.68996,80.26721,88.22695,80.36076,84.06888,73.83389,385.96
2023-09-14 19:00:00,5.208333,2.861112,3,2.916667,2.90917,2.589172,-9.258175
2023-09-14 20:00:00,0.02775,0,0,0,0,0,-13.53052
2023-09-14 21:00:00,0.01666667,0,0,0,0,0,-13.50818
2023-09-14 22:00:00,0.06674999,0,0,0,0,0,-13.48873
2023-09-14 23:00:00,0,0,0,0,0,0,-13.57775
2023-09-15 00:00:00,0,0,0,0,0,0,-13.51916
2023-09-15 01:00:00,0,0,0,0,0,0,-13.6032
2023-09-15 02:00:00,0,0,0,0,0,0,-13.58322
2023-09-15 03:00:00,0,0,0,0,0,0,-13.67584
2023-09-15 04:00:00,0,0,0,0,0,0,-13.64084
2023-09-15 05:00:00,0,0,0,0,0,0,-13.49471
2023-09-15 06:00:00,0.03333332,0.05555555,0.06944445,0,0.027225,0,-18.76472
2023-09-15 07:00:00,53.02019,49.91541,47.45749,51.81653,45.21902,45.89903,216.6994
2023-09-15 08:00:00,251.4984,282.9431,266.5683,293.9495,275.5418,267.8397,1372.778
2023-09-15 09:00:00,482.3611,570.4893,562.8373,587.0736,556.4772,537.8525,2800.562
2023-09-15 10:00:00,690.6166,794.8519,787.1083,816.3094,774.6375,750.4843,3905.108
2023-09-15 11:00:00,848.2097,942.222,931.1228,963.8089,919.1042,890.7509,4622.442
2023-09-15 12:00:00,942.024,999.5142,996.7883,999.7081,992.1569,962.6308,4921.806
2023-09-15 13:00:00,955.99,999.6246,998.7775,999.5557,997.403,972.7257,4937.383
2023-09-15 14:00:00,888.4811,967.0967,954.3745,978.9896,943.1494,910.9404,4725.235
2023-09-15 15:00:00,747.4333,839.1975,825.5156,851.7133,817.2729,787.569,4098.093
2023-09-15 16:00:00,550.8067,639.6823,633.0731,648.1464,627.3163,594.951,3124.137
2023-09-15 17:00:00,319.299,360.8842,371.1018,366.1914,368.76,325.4674,1775.629
2023-09-15 18:00:00,109.1241,88.09439,103.6332,94.73569,103.4192,87.97279,454.3011
2023-09-15 19:00:00,4.658334,2.652778,2.792778,2.709722,2.905071,2.57306,-10.14202
2023-09-15 20:00:00,0,0,0,0,0,0,-13.57068
2023-09-15 21:00:00,0,0,0,0,0,0,-13.55472
2023-09-15 22:00:00,0,0,0,0,0,0,-13.5168
2023-09-15 23:00:00,0.04444444,0,0,0,0,0,-13.57528
2023-09-16 00:00:00,0,0,0,0,0,0,-13.68597
2023-09-16 01:00:00,0,0,0,0,0,0,-13.66812
2023-09-16 02:00:00,0,0,0,0,0,0,-13.55337
2023-09-16 03:00:00,0,0,0,0,0,0,-13.52291
2023-09-16 04:00:00,0,0,0,0,0,0,-13.52503
2023-09-16 05:00:00,0,0,0,0,0,0,-13.47733
2023-09-16 06:00:00,0,0.06944445,0.06944445,0.06944445,0.06944445,0.06944445,-19.28252
2023-09-16 07:00:00,48.51823,53.36958,46.16667,57.04501,47.74139,49.79583,231.2467
2023-09-16 08:00:00,248.7148,285.1986,266.2086,295.8879,276.7442,269.4807,1379.975
2023-09-16 09:00:00,479.7728,554.3887,547.6187,569.0217,539.6654,521.0878,2719.045
2023-09-16 10:00:00,689.9141,759.5293,753.8153,773.1168,736.3371,709.9921,3714.33
2023-09-16 11:00:00,845.7616,890.5548,882.3712,905.0959,862.4261,834.2595,4351.935
2023-09-16 12:00:00,930.6379,959.4327,948.6933,972.3734,928.3811,896.5479,4678.192
2023-09-16 13:00:00,940.5594,962.7075,952.221,976.6408,933.8759,902.0582,4698.571
2023-09-16 14:00:00,871.7059,904.6479,894.6023,915.9518,878.6177,846.2991,4414.349
2023-09-16 15:00:00,726.8625,786.0114,773.963,791.8416,760.1583,731.7215,3820.833
2023-09-16 16:00:00,530.591,594.6042,589.3907,598.9505,579.9997,548.6146,2892.493
2023-09-16 17:00:00,302.9453,328.7647,338.0197,331.9662,333.9938,295.8467,1610.307
2023-09-16 18:00:00,85.06379,69.36993,76.26096,71.88756,76.23589,66.856,338.3548
2023-09-16 19:00:00,3.568644,1.753906,1.865017,1.811684,1.535719,1.548068,-14.36394
2023-09-16 20:00:00,0.001416806,0,0,0,0,0,-13.58586
2023-09-16 21:00:00,0,0,0,0,0,0,-13.59539
2023-09-16 22:00:00,0,0,0,0,0,0,-13.54321
2023-09-16 23:00:00,0,0,0,0,0,0,-13.58489
2023-09-17 00:00:00,0,0,0,0,0,0,-13.61902
2023-09-17 01:00:00,0,0,0,0,0,0,-13.60312
2023-09-17 02:00:00,0,0,0,0,0,0,-13.50591
2023-09-17 03:00:00,0,0,0,0,0,0,-13.57237
2023-09-17 04:00:00,0,0,0,0,0,0,-13.65876
2023-09-17 05:00:00,0,0,0,0,0,0,-13.43173
2023-09-17 06:00:00,0.03275,0,0,0,0,0,-18.96279
2023-09-17 07:00:00,39.30421,43.58758,39.91511,45.48518,39.52962,40.16167,185.1995
2023-09-17 08:00:00,209.7434,239.7601,229.4831,243.9789,235.1232,224.6215,1147.001
2023-09-17 09:00:00,479.3291,547.1606,545.6338,557.523,529.5959,504.4687,2648.75
2023-09-17 10:00:00,422.9699,513.4405,471.7099,497.6603,474.9265,457.6086,2402.307
2023-09-17 11:00:00,484.3711,541.0953,542.6636,566.0701,545.7717,539.5225,2733.726
2023-09-17 12:00:00,389.2246,433.8103,432.9636,443.8602,423.775,410.0864,2128.429
2023-09-17 13:00:00,240.7446,264.4338,261.5952,268.8794,255.532,246.7781,1275.257
2023-09-17 14:00:00,89.47327,100.9053,100.341,102.8823,98.30379,94.65058,474.4221
2023-09-17 15:00:00,102.268,114.5029,114.3128,116.7963,111.8771,107.4448,541.9578
2023-09-17 16:00:00,33.43835,36.75533,36.58136,37.44205,36.0084,34.67144,155.3859
2023-09-17 17:00:00,23.01647,24.81962,24.69104,25.26684,24.20823,23.14502,95.90431
2023-09-17 18:00:00,5.112995,2.868229,2.802778,2.678229,2.649618,1.894618,-13.07162
2023-09-17 19:00:00,0.6136028,0,0,0,0,0,-21.5097
2023-09-17 20:00:00,0,0,0,0,0,0,-13.4501
2023-09-17 21:00:00,0,0,0,0,0,0,-13.52489
2023-09-17 22:00:00,0,0,0,0,0,0,-13.50929
2023-09-17 23:00:00,0,0,0,0,0,0,-13.5501
2023-09-18 00:00:00,0,0,0,0,0,0,-13.61882
2023-09-18 01:00:00,0,0,0,0,0,0,-13.61241
2023-09-18 02:00:00,0,0,0,0,0,0,-13.52378
2023-09-18 03:00:00,0,0,0,0,0,0,-13.5649
2023-09-18 04:00:00,0,0,0,0,0,0,-13.56029
2023-09-18 05:00:00,0,0,0,0,0,0,-13.3745
2023-09-18 06:00:00,0,0,0,0,0,0,-17.98493
2023-09-18 07:00:00,39.99251,44.13807,40.90222,45.00279,40.45317,41.47763,188.6359
2023-09-18 08:00:00,241.0289,272.7715,256.7244,282.4665,263.0312,255.1033,1313.158
2023-09-18 09:00:00,418.5601,466.9411,484.3843,500.3579,441.8016,447.0016,2345.903
2023-09-18 10:00:00,430.3304,525.2379,513.1564,505.7961,484.9781,490.9415,2495.23
2023-09-18 11:00:00,591.2525,666.8268,682.9829,688.9622,660.7919,617.6382,3331.267
2023-09-18 12:00:00,678.8481,731.2167,728.6109,701.0952,696.7689,648.9698,3518.312
2023-09-18 13:00:00,607.44,635.2563,611.1431,625.6221,559.3452,572.7898,2979.325
2023-09-18 14:00:00,585.2904,537.8228,572.2014,626.4761,610.8004,623.2006,2900.598
2023-09-18 15:00:00,562.2865,577.6691,546.5065,596.9786,560.5581,586.5605,2836.086
2023-09-18 16:00:00,532.1617,601.4272,603.4413,603.9988,591.7435,546.4314,2939.396
2023-09-18 17:00:00,267.9407,297.2212,318.3861,301.0486,303.6273,269.0938,1472.287
2023-09-18 18:00:00,69.23293,61.14717,66.71421,65.27179,66.68851,60.86281,296.6216
2023-09-18 19:00:00,3.026274,1.705706,1.719544,1.709039,1.790706,1.566817,-14.27596
2023-09-18 20:00:00,0,0,0,0,0,0,-13.37562
2023-09-18 21:00:00,0,0,0,0,0,0,-13.45657
2023-09-18 22:00:00,0,0,0,0,0,0,-13.58463
2023-09-18 23:00:00,0,0,0,0,0,0,-13.58676
2023-09-19 00:00:00,0,0,0,0,0,0,-13.60308
2023-09-19 01:00:00,0,0,0,0,0,0,-13.64933
2023-09-19 02:00:00,0,0,0,0,0,0,-13.59792
2023-09-19 03:00:00,0,0,0,0,0,0,-13.59087
2023-09-19 04:00:00,0,0,0,0,0,0,-13.52981
2023-09-19 05:00:00,0,0,0,0,0,0,-13.39229
2023-09-19 06:00:00,0.00961,0,0,0,0,0,-18.85121
2023-09-19 07:00:00,43.07356,49.17818,38.7827,52.1715,44.1054,45.94201,206.888
2023-09-19 08:00:00,237.2088,269.8914,251.4367,279.7433,260.622,254.6355,1301.806
2023-09-19 09:00:00,466.2014,6.440063,6.18564,6.64678,6.29695,6.090232,5.894675
2023-09-19 10:00:00,676.863,0,0,0,0,0,-20.1375
2023-09-19 11:00:00,737.2619,,,,,,-3.078003
2023-09-19 12:00:00,167.5475,0,165.0983,169.6956,162.1454,335.3148,820.2021
2023-09-19 13:00:00,933.8331,680.1894,831.0139,970.6202,929.1082,894.5477,4280.758
2023-09-19 14:00:00,849.6782,886.8358,885.4905,867.8226,834.6163,793.4341,4247.394
2023-09-19 15:00:00,734.3695,718.0088,712.9486,773.4916,740.2386,729.9641,3642.708
2023-09-19 16:00:00,455.1939,492.2124,490.314,495.4421,479.8108,456.0866,2389.795
2023-09-19 17:00:00,179.0724,205.7959,208.4798,210.2365,197.7978,193.9691,995.3965
2023-09-19 18:00:00,108.236,92.90096,102.7625,98.69357,103.0036,92.52707,465.0898
2023-09-19 19:00:00,3.07509,1.667315,1.779978,1.635122,1.734145,1.476233,-14.35698
2023-09-19 20:00:00,0,0,0,0,0,0,-13.62341
2023-09-19 21:00:00,0,0,0,0,0,0,-13.57877
2023-09-19 22:00:00,0,0,0,0,0,0,-13.57573
2023-09-19 23:00:00,0,0,0,0,0,0,-13.64958
2023-09-20 00:00:00,0,0,0,0,0,0,-13.66414
2023-09-20 01:00:00,0,0,0,0,0,0,-13.66086
2023-09-20 02:00:00,0,0,0,0,0,0,-13.62123
2023-09-20 03:00:00,0,0,0,0,0,0,-13.61378
2023-09-20 04:00:00,0,0,0,0,0,0,-13.58728
2023-09-20 05:00:00,0,0,0,0,0,0,-13.5329
2023-09-20 06:00:00,0.0045,0,0,0,0,0,-18.08228
2023-09-20 07:00:00,17.16353,25.82379,25.41129,26.17586,25.19732,24.17868,101.3198
2023-09-20 08:00:00,183.7346,220.1182,206.6112,228.0021,207.404,207.6468,1052.075
2023-09-20 09:00:00,391.054,448.4682,456.3323,448.4798,433.7886,398.0349,2181.214
2023-09-20 10:00:00,670.5522,729.4666,722.4587,743.2987,418.4744,683.2203,3279.85
2023-09-20 11:00:00,835.3099,874.321,863.1611,888.1781,,818.8031,3424.434
2023-09-20 12:00:00,932.8045,934.8572,932.4228,946.0809,,874.0665,3661.778
2023-09-20 13:00:00,588.2983,579.2792,616.0014,605.224,,564.3478,2364.259
2023-09-20 14:00:00,794.439,796.9806,751.9147,763.9806,,667.3029,2963.134
2023-09-20 15:00:00,699.3043,747.3531,747.0513,740.1967,179.3358,694.5485,3083.979
2023-09-20 16:00:00,490.101,557.347,544.5804,535.8658,538.3562,501.9029,2661.065
2023-09-20 17:00:00,265.9833,273.2643,291.1182,290.0751,290.5213,258.7861,1382.483
2023-09-20 18:00:00,70.37698,63.51157,67.9243,65.53397,67.27759,60.34946,298.4639
2023-09-20 19:00:00,2.342074,0.8747668,0.9131001,0.8778653,0.9335598,0.8116152,-17.55117
2023-09-20 20:00:00,0,0,0,0,0,0,-13.67739
2023-09-20 21:00:00,0,0,0,0,0,0,-13.59
2023-09-20 22:00:00,0.06670833,0,0,0,0,0,-13.56474
2023-09-20 23:00:00,0,0,0,0,0,0,-13.63816
2023-09-21 00:00:00,0,0,0,0,0,0,-13.63977
2023-09-21 01:00:00,0,0,0,0,0,0,-13.66096
2023-09-21 02:00:00,0,0,0,0,0,0,-13.58471
2023-09-21 03:00:00,0,0,0,0,0,0,-13.61172
2023-09-21 04:00:00,0,0,0,0,0,0,-13.59773
2023-09-21 05:00:00,0,0,0,0,0,0,-13.52398
2023-09-21 06:00:00,0,0,0,0,0,0,-18.8085
2023-09-21 07:00:00,19.38244,27.28889,26.96462,27.81476,26.39882,25.57104,109.2578
2023-09-21 08:00:00,114.4833,137.2047,136.159,140.4431,133.8272,128.969,657.8176
2023-09-21 09:00:00,208.0889,241.2352,240.4358,246.6617,166.3244,227.088,1063.011
2023-09-21 10:00:00,249.4752,286.9958,285.0179,292.7553,,269.7027,1119.242
2023-09-21 11:00:00,428.4608,485.0262,480.7246,494.955,,454.8396,1899.796
2023-09-21 12:00:00,624.2375,683.1276,677.9952,687.9088,,654.8687,2683.735
2023-09-21 13:00:00,774.7913,787.577,785.3351,818.1793,,768.2612,3104.131
2023-09-21 14:00:00,460.0999,529.2651,519.652,544.5422,,504.4938,2081.67
2023-09-21 15:00:00,284.5956,344.1577,338.8163,336.9952,288.3074,297.3281,1591.57
2023-09-21 16:00:00,506.9125,581.021,562.6607,578.438,554.0771,533.3098,2797.712
2023-09-21 17:00:00,220.9252,256.4943,266.7487,259.6808,259.8799,224.9801,1246.892
2023-09-21 18:00:00,76.11008,63.5481,72.95162,67.9315,72.35435,63.71673,313.8066
2023-09-21 19:00:00,3.580987,1.778878,1.985683,1.83485,1.807122,1.672906,-13.34856
2023-09-21 20:00:00,0,0,0,0,0,0,-13.64639
2023-09-21 21:00:00,0,0,0,0,0,0,-13.64833
2023-09-21 22:00:00,0,0,0,0,0,0,-13.67792
2023-09-21 23:00:00,0,0,0,0,0,0,-13.63313
2023-09-22 00:00:00,0,0,0,0,0,0,-13.66974
2023-09-22 01:00:00,0,0,0,0,0,0,-13.65354
2023-09-22 02:00:00,0,0,0,0,0,0,-13.64047
2023-09-22 03:00:00,0,0,0,0,0,0,-13.65059
2023-09-22 04:00:00,0,0,0,0,0,0,-13.66123
2023-09-22 05:00:00,0,0,0,0,0,0,-13.61278
2023-09-22 06:00:00,0,0,0,0,0,0,-17.41047
2023-09-22 07:00:00,9.124181,12.32985,12.3534,12.46847,12.1859,11.46416,34.79132
2023-09-22 08:00:00,64.10622,79.65194,45.68633,81.35916,78.10512,74.98631,336.4897
2023-09-22 09:00:00,137.1666,158.4857,,161.4796,154.3066,148.4315,600.7955
2023-09-22 10:00:00,106.4451,123.8494,1.1913,125.7668,120.5349,115.863,463.4467
2023-09-22 11:00:00,100.9598,120.6553,116.1336,122.8067,117.2953,113.1213,568.1393
2023-09-22 12:00:00,102.4811,126.1599,125.5971,129.0757,123.4517,119.1965,601.921
2023-09-22 13:00:00,159.511,190.1255,187.6318,192.6095,183.7462,175.9106,912.1989
2023-09-22 14:00:00,153.1071,180.7973,179.2081,183.6659,175.6359,168.6408,869.2372
2023-09-22 15:00:00,101.918,120.088,119.245,123.2543,117.4032,113.6135,569.5215
2023-09-22 16:00:00,45.64771,51.45026,51.11493,52.54484,50.34014,48.32096,228.5216
2023-09-22 17:00:00,10.57156,9.999853,10.13423,10.2734,10.30478,8.857841,23.06528
2023-09-22 18:00:00,2.297972,0.3691668,0.3691668,0.7858334,0.397568,0,-24.11278
2023-09-22 19:00:00,0.0861389,0,0,0,0,0,-19.00959
2023-09-22 20:00:00,0,0,0,0,0,0,-13.59067
2023-09-22 21:00:00,0,0,0,0,0,0,-13.65133
2023-09-22 22:00:00,,,,,,,
2023-09-22 23:00:00,0,0,0,0,0,0,-13.83586
2023-09-23 00:00:00,0,0,0,0,0,0,-13.79192
2023-09-23 01:00:00,0,0,0,0,0,0,-13.79222
2023-09-23 02:00:00,0,0,0,0,0,0,-13.82076
2023-09-23 03:00:00,0,0,0,0,0,0,-13.78248
2023-09-23 04:00:00,0,0,0,0,0,0,-13.74382
2023-09-23 05:00:00,0,0,0,0,0,0,-13.70552
2023-09-23 06:00:00,0,0,0,0,0,0,-16.18086
2023-09-23 07:00:00,1.132167,0,0,0,0,0.770439,-25.05499
2023-09-23 08:00:00,15.864,23.23382,23.32855,23.5277,22.66362,21.62294,89.39682
2023-09-23 09:00:00,62.2708,75.3288,73.92538,76.4111,72.97134,70.61083,343.323
2023-09-23 10:00:00,54.12063,64.22871,64.24599,65.05415,62.24026,59.83857,293.1263
2023-09-23 11:00:00,36.58239,46.27975,45.88314,46.95889,44.82832,42.95071,201.1696
2023-09-23 12:00:00,52.6256,65.80987,65.50703,67.05563,64.60168,61.40966,299.4651
2023-09-23 13:00:00,63.80056,82.21481,81.63438,83.76601,79.79879,76.34821,379.5226
2023-09-23 14:00:00,98.46393,120.5925,120.6801,122.7851,117.6399,111.8841,570.3604
2023-09-23 15:00:00,100.984,124.1488,123.0522,126.6327,119.9715,115.2625,584.5805
2023-09-23 16:00:00,58.8171,69.0935,68.43534,69.3012,66.4779,62.60903,310.734
2023-09-23 17:00:00,26.43587,29.35062,28.62926,29.52189,28.69391,27.66722,116.3474
2023-09-23 18:00:00,12.56356,11.08722,10.96305,11.25486,10.85165,10.2697,26.74293
2023-09-23 19:00:00,0.1355833,0,0,0,0,0,-20.65851
2023-09-23 20:00:00,0,0,0,0,0,0,-14.38618
2023-09-23 21:00:00,0,0,0,0,0,0,-14.5319
2023-09-23 22:00:00,0,0,0,0,0,0,-14.52567
2023-09-23 23:00:00,0,0,0,0,0,0,-14.56736
2023-09-24 00:00:00,0,0,0,0,0,0,-14.49467
2023-09-24 01:00:00,0,0,0,0,0,0,-14.54672
2023-09-24 02:00:00,0,0,0,0,0,0,-14.52178
2023-09-24 03:00:00,0,0,0,0,0,0,-14.53006
2023-09-24 04:00:00,0,0,0,0,0,0,-14.53582
2023-09-24 05:00:00,0,0,0,0,0,0,-14.51343
2023-09-24 06:00:00,0,0,0,0,0,0,-18.32421
2023-09-24 07:00:00,41.71632,42.94032,0,46.15492,37.07531,39.7799,140.9187
2023-09-24 08:00:00,232.257,263.7493,0,273.506,252.5864,249.2177,1021.476
2023-09-24 09:00:00,454.1378,529.2211,0,541.7729,513.4348,497.0241,2065.079
2023-09-24 10:00:00,655.269,734.7836,0,747.6222,711.9954,688.3773,2864.362
2023-09-24 11:00:00,798.8809,870.0007,0,868.5837,821.4479,808.6992,3359.08
2023-09-24 12:00:00,847.9363,913.3995,0,898.1133,880.7052,819.2459,3444.763
2023-09-24 13:00:00,653.4639,758.4962,0,822.9036,741.9379,786.5393,3127.264
2023-09-24 14:00:00,835.7419,928.3038,371.0788,922.447,855.5558,813.5599,3874.049
2023-09-24 15:00:00,605.6364,699.1295,697.5063,731.2932,737.4473,656.0073,3517.147
2023-09-24 16:00:00,391.6192,439.5591,441.4354,453.8528,436.5528,427.7798,2195.844
2023-09-24 17:00:00,259.8721,283.1907,294.6409,289.1269,291.7322,258.0625,1396.327
2023-09-24 18:00:00,61.61927,48.97801,56.00244,52.8619,55.98912,48.80907,237.0833
2023-09-24 19:00:00,1.358145,0.3140405,0.3826515,0.3523358,0.3523358,0.3140405,-18.70387
2023-09-24 20:00:00,0,0,0,0,0,0,-13.53054
2023-09-24 21:00:00,0,0,0,0,0,0,-13.6217
2023-09-24 22:00:00,0,0,0,0,0,0,-13.48682
2023-09-24 23:00:00,0,0,0,0,0,0,-13.48158
2023-09-25 00:00:00,0,0,0,0,0,0,-13.55249
2023-09-25 01:00:00,0,0,0,0,0,0,-13.56145
2023-09-25 02:00:00,0,0,0,0,0,0,-13.5292
2023-09-25 03:00:00,0,0,0,0,0,0,-13.54776
2023-09-25 04:00:00,0,0,0,0,0,0,-13.51847
2023-09-25 05:00:00,0,0,0,0,0,0,-13.4226
2023-09-25 06:00:00,0,0,0,0,0,0,-17.2191
2023-09-25 07:00:00,22.8911,30.69455,30.69487,31.15015,30.05222,29.08251,126.4081
2023-09-25 08:00:00,79.6553,96.23254,95.63293,98.01128,93.40546,89.28825,451.5923
2023-09-25 09:00:00,220.3472,252.1542,262.4327,251.7935,248.5014,239.2437,1229.027
2023-09-25 10:00:00,632.864,692.7132,674.0231,696.1539,656.4064,639.8382,3338.857
2023-09-25 11:00:00,798.3004,849.8877,843.1805,869.3353,825.7349,800.7515,4171.592
2023-09-25 12:00:00,703.1217,686.3649,704.1906,699.6979,745.3779,660.8879,3476.78
2023-09-25 13:00:00,761.6714,854.3069,778.6376,850.612,732.4994,754.8434,3994.057
2023-09-25 14:00:00,769.2414,832.8597,791.2377,814.7286,740.4653,707.2411,3881.208
2023-09-25 15:00:00,482.3721,437.3961,437.2587,428.1357,430.2302,401.2444,2108.751
2023-09-25 16:00:00,318.6995,361.3584,363.0742,372.0546,354.2554,334.3819,1768.215
2023-09-25 17:00:00,183.4101,194.6554,191.7193,197.8734,192.1938,178.8616,939.0255
2023-09-25 18:00:00,63.27647,49.86608,54.8341,52.95861,54.36585,49.83709,235.2284
2023-09-25 19:00:00,0.7598162,0.0300125,0.0300125,0.0300125,0.0300125,0.0300125,-20.30919
2023-09-25 20:00:00,0,0,0,0,0,0,-13.5437
2023-09-25 21:00:00,0,0,0,0,0,0,-13.48882
2023-09-25 22:00:00,0.02779167,0,0,0,0,0,-13.50609
2023-09-25 23:00:00,0,0,0,0,0,0,-13.52681
2023-09-26 00:00:00,0,0,0,0,0,0,-13.58839
2023-09-26 01:00:00,0,0,0,0,0,0,-13.58833
2023-09-26 02:00:00,0,0,0,0,0,0,-13.53181
2023-09-26 03:00:00,0,0,0,0,0,0,-13.50499
2023-09-26 04:00:00,0,0,0,0,0,0,-13.48263
2023-09-26 05:00:00,0,0,0,0,0,0,-13.41372
2023-09-26 06:00:00,0.00407006,0,0,0,0,0,-17.5055
2023-09-26 07:00:00,27.26082,36.18778,35.89931,37.10736,35.42667,34.27555,155.3827
2023-09-26 08:00:00,151.0947,179.2288,174.4687,183.4657,171.8738,167.8896,859.223
2023-09-26 09:00:00,286.0066,306.9825,305.741,335.3803,319.607,302.7183,1558.274
2023-09-26 10:00:00,377.6721,444.8109,425.6767,443.4117,408.1182,388.384,2103.615
2023-09-26 11:00:00,687.2442,788.6075,788.4387,782.8431,748.7155,715.4126,3836.279
2023-09-26 12:00:00,791.0869,796.384,845.2304,795.2841,814.5875,792.3896,4036.752
2023-09-26 13:00:00,579.8185,644.3952,651.4611,648.0008,657.4041,615.6585,3205.332
2023-09-26 14:00:00,404.6406,440.3458,440.0921,441.3736,447.8887,418.9041,2176.869
2023-09-26 15:00:00,292.8024,319.6902,327.7457,340.2896,328.1417,323.206,1604.04
2023-09-26 16:00:00,155.7485,177.253,176.8481,180.5191,172.9034,165.4018,851.1477
2023-09-26 17:00:00,71.09222,75.68913,75.5508,77.37664,74.02748,70.644,348.2812
2023-09-26 18:00:00,20.66811,19.08807,19.31488,19.17279,18.92404,17.83029,67.89683
2023-09-26 19:00:00,0.402,0,0.06916668,0,0,0,-19.85454
2023-09-26 20:00:00,0.1081667,0,0,0,0,0,-13.48644
2023-09-26 21:00:00,0,0,0,0,0,0,-13.50251
2023-09-26 22:00:00,0,0,0,0,0,0,-13.43408
2023-09-26 23:00:00,0,0,0,0,0,0,-13.48687
2023-09-27 00:00:00,0,0,0,0,0,0,-13.3588
2023-09-27 01:00:00,0,0,0,0,0,0,-13.3821
2023-09-27 02:00:00,0,0,0,0,0,0,-13.3863
2023-09-27 03:00:00,0,0,0,0,0,0,-13.38914
2023-09-27 04:00:00,0,0,0,0,0,0,-13.40688
2023-09-27 05:00:00,0,0,0,0,0,0,-13.42094
2023-09-27 06:00:00,0,0,0,0,0,0,-16.47694
2023-09-27 07:00:00,9.441805,12.57185,12.62959,12.73196,12.57126,11.91445,36.33709
2023-09-27 08:00:00,71.22804,86.61288,85.11868,88.11115,84.03548,81.05585,401.3605
2023-09-27 09:00:00,145.8721,173.1535,173.1112,179.2284,172.2434,167.6806,844.2527
2023-09-27 10:00:00,232.078,279.061,276.3544,295.2664,273.1488,262.7566,1364.952
2023-09-27 11:00:00,222.3483,253.9285,252.8123,261.5401,249.1959,239.5424,1235.654
2023-09-27 12:00:00,192.2948,224.783,223.0161,230.3548,220.2552,213.2987,1093.15
2023-09-27 13:00:00,182.4706,213.9971,214.5411,219.0992,211.1646,202.1508,1043.656
2023-09-27 14:00:00,181.7563,217.0217,212.3947,219.2626,207.7711,199.9451,1038.612
2023-09-27 15:00:00,115.522,129.7767,130.4973,133.4882,129.1349,124.2028,625.1498
2023-09-27 16:00:00,82.14585,92.94645,92.95573,95.18203,91.86219,88.11078,438.2304
2023-09-27 17:00:00,45.15053,45.69517,45.62653,46.19894,44.58205,42.72865,199.1559
2023-09-27 18:00:00,13.96336,12.78368,12.90854,12.92523,12.71141,12.0411,36.90519
2023-09-27 19:00:00,0.4999999,0,0,0,0,0,-18.28896
2023-09-27 20:00:00,0,0,0,0,0,0,-13.37216
2023-09-27 21:00:00,0,0,0,0,0,0,-13.38642
2023-09-27 22:00:00,0,0,0,0,0,0,-13.44417
2023-09-27 23:00:00,0,0,0,0,0,0,-13.46687
2023-09-28 00:00:00,0,0,0,0,0,0,-13.43901
2023-09-28 01:00:00,0,0,0,0,0,0,-13.49567
2023-09-28 02:00:00,0,0,0,0,0,0,-13.47502
2023-09-28 03:00:00,0,0,0,0,0,0,-13.47283
2023-09-28 04:00:00,0,0,0,0,0,0,-13.4776
2023-09-28 05:00:00,0,0,0,0,0,0,-13.40382
2023-09-28 06:00:00,0,0,0,0,0,0,-16.71554
2023-09-28 07:00:00,11.18655,15.60944,15.24611,15.92625,15.36111,14.74972,50.97366
2023-09-28 08:00:00,198.0243,236.8162,221.5294,252.5114,231.79,226.2105,1149.182
2023-09-28 09:00:00,414.6236,511.4022,498.7823,536.9714,493.377,493.2403,2536.089
2023-09-28 10:00:00,522.547,603.7775,596.08,618.4457,578.8727,567.4954,2932.526
2023-09-28 11:00:00,485.9229,558.8768,563.3475,559.2738,566.9542,527.0943,2780.683
2023-09-28 12:00:00,373.1415,437.6706,433.3546,455.4962,428.5566,418.9513,2154.164
2023-09-28 13:00:00,312.587,360.1032,356.9575,366.8072,349.5991,335.6971,1752.825
2023-09-28 14:00:00,480.4955,517.5234,498.4913,525.5896,477.456,478.2421,2468.534
2023-09-28 15:00:00,635.6501,705.9096,719.5157,729.4856,715.4339,693.3875,3542.107
2023-09-28 16:00:00,381.2484,474.11,445.2617,488.9983,445.962,420.9438,2252.222
2023-09-28 17:00:00,202.4435,211.1235,204.6271,197.1401,198.5973,168.6104,961.3649
2023-09-28 18:00:00,67.3431,58.82215,66.84772,62.84887,66.24604,60.67717,290.152
2023-09-28 19:00:00,1.583756,0.3297333,0.2918223,0.2554222,0.391389,0.2989015,-18.36061
2023-09-28 20:00:00,0.02777778,0,0,0,0,0,-13.48762
2023-09-28 21:00:00,0,0,0,0,0,0,-13.46422
2023-09-28 22:00:00,0,0,0,0,0,0,-13.41124
2023-09-28 23:00:00,0,0,0,0,0,0,-13.48722
2023-09-29 00:00:00,0,0,0,0,0,0,-13.50258
2023-09-29 01:00:00,0,0,0,0,0,0,-13.50224
2023-09-29 02:00:00,0,0,0,0,0,0,-13.42037
2023-09-29 03:00:00,0,0,0,0,0,0,-13.38547
2023-09-29 04:00:00,0,0,0,0,0,0,-13.40207
2023-09-29 05:00:00,0,0,0,0,0,0,-13.37951
2023-09-29 06:00:00,0,0,0,0,0,0,-15.86398
2023-09-29 07:00:00,6.812931,8.866315,8.817642,9.142935,8.637643,8.284045,17.69829
2023-09-29 08:00:00,39.826,50.65226,49.87154,50.95034,49.01202,46.79275,222.5599
2023-09-29 09:00:00,98.30724,116.5108,118.3526,119.0735,115.7746,109.6668,557.3316
2023-09-29 10:00:00,132.6242,152.6372,151.8645,155.6455,149.2392,143.7705,732.7603
2023-09-29 11:00:00,206.0493,237.532,241.5256,242.336,236.7178,224.8184,1165.974
2023-09-29 12:00:00,270.2484,314.5825,313.2208,319.4707,305.0194,292.2221,1527.796
2023-09-29 13:00:00,263.4344,302.5599,302.516,309.7303,298.1128,286.188,1482.151
2023-09-29 14:00:00,223.134,254.81,252.3563,260.5449,248.7454,240.6004,1237.791
2023-09-29 15:00:00,179.0707,204.2223,201.7364,208.1907,198.5864,191.5903,984.8947
2023-09-29 16:00:00,224.2249,251.532,250.5697,259.1643,251.3701,251.7547,1240.939
2023-09-29 17:00:00,119.4863,129.1257,132.0197,126.6373,126.4095,116.697,607.2552
2023-09-29 18:00:00,18.26281,17.39352,17.47309,17.71212,17.39557,16.53864,60.05352
2023-09-29 19:00:00,0.4309029,0,0,0,0,0,-18.8612
2023-09-29 20:00:00,0,0,0,0,0,0,-13.35535
2023-09-29 21:00:00,0,0,0,0,0,0,-13.41063
2023-09-29 22:00:00,0,0,0,0,0,0,-13.48802
2023-09-29 23:00:00,0,0,0,0,0,0,-13.42595
2023-09-30 00:00:00,0,0,0,0,0,0,-13.3687
2023-09-30 01:00:00,0,0,0,0,0,0,-13.40189
2023-09-30 02:00:00,0,0,0,0,0,0,-13.4337
2023-09-30 03:00:00,0,0,0,0,0,0,-13.45261
2023-09-30 04:00:00,0,0,0,0,0,0,-13.46302
2023-09-30 05:00:00,0,0,0,0,0,0,-13.41457
2023-09-30 06:00:00,0,0,0,0,0,0,-16.71652
2023-09-30 07:00:00,12.02467,15.62621,15.64247,15.77636,15.30246,14.46772,51.68941
2023-09-30 08:00:00,57.38081,67.2369,65.96564,68.13648,64.99656,62.76472,305.6982
2023-09-30 09:00:00,135.8408,169.0727,167.7769,173.4032,165.8286,160.1349,816.1719
2023-09-30 10:00:00,179.0965,211.5336,207.3702,215.0591,204.6566,197.5485,1016.744
2023-09-30 11:00:00,408.2984,395.5241,409.4432,457.7704,426.3899,452.5685,2086.482
2023-09-30 12:00:00,331.4972,389.1252,386.892,394.7634,375.7165,361.4136,1892.474
2023-09-30 13:00:00,392.5959,426.1637,443.9442,447.7266,443.1995,423.0988,2152.959
2023-09-30 14:00:00,516.7758,515.5044,571.3466,544.468,554.0231,534.0824,2702.166
2023-09-30 15:00:00,337.7186,372.1907,399.7231,386.5452,373.4931,347.8989,1859.657
2023-09-30 16:00:00,258.8807,263.4138,272.9724,275.5302,271.288,260.8159,1316.614
2023-09-30 17:00:00,118.3099,114.2894,116.6341,116.7573,114.6925,107.4453,539.2257
2023-09-30 18:00:00,13.58512,9.58608,9.896772,9.766655,9.766472,9.192298,21.9905
2023-09-30 19:00:00,0.4540555,0,0,0,0,0,-18.91898
2023-09-30 20:00:00,0,0,0,0,0,0,-13.41197
2023-09-30 21:00:00,0,0,0,0,0,0,-13.4037
2023-09-30 22:00:00,0,0,0,0,0,0,-13.48749
2023-09-30 23:00:00,0,0,0,0,0,0,-13.50811
