Four Oaks,Unnamed: 1,Unnamed: 2,Unnamed: 3,Unnamed: 4,Unnamed: 5
,,,,,
Timestamp,POA,"Eaton Power Expert 1670 1, Real power","Eaton Power Expert 1670 2, Real power","Eaton Power Expert 1670 3, Real power",Production meter active power
,W/mÂ²,kW,kW,kW,kW
2023-09-01 00:00:00,0,0,0,0,
2023-09-01 01:00:00,0,0,0,0,
2023-09-01 02:00:00,0,0,0,0,
2023-09-01 03:00:00,0,0,0,0,
2023-09-01 04:00:00,0,0,0,0,
2023-09-01 05:00:00,0,0,0,0,
2023-09-01 06:00:00,0.4251335,0,0,0,
2023-09-01 07:00:00,95.90039,106.6633,120.466,100.0054,
2023-09-01 08:00:00,310.8821,532.8766,550.837,512.2081,
2023-09-01 09:00:00,568.7164,970.8344,992.7249,955.7461,
2023-09-01 10:00:00,789.8356,1294.675,1296.562,1289.489,
2023-09-01 11:00:00,958.7197,1546.62,1542.937,1514.615,
2023-09-01 12:00:00,1047.991,1635.907,1630.864,1602.578,
2023-09-01 13:00:00,1046.313,1619.881,1614.733,1589.23,
2023-09-01 14:00:00,963.5126,1519.138,1515.912,1499.798,
2023-09-01 15:00:00,802.8423,1302.723,1292.401,1292.801,
2023-09-01 16:00:00,588.382,961.5316,951.5585,972.0876,
2023-09-01 17:00:00,345.7142,529.6799,527.0892,557.92,
2023-09-01 18:00:00,125.7677,134.6472,133.5245,152.3784,
2023-09-01 19:00:00,15.32147,2.767295,4.79097,7.019912,
2023-09-01 20:00:00,0.09655555,0,0,0,
2023-09-01 21:00:00,0,0,0,0,
2023-09-01 22:00:00,0,0,0,0,
2023-09-01 23:00:00,0,0,0,0,
2023-09-02 00:00:00,0,0,0,0,
2023-09-02 01:00:00,0,0,0,0,
2023-09-02 02:00:00,0,0,0,0,
2023-09-02 03:00:00,0,0,0,0,
2023-09-02 04:00:00,0,0,0,0,
2023-09-02 05:00:00,0,0,0,0,
2023-09-02 06:00:00,0.9058512,0,0,0,
2023-09-02 07:00:00,62.93901,76.52737,101.9226,93.61678,
2023-09-02 08:00:00,153.3826,285.6606,288.0222,275.1871,
2023-09-02 09:00:00,384.7674,708.5714,710.0649,692.572,
2023-09-02 10:00:00,680.2722,1090.995,1099.236,1061.01,
2023-09-02 11:00:00,940.6239,1506.871,1510.807,1451.011,
2023-09-02 12:00:00,1044.999,1612.892,1609.493,1578.038,
2023-09-02 13:00:00,1045.778,1590.519,1584.026,1557.428,
2023-09-02 14:00:00,960.4239,1483.31,1471.991,1456.344,
2023-09-02 15:00:00,799.7468,1272.891,1259.295,1258.623,
2023-09-02 16:00:00,586.3891,945.7996,933.9815,953.8688,
2023-09-02 17:00:00,343.86,521.4423,516.8292,547.6359,
2023-09-02 18:00:00,123.6858,127.2978,127.8486,144.2393,
2023-09-02 19:00:00,15.19599,3.485462,5.210001,5.253994,
2023-09-02 20:00:00,0.138,0,0,0,
2023-09-02 21:00:00,0,0,0,0,
2023-09-02 22:00:00,0,0,0,0,
2023-09-02 23:00:00,0,0,0,0,
2023-09-03 00:00:00,0,0,0,0,
2023-09-03 01:00:00,0,0,0,0,
2023-09-03 02:00:00,0,0,0,0,
2023-09-03 03:00:00,0,0,0,0,
2023-09-03 04:00:00,0,0,0,0,
2023-09-03 05:00:00,0,0,0,0,
2023-09-03 06:00:00,0.2991945,0,0,0,
2023-09-03 07:00:00,89.24592,111.4874,110.8475,85.73931,
2023-09-03 08:00:00,295.8023,496.4767,512.9599,478.9991,
2023-09-03 09:00:00,541.3107,900.7612,922.989,885.2206,
2023-09-03 10:00:00,752.5699,1205.693,1211.579,1174.761,
2023-09-03 11:00:00,912.5132,1407.732,1402.247,1369.811,
2023-09-03 12:00:00,997.738,1496.526,1490.147,1461.629,
2023-09-03 13:00:00,1002.882,1493.353,1486.205,1462.452,
2023-09-03 14:00:00,922.0096,1396.345,1388.669,1373.961,
2023-09-03 15:00:00,767.2205,1193.954,1185.526,1183.886,
2023-09-03 16:00:00,558.723,880.3234,871.5204,888.6092,
2023-09-03 17:00:00,323.4709,478.2184,476.9544,505.2316,
2023-09-03 18:00:00,115.8168,127.1971,123.4082,135.8352,
2023-09-03 19:00:00,15.19092,5.832911,6.167277,4.302239,
2023-09-03 20:00:00,0.08638888,0,0,0,
2023-09-03 21:00:00,0,0,0,0,
2023-09-03 22:00:00,0,0,0,0,
2023-09-03 23:00:00,0,0,0,0,
2023-09-04 00:00:00,0.02436111,0,0,0,
2023-09-04 01:00:00,0,0,0,0,
2023-09-04 02:00:00,0,0,0,0,
2023-09-04 03:00:00,0,0,0,0,
2023-09-04 04:00:00,0,0,0,0,
2023-09-04 05:00:00,0,0,0,0,
2023-09-04 06:00:00,0.3437223,0,0,0,
2023-09-04 07:00:00,71.77428,97.09048,97.50917,82.99871,
2023-09-04 08:00:00,282.2578,430.2133,474.098,440.2564,
2023-09-04 09:00:00,521.8092,851.7224,876.3211,842.8236,
2023-09-04 10:00:00,735.5045,1172.826,1184.131,1145.984,
2023-09-04 11:00:00,894.2692,1369.739,1365.349,1336.217,
2023-09-04 12:00:00,979.2649,1460.63,1458.273,1433.517,
2023-09-04 13:00:00,982.1205,1454.092,1450.583,1428.798,
2023-09-04 14:00:00,906.9035,1362.046,1355.29,1344.548,
2023-09-04 15:00:00,759.7793,1150.859,1162.505,1142.7,
2023-09-04 16:00:00,539.3951,837.4073,819.8428,822.4445,
2023-09-04 17:00:00,310.235,456.6614,455.9618,481.7009,
2023-09-04 18:00:00,110.7086,122.1373,122.1711,128.7302,
2023-09-04 19:00:00,14.31646,4.501983,5.775632,6.330499,
2023-09-04 20:00:00,0.08694445,0,0,0,
2023-09-04 21:00:00,0,0,0,0,
2023-09-04 22:00:00,0,0,0,0,
2023-09-04 23:00:00,0,0,0,0,
2023-09-05 00:00:00,0,0,0,0,
2023-09-05 01:00:00,0,0,0,0,
2023-09-05 02:00:00,0,0,0,0,
2023-09-05 03:00:00,0,0,0,0,
2023-09-05 04:00:00,0,0,0,0,
2023-09-05 05:00:00,0.004819445,0,0,0,
2023-09-05 06:00:00,0.3217779,0,0,0,
2023-09-05 07:00:00,72.62846,89.87363,94.25069,68.73948,
2023-09-05 08:00:00,280.8362,450.9052,464.7314,433.8146,
2023-09-05 09:00:00,520.8793,846.1396,868.8129,834.6166,
2023-09-05 10:00:00,732.6135,1159.942,1171,1132.717,
2023-09-05 11:00:00,890.381,1362.279,1360.856,1328.385,
2023-09-05 12:00:00,971.1719,1131.312,1324.717,1299.885,
2023-09-05 13:00:00,981.2193,1444.476,1440.278,1417.167,
2023-09-05 14:00:00,896.2549,1342.094,1332.115,1320.911,
2023-09-05 15:00:00,684.1378,1125.568,1040.786,1083.375,
2023-09-05 16:00:00,532.9655,812.5928,810.9405,833.3292,
2023-09-05 17:00:00,278.9989,419.5836,417.3156,450.8901,
2023-09-05 18:00:00,120.9815,146.072,146.0178,157.2725,
2023-09-05 19:00:00,16.48002,9.920835,10.79186,11.43686,
2023-09-05 20:00:00,0.02542375,0,0,0,
2023-09-05 21:00:00,0.01944445,0,0,0,
2023-09-05 22:00:00,0,0,0,0,
2023-09-05 23:00:00,0.01947222,0,0,0,
2023-09-06 00:00:00,0,0,0,0,
2023-09-06 01:00:00,0,0,0,0,
2023-09-06 02:00:00,0,0,0,0,
2023-09-06 03:00:00,0.01944445,0,0,0,
2023-09-06 04:00:00,0,0,0,0,
2023-09-06 05:00:00,0,0,0,0,
2023-09-06 06:00:00,0.1785561,0,0,0,
2023-09-06 07:00:00,67.10938,89.65533,86.94895,74.03773,
2023-09-06 08:00:00,274.2436,443.9843,464.9951,426.1438,
2023-09-06 09:00:00,523.2245,845.0803,868.3431,833.1958,
2023-09-06 10:00:00,742.3879,1165.455,1174.545,1135.111,
2023-09-06 11:00:00,906.0342,1368.161,1365.318,1334.69,
2023-09-06 12:00:00,983.6542,1442.566,1436.701,1412.339,
2023-09-06 13:00:00,979.1677,1436.76,1430.159,1408.629,
2023-09-06 14:00:00,896.3813,1339.709,1334.153,1321.461,
2023-09-06 15:00:00,742.0876,1143.988,1139.343,1134.276,
2023-09-06 16:00:00,533.898,825.2833,817.5798,835.9691,
2023-09-06 17:00:00,305.6505,443.0934,443.8464,469.6632,
2023-09-06 18:00:00,104.916,114.4165,113.3171,120.5347,
2023-09-06 19:00:00,11.4046,4.394157,3.175105,3.191003,
2023-09-06 20:00:00,0.03420833,0,0,0,
2023-09-06 21:00:00,0,0,0,0,
2023-09-06 22:00:00,0,0,0,0,
2023-09-06 23:00:00,0,0,0,0,
2023-09-07 00:00:00,0,0,0,0,
2023-09-07 01:00:00,0,0,0,0,
2023-09-07 02:00:00,0,0,0,0,
2023-09-07 03:00:00,0.02776389,0,0,0,
2023-09-07 04:00:00,0,0,0,0,
2023-09-07 05:00:00,0.03790278,0,0,0,
2023-09-07 06:00:00,0.5649583,0,0,0,
2023-09-07 07:00:00,61.28106,81.92191,79.63724,68.27158,
2023-09-07 08:00:00,259.106,416.6245,432.1711,402.3884,
2023-09-07 09:00:00,539.7195,858.425,879.5097,844.1542,
2023-09-07 10:00:00,715.9941,1116.34,1126.419,1084.951,
2023-09-07 11:00:00,869.6837,1315.882,1312.135,1277.676,
2023-09-07 12:00:00,943.9905,1410.543,1388.474,1345.94,
2023-09-07 13:00:00,1011.163,1449.621,1426.016,1399.601,
2023-09-07 14:00:00,814.8489,1199.665,1182.631,1152.545,
2023-09-07 15:00:00,740.7634,1148.31,1134.716,1123.788,
2023-09-07 16:00:00,517.6334,842.5468,824.5001,822.8757,
2023-09-07 17:00:00,281.0822,394.2458,393.255,396.2458,
2023-09-07 18:00:00,111.2777,123.4192,120.7745,133.1393,
2023-09-07 19:00:00,12.42707,5.908193,5.874916,6.917538,
2023-09-07 20:00:00,0.006555555,0,0,0,
2023-09-07 21:00:00,0.01566667,0,0,0,
2023-09-07 22:00:00,0.006541668,0,0,0,
2023-09-07 23:00:00,0,0,0,0,
2023-09-08 00:00:00,0,0,0,0,
2023-09-08 01:00:00,0.05561112,0,0,0,
2023-09-08 02:00:00,0,0,0,0,
2023-09-08 03:00:00,0,0,0,0,
2023-09-08 04:00:00,0,0,0,0,
2023-09-08 05:00:00,0.02226389,0,0,0,
2023-09-08 06:00:00,0.1096667,0,0,0,
2023-09-08 07:00:00,32.28173,48.11353,48.62075,40.19996,
2023-09-08 08:00:00,161.9612,294.2183,293.886,288.4141,
2023-09-08 09:00:00,531.3425,869.1484,892.9711,851.414,
2023-09-08 10:00:00,738.6517,1167.136,1177.146,1134.88,
2023-09-08 11:00:00,896.1195,1363.863,1357.022,1324.646,
2023-09-08 12:00:00,960.4994,1466.45,1451.849,1423.379,
2023-09-08 13:00:00,731.5233,1242.343,1226.584,1142.97,
2023-09-08 14:00:00,675.6753,1044.948,1033.059,978.475,
2023-09-08 15:00:00,105.8373,165.2594,165.207,161.2209,
2023-09-08 16:00:00,86.10026,127.3958,130.55,124.5152,
2023-09-08 17:00:00,152.1584,242.4475,245.0371,245.5717,
2023-09-08 18:00:00,93.16711,123.2392,126.5803,121.6932,
2023-09-08 19:00:00,14.07987,6.299006,8.988468,4.421006,
2023-09-08 20:00:00,0,0,0,0,
2023-09-08 21:00:00,0,0,0,0,
2023-09-08 22:00:00,0,0,0,0,
2023-09-08 23:00:00,0.02218056,0,0,0,
2023-09-09 00:00:00,0,0,0,0,
2023-09-09 01:00:00,0,0,0,0,
2023-09-09 02:00:00,0,0,0,0,
2023-09-09 03:00:00,0,0,0,0,
2023-09-09 04:00:00,0,0,0,0,
2023-09-09 05:00:00,0,0,0,0,
2023-09-09 06:00:00,0.04675,0,0,0,
2023-09-09 07:00:00,20.69223,5.39193,16.92051,6.140613,
2023-09-09 08:00:00,84.88019,148.8716,151.7147,147.6534,
2023-09-09 09:00:00,529.2572,850.3042,881.574,851.5745,
2023-09-09 10:00:00,645.2124,980.1912,989.2765,955.0836,
2023-09-09 11:00:00,397.432,582.161,607.0948,596.0991,
2023-09-09 12:00:00,51.16878,57.35515,66.99242,60.16721,
2023-09-09 13:00:00,155.7531,278.2109,284.8031,268.0544,
2023-09-09 14:00:00,278.675,467.3164,474.3455,458.7878,
2023-09-09 15:00:00,279.5869,471.5083,476.094,463.6858,
2023-09-09 16:00:00,447.2661,715.4426,625.9096,720.7474,
2023-09-09 17:00:00,172.3988,248.4836,251.0624,249.7194,
2023-09-09 18:00:00,6.27228,0,0,0,
2023-09-09 19:00:00,3.95951,0,0,0,
2023-09-09 20:00:00,0,0,0,0,
2023-09-09 21:00:00,0.03052778,0,0,0,
2023-09-09 22:00:00,0,0,0,0,
2023-09-09 23:00:00,0,0,0,0,
2023-09-10 00:00:00,0,0,0,0,
2023-09-10 01:00:00,0.01941667,0,0,0,
2023-09-10 02:00:00,0,0,0,0,
2023-09-10 03:00:00,0.0005168055,0,0,0,
2023-09-10 04:00:00,0.01944445,0,0,0,
2023-09-10 05:00:00,0.01889986,0,0,0,
2023-09-10 06:00:00,0.00623283,0,0,0,
2023-09-10 07:00:00,19.50943,3.80938,17.22247,10.64067,
2023-09-10 08:00:00,72.67004,114.9186,122.4941,115.5405,
2023-09-10 09:00:00,164.1121,300.6974,303.857,298.4835,
2023-09-10 10:00:00,443.1625,669.2643,655.518,688.0628,
2023-09-10 11:00:00,617.8484,1041.963,987.4745,933.5387,
2023-09-10 12:00:00,576.1006,810.7106,791.9747,815.6312,
2023-09-10 13:00:00,848.5703,1205.248,1269.587,1233.325,
2023-09-10 14:00:00,921.5961,1362.425,1368.217,1322.965,
2023-09-10 15:00:00,689.5712,1055.723,1064.562,1034.741,
2023-09-10 16:00:00,371.2586,595.4138,597.3873,608.5388,
2023-09-10 17:00:00,342.2331,495.2944,496.4828,512.953,
2023-09-10 18:00:00,63.44982,75.84743,84.99573,84.97622,
2023-09-10 19:00:00,16.19703,7.66102,12.59691,11.69131,
2023-09-10 20:00:00,0,0,0,0,
2023-09-10 21:00:00,0,0,0,0,
2023-09-10 22:00:00,0,0,0,0,
2023-09-10 23:00:00,0,0,0,0,
2023-09-11 00:00:00,0,0,0,0,
2023-09-11 01:00:00,0,0,0,0,
2023-09-11 02:00:00,0,0,0,0,
2023-09-11 03:00:00,0,0,0,0,
2023-09-11 04:00:00,0,0,0,0,
2023-09-11 05:00:00,0,0,0,0,
2023-09-11 06:00:00,0.2094167,0,0,0,
2023-09-11 07:00:00,71.512,82.51344,88.96207,65.69928,
2023-09-11 08:00:00,285.9992,462.0807,482.4672,438.3183,
2023-09-11 09:00:00,535.9128,873.0399,895.8051,844.8854,
2023-09-11 10:00:00,753.5058,1202.447,1219.241,1184.708,
2023-09-11 11:00:00,914.3091,1419.323,1412.651,1367.213,
2023-09-11 12:00:00,1007.743,1523.13,1521,1490.408,
2023-09-11 13:00:00,889.3616,1375.547,1362.027,1348.698,
2023-09-11 14:00:00,880.195,1356.373,1366.665,1347.902,
2023-09-11 15:00:00,759.9866,1180.261,1176.508,1185.432,
2023-09-11 16:00:00,489.8451,836.2376,818.3128,828.6934,
2023-09-11 17:00:00,306.4767,447.5622,447.7791,478.8169,
2023-09-11 18:00:00,100.0016,97.43901,97.49749,109.1262,
2023-09-11 19:00:00,9.352921,0.5999063,1.429188,0.885927,
2023-09-11 20:00:00,0.008478028,0,0,0,
2023-09-11 21:00:00,0,0,0,0,
2023-09-11 22:00:00,0,0,0,0,
2023-09-11 23:00:00,0.0004355555,0,0,0,
2023-09-12 00:00:00,0.02612,0,0,0,
2023-09-12 01:00:00,0,0,0,0,
2023-09-12 02:00:00,0,0,0,0,
2023-09-12 03:00:00,0.02057986,0,0,0,
2023-09-12 04:00:00,0.00292014,0,0,0,
2023-09-12 05:00:00,0,0,0,0,
2023-09-12 06:00:00,0.06135238,0,0,0,
2023-09-12 07:00:00,67.41723,80.56318,86.52666,70.3846,
2023-09-12 08:00:00,273.4242,445.2018,462.5732,422.6967,
2023-09-12 09:00:00,522.1365,843.9666,868.7192,831.3586,
2023-09-12 10:00:00,735.8984,1158.791,1169.405,1124.948,
2023-09-12 11:00:00,819.2031,1194.329,1201.206,1184.667,
2023-09-12 12:00:00,914.6724,1276.362,1283.214,1250.554,
2023-09-12 13:00:00,937.4247,1367.409,1340.787,1315.453,
2023-09-12 14:00:00,874.7776,1264.609,1206.831,1200.242,
2023-09-12 15:00:00,690.1085,1081.873,1038.221,1023.673,
2023-09-12 16:00:00,494.5151,784.0952,792.1334,808.6262,
2023-09-12 17:00:00,174.4711,256.7697,258.8342,260.83,
2023-09-12 18:00:00,51.59961,61.72573,60.5712,60.46453,
2023-09-12 19:00:00,3.511596,0,0,0,
2023-09-12 20:00:00,0,0,0,0,
2023-09-12 21:00:00,0,0,0,0,
2023-09-12 22:00:00,0,0,0,0,
2023-09-12 23:00:00,0,0,0,0,
2023-09-13 00:00:00,0,0,0,0,
2023-09-13 01:00:00,0,0,0,0,
2023-09-13 02:00:00,0,0,0,0,
2023-09-13 03:00:00,0,0,0,0,
2023-09-13 04:00:00,0.02638889,0,0,0,
2023-09-13 05:00:00,0,0,0,0,
2023-09-13 06:00:00,0.0737116,0,0,0,
2023-09-13 07:00:00,57.00831,69.2556,75.6321,67.17204,
2023-09-13 08:00:00,260.9753,395.9047,395.8175,377.2467,
2023-09-13 09:00:00,346.2216,551.5576,561.2505,536.3812,
2023-09-13 10:00:00,596.87,992.9697,1000.628,990.144,
2023-09-13 11:00:00,818.9296,1144.993,1163.784,1100.351,
2023-09-13 12:00:00,891.1492,1277.113,1249.391,1182.44,
2023-09-13 13:00:00,636.4576,915.4349,931.7322,884.1099,
2023-09-13 14:00:00,711.3964,1114.612,1099.037,1107.177,
2023-09-13 15:00:00,346.9457,576.5411,582.9123,606.0492,
2023-09-13 16:00:00,371.1963,549.4005,562.3374,571.3251,
2023-09-13 17:00:00,269.1258,398.7275,403.8389,413.6478,
2023-09-13 18:00:00,79.54178,91.84019,94.64068,98.49191,
2023-09-13 19:00:00,5.469067,0,0.4952038,0,
2023-09-13 20:00:00,0,0,0,0,
2023-09-13 21:00:00,0,0,0,0,
2023-09-13 22:00:00,0,0,0,0,
2023-09-13 23:00:00,0,0,0,0,
2023-09-14 00:00:00,0,0,0,0,
2023-09-14 01:00:00,0,0,0,0,
2023-09-14 02:00:00,0,0,0,0,
2023-09-14 03:00:00,0,0,0,0,
2023-09-14 04:00:00,0,0,0,0,
2023-09-14 05:00:00,0.02220833,0,0,0,
2023-09-14 06:00:00,0.03069445,0,0,0,
2023-09-14 07:00:00,63.77106,63.26726,84.66237,64.39264,
2023-09-14 08:00:00,275.6158,442.0797,461.0427,416.4973,
2023-09-14 09:00:00,500.4068,850.0978,866.8968,791.7204,
2023-09-14 10:00:00,739.1907,1223.386,1240.277,1199.675,
2023-09-14 11:00:00,885.2684,1208.293,1139.844,1053.108,
2023-09-14 12:00:00,999.8592,1491.574,1507.332,1519.336,
2023-09-14 13:00:00,988.8285,1490.946,1446.959,1450.817,
2023-09-14 14:00:00,871.9528,1366.815,1397.925,1358.415,
2023-09-14 15:00:00,739.8466,1177.793,1152.796,1183.633,
2023-09-14 16:00:00,481.5552,773.6779,764.1902,799.0588,
2023-09-14 17:00:00,305.5927,446.5739,449.5586,479.6995,
2023-09-14 18:00:00,88.51952,82.0657,73.89299,100.4217,
2023-09-14 19:00:00,6.319971,0,0.6016113,0.528111,
2023-09-14 20:00:00,0,0,0,0,
2023-09-14 21:00:00,0,0,0,0,
2023-09-14 22:00:00,0,0,0,0,
2023-09-14 23:00:00,0,0,0,0,
2023-09-15 00:00:00,0,0,0,0,
2023-09-15 01:00:00,0,0,0,0,
2023-09-15 02:00:00,0,0,0,0,
2023-09-15 03:00:00,0,0,0,0,
2023-09-15 04:00:00,0,0,0,0,
2023-09-15 05:00:00,0,0,0,0,
2023-09-15 06:00:00,0.1368889,0,0,0,
2023-09-15 07:00:00,72.8607,14.46111,95.45159,72.97396,
2023-09-15 08:00:00,316.675,0,533.2808,479.505,
2023-09-15 09:00:00,572.9872,0,1001,949.8748,
2023-09-15 10:00:00,795.2267,0,1345.203,1301.122,
2023-09-15 11:00:00,956.9818,0,1566.7,1526.213,
2023-09-15 12:00:00,1046.172,0,1657.455,1622.514,
2023-09-15 13:00:00,1049.84,0,1554.583,1151.083,
2023-09-15 14:00:00,956.7335,0,1525.434,1504.883,
2023-09-15 15:00:00,789.5137,1184,1284.746,1286.272,
2023-09-15 16:00:00,567.7714,912.9399,916.2371,939.1866,
2023-09-15 17:00:00,316.5789,462.9922,466.8879,503.8358,
2023-09-15 18:00:00,98.81284,90.85928,86.20893,103.2482,
2023-09-15 19:00:00,6.580858,0,0,0,
2023-09-15 20:00:00,0.02777778,0,0,0,
2023-09-15 21:00:00,0,0,0,0,
2023-09-15 22:00:00,0,0,0,0,
2023-09-15 23:00:00,0,0,0,0,
2023-09-16 00:00:00,0,0,0,0,
2023-09-16 01:00:00,0,0,0,0,
2023-09-16 02:00:00,0,0,0,0,
2023-09-16 03:00:00,0,0,0,0,
2023-09-16 04:00:00,0,0,0,0,
2023-09-16 05:00:00,0,0,0,0,
2023-09-16 06:00:00,0.06777778,0,0,0,
2023-09-16 07:00:00,77.37805,98.04601,98.56091,73.42503,
2023-09-16 08:00:00,302.0872,513.5596,538.5481,482.2751,
2023-09-16 09:00:00,569.4703,943.2946,978.3294,932.3909,
2023-09-16 10:00:00,789.4837,1266.453,1276.909,1232.524,
2023-09-16 11:00:00,946.0046,1466.119,1460.987,1423.532,
2023-09-16 12:00:00,1026.724,1550.015,1542.166,1510.771,
2023-09-16 13:00:00,1018.212,1538.113,1528.965,1503.083,
2023-09-16 14:00:00,929.1929,1430.118,1422.31,1407.134,
2023-09-16 15:00:00,764.6787,1207.743,1197.02,1200.524,
2023-09-16 16:00:00,546.2209,858.9312,856.3476,881.4534,
2023-09-16 17:00:00,299.183,431.8608,432.1861,465.6965,
2023-09-16 18:00:00,72.5612,66.44165,66.96331,79.14232,
2023-09-16 19:00:00,3.891417,0,0,0,
2023-09-16 20:00:00,0,0,0,0,
2023-09-16 21:00:00,0,0,0,0,
2023-09-16 22:00:00,0,0,0,0,
2023-09-16 23:00:00,0,0,0,0,
2023-09-17 00:00:00,0,0,0,0,
2023-09-17 01:00:00,0,0,0,0,
2023-09-17 02:00:00,0,0,0,0,
2023-09-17 03:00:00,0,0,0,0,
2023-09-17 04:00:00,0,0,0,0,
2023-09-17 05:00:00,0,0,0,0,
2023-09-17 06:00:00,0.1030278,0,0,0,
2023-09-17 07:00:00,42.41806,72.76006,66.13175,60.07046,
2023-09-17 08:00:00,256.3938,436.3879,456.9846,410.2928,
2023-09-17 09:00:00,439.8901,723.7504,730.3934,695.2037,
2023-09-17 10:00:00,425.1896,663.0781,665.1475,648.1299,
2023-09-17 11:00:00,545.6375,868.3823,842.018,805.2692,
2023-09-17 12:00:00,435.9535,722.9393,727.5569,705.7213,
2023-09-17 13:00:00,248.8701,394.9056,398.9711,387.2924,
2023-09-17 14:00:00,97.91103,168.1836,167.4718,164.9312,
2023-09-17 15:00:00,108.6323,182.3262,182.4734,177.4034,
2023-09-17 16:00:00,38.01466,41.6727,49.44927,43.78108,
2023-09-17 17:00:00,23.04118,23.33999,29.5386,27.36506,
2023-09-17 18:00:00,6.028528,0,0,0,
2023-09-17 19:00:00,2.109944,0,0,0,
2023-09-17 20:00:00,0,0,0,0,
2023-09-17 21:00:00,0,0,0,0,
2023-09-17 22:00:00,0,0,0,0,
2023-09-17 23:00:00,0,0,0,0,
2023-09-18 00:00:00,0.02220833,0,0,0,
2023-09-18 01:00:00,0,0,0,0,
2023-09-18 02:00:00,0,0,0,0,
2023-09-18 03:00:00,0,0,0,0,
2023-09-18 04:00:00,0.02081944,0,0,0,
2023-09-18 05:00:00,0.006972223,0,0,0,
2023-09-18 06:00:00,0,0,0,0,
2023-09-18 07:00:00,62.64164,87.08544,81.50485,66.67925,
2023-09-18 08:00:00,303.6589,493.0726,513.6658,456.0551,
2023-09-18 09:00:00,561.2443,936.0039,972.0112,917.3817,
2023-09-18 10:00:00,747.7336,1126.205,1175.624,1103.497,
2023-09-18 11:00:00,827.0572,1259.516,1240.72,1171.661,
2023-09-18 12:00:00,808.2098,1112.923,1122.865,1093.72,
2023-09-18 13:00:00,665.9641,1049.903,1038.323,929.0016,
2023-09-18 14:00:00,741.1656,1080.237,1011.931,1060.017,
2023-09-18 15:00:00,741.4753,1137.024,1135.829,1181.667,
2023-09-18 16:00:00,552.7543,876.4632,877.7838,901.783,
2023-09-18 17:00:00,236.7401,355.2589,355.5532,382.5452,
2023-09-18 18:00:00,95.19151,93.4366,93.59418,106.3472,
2023-09-18 19:00:00,5.134126,0,0,0.5098557,
2023-09-18 20:00:00,0,0,0,0,
2023-09-18 21:00:00,0,0,0,0,
2023-09-18 22:00:00,0,0,0,0,
2023-09-18 23:00:00,0,0,0,0,
2023-09-19 00:00:00,0,0,0,0,
2023-09-19 01:00:00,0,0,0,0,
2023-09-19 02:00:00,0,0,0,0,
2023-09-19 03:00:00,0,0,0,0,
2023-09-19 04:00:00,0,0,0,0,
2023-09-19 05:00:00,0,0,0,0,
2023-09-19 06:00:00,0.01933333,0,0,0,
2023-09-19 07:00:00,68.76538,88.35075,87.16872,65.95316,
2023-09-19 08:00:00,287.0162,496.1207,515.4688,458.738,
2023-09-19 09:00:00,555.7863,922.893,960.4642,908.0268,
2023-09-19 10:00:00,777.6259,1258.868,1275.051,1227.958,
2023-09-19 11:00:00,937.8698,1459.377,1456.848,1418.004,
2023-09-19 12:00:00,1020.338,1536.728,1527.901,1496.618,
2023-09-19 13:00:00,986.0078,1499.883,1499.274,1469.374,
2023-09-19 14:00:00,765.6786,1199.835,1185.557,1141.585,
2023-09-19 15:00:00,692.7053,1060.747,1068.317,1060.587,
2023-09-19 16:00:00,525.7731,795.6631,812.5444,828.5897,
2023-09-19 17:00:00,138.4625,242.0491,231.4292,254.1584,
2023-09-19 18:00:00,69.13584,46.58789,58.08901,76.96647,
2023-09-19 19:00:00,4.308975,0,0,0,
2023-09-19 20:00:00,0,0,0,0,
2023-09-19 21:00:00,0,0,0,0,
2023-09-19 22:00:00,0,0,0,0,
2023-09-19 23:00:00,0,0,0,0,
2023-09-20 00:00:00,0,0,0,0,
2023-09-20 01:00:00,0,0,0,0,
2023-09-20 02:00:00,0,0,0,0,
2023-09-20 03:00:00,0,0,0,0,
2023-09-20 04:00:00,0,0,0,0,
2023-09-20 05:00:00,0,0,0,0,
2023-09-20 06:00:00,0,0,0,0,
2023-09-20 07:00:00,20.80141,31.82392,30.03158,27.21996,
2023-09-20 08:00:00,134.4659,245.7916,244.6953,231.0719,
2023-09-20 09:00:00,445.5708,709.8785,713.4832,685.2647,
2023-09-20 10:00:00,771.0541,1219.67,1230.542,1180.897,
2023-09-20 11:00:00,938.3908,1437.161,1431.798,1391.274,
2023-09-20 12:00:00,1028.148,1504.392,1529.623,1464.289,
2023-09-20 13:00:00,773.2834,977.2598,1108.03,969.8151,
2023-09-20 14:00:00,837.1318,1309.917,1224.501,1145.5,
2023-09-20 15:00:00,792.0102,1233.447,1215.205,1181.127,
2023-09-20 16:00:00,533.1536,811.2814,811.7327,829.6532,
2023-09-20 17:00:00,270.3792,391.7484,392.1619,416.1333,
2023-09-20 18:00:00,69.30266,62.73697,71.30822,73.54031,
2023-09-20 19:00:00,3.230292,0,0,0,
2023-09-20 20:00:00,0,0,0,0,
2023-09-20 21:00:00,0,0,0,0,
2023-09-20 22:00:00,0,0,0,0,
2023-09-20 23:00:00,0.2747406,0,0,0,
2023-09-21 00:00:00,0.7475923,0,0,0,
2023-09-21 01:00:00,0.6329812,0,0,0,
2023-09-21 02:00:00,0.2832136,0,0,0,
2023-09-21 03:00:00,0.1755278,0,0,0,
2023-09-21 04:00:00,0.09638193,0,0,0,
2023-09-21 05:00:00,0.07460417,0,0,0,
2023-09-21 06:00:00,0,0,0,0,
2023-09-21 07:00:00,0,36.51172,41.8581,36.68746,
2023-09-21 08:00:00,47.71781,209.5697,212.6177,202.2755,
2023-09-21 09:00:00,183.174,316.0481,318.5378,310.8841,
2023-09-21 10:00:00,286.076,484.7068,488.2509,475.7515,
2023-09-21 11:00:00,481.315,790.3094,799.0042,778.6022,
2023-09-21 12:00:00,880.0115,1302.848,1261.944,1269.422,
2023-09-21 13:00:00,740.5966,1089.811,1070.943,1084.257,
2023-09-21 14:00:00,718.4726,1065.886,1079.261,1074.718,
2023-09-21 15:00:00,635.349,1078.673,1007.144,1021.897,
2023-09-21 16:00:00,445.7249,719.2579,752.5004,772.4976,
2023-09-21 17:00:00,278.8277,399.3154,393.8532,425.9953,
2023-09-21 18:00:00,74.05754,68.72234,68.97152,75.07819,
2023-09-21 19:00:00,4.787895,0,0,0,
2023-09-21 20:00:00,0,0,0,0,
2023-09-21 21:00:00,0,0,0,0,
2023-09-21 22:00:00,0,0,0,0,
2023-09-21 23:00:00,0,0,0,0,
2023-09-22 00:00:00,0,0,0,0,
2023-09-22 01:00:00,0,0,0,0,
2023-09-22 02:00:00,0,0,0,0,
2023-09-22 03:00:00,0,0,0,0,
2023-09-22 04:00:00,0,0,0,0,
2023-09-22 05:00:00,0,0,0,0,
2023-09-22 06:00:00,0,0,0,0,
2023-09-22 07:00:00,15.70135,19.12008,15.81247,17.3073,
2023-09-22 08:00:00,72.19067,114.592,119.8145,120.2688,
2023-09-22 09:00:00,172.7961,291.5193,294.8687,286.856,
2023-09-22 10:00:00,138.4156,228.948,230.0497,226.2999,
2023-09-22 11:00:00,99.10255,163.4335,169.2656,164.144,
2023-09-22 12:00:00,116.5297,192.2096,194.7298,191.4421,
2023-09-22 13:00:00,167.8142,292.8427,293.081,287.4888,
2023-09-22 14:00:00,176.9399,299.8153,302.6495,297.0001,
2023-09-22 15:00:00,130.6013,227.1655,228.2399,223.3068,
2023-09-22 16:00:00,65.5942,94.96046,97.57816,98.37751,
2023-09-22 17:00:00,12.16994,4.880555,5.405972,5.77936,
2023-09-22 18:00:00,2.592611,0,0,0,
2023-09-22 19:00:00,0.02275,0,0,0,
2023-09-22 20:00:00,0,0,0,0,
2023-09-22 21:00:00,0,0,0,0,
2023-09-22 22:00:00,0,0,0,0,
2023-09-22 23:00:00,0,0,0,0,
2023-09-23 00:00:00,0,0,0,0,
2023-09-23 01:00:00,0,0,0,0,
2023-09-23 02:00:00,0,0,0,0,
2023-09-23 03:00:00,0,0,0,0,
2023-09-23 04:00:00,0,0,0,0,
2023-09-23 05:00:00,0,0,0,0,
2023-09-23 06:00:00,0,0,0,0,
2023-09-23 07:00:00,1.8755,0,0,0,
2023-09-23 08:00:00,13.18461,8.914805,13.7206,8.531805,
2023-09-23 09:00:00,47.51384,69.21223,77.21043,78.22485,
2023-09-23 10:00:00,66.54723,110.8438,122.2725,112.8305,
2023-09-23 11:00:00,50.37646,67.95625,84.18799,80.80985,
2023-09-23 12:00:00,52.61715,83.62151,89.51775,91.51077,
2023-09-23 13:00:00,68.96778,112.9522,125.3992,122.1732,
2023-09-23 14:00:00,93.5291,178.744,180.9511,173.4955,
2023-09-23 15:00:00,87.78353,150.4417,152.773,148.5811,
2023-09-23 16:00:00,46.81404,61.17669,70.2337,67.35598,
2023-09-23 17:00:00,40.59569,48.94592,57.56253,59.41529,
2023-09-23 18:00:00,22.14479,19.36669,19.52747,17.89604,
2023-09-23 19:00:00,0.4393888,0,0,0,
2023-09-23 20:00:00,0,0,0,0,
2023-09-23 21:00:00,0,0,0,0,
2023-09-23 22:00:00,0,0,0,0,
2023-09-23 23:00:00,0,0,0,0,
2023-09-24 00:00:00,0,0,0,0,
2023-09-24 01:00:00,0,0,0,0,
2023-09-24 02:00:00,0,0,0,0,
2023-09-24 03:00:00,0,0,0,0,
2023-09-24 04:00:00,0,0,0,0,
2023-09-24 05:00:00,0,0,0,0,
2023-09-24 06:00:00,0.007722223,0,0,0,
2023-09-24 07:00:00,63.04468,75.60712,70.44959,48.97271,
2023-09-24 08:00:00,291.8412,470.6823,496.6758,428.6116,
2023-09-24 09:00:00,540.101,891.5392,924.6163,866.2041,
2023-09-24 10:00:00,753.3549,1225.985,1236.195,1186.617,
2023-09-24 11:00:00,915.1877,1435.932,1436.021,1398.821,
2023-09-24 12:00:00,996.1121,1475.703,1491.861,1452.439,
2023-09-24 13:00:00,934.1997,1187.604,1185.238,1234.55,
2023-09-24 14:00:00,948.66,1364.176,1409.868,1368.016,
2023-09-24 15:00:00,678.3032,991.7401,1005.44,983.3299,
2023-09-24 16:00:00,433.9477,719.1461,701.9772,716.7175,
2023-09-24 17:00:00,228.2655,334.0143,343.1312,366.5382,
2023-09-24 18:00:00,66.18766,52.8134,53.92312,58.47516,
2023-09-24 19:00:00,1.988417,0,0,0,
2023-09-24 20:00:00,0,0,0,0,
2023-09-24 21:00:00,0,0,0,0,
2023-09-24 22:00:00,0,0,0,0,
2023-09-24 23:00:00,0,0,0,0,
2023-09-25 00:00:00,0,0,0,0,
2023-09-25 01:00:00,0,0,0,0,
2023-09-25 02:00:00,0,0,0,0,
2023-09-25 03:00:00,0,0,0,0,
2023-09-25 04:00:00,0,0,0,0,
2023-09-25 05:00:00,0,0,0,0,
2023-09-25 06:00:00,0.03148611,0,0,0,
2023-09-25 07:00:00,27.15748,37.64046,41.85654,35.20367,
2023-09-25 08:00:00,99.42597,176.647,192.6718,175.0786,
2023-09-25 09:00:00,313.0331,519.5883,535.4203,533.5315,
2023-09-25 10:00:00,726.7986,1201.104,1212.059,1145.005,
2023-09-25 11:00:00,891.5664,1401.884,1389.606,1360.022,
2023-09-25 12:00:00,742.0179,1191.51,1162.049,1091.233,
2023-09-25 13:00:00,988.4323,1489.074,1482.964,1455.496,
2023-09-25 14:00:00,866.256,1361.884,1359.328,1326.285,
2023-09-25 15:00:00,433.1237,645.9722,655.5471,704.6419,
2023-09-25 16:00:00,363.5861,543.679,522.6714,518.6585,
2023-09-25 17:00:00,227.1213,331.9125,338.1565,353.3138,
2023-09-25 18:00:00,64.39998,63.70173,63.83619,62.74927,
2023-09-25 19:00:00,1.198303,0,0,0,
2023-09-25 20:00:00,0,0,0,0,
2023-09-25 21:00:00,0,0,0,0,
2023-09-25 22:00:00,0,0,0,0,
2023-09-25 23:00:00,0.02777778,0,0,0,
2023-09-26 00:00:00,0,0,0,0,
2023-09-26 01:00:00,0,0,0,0,
2023-09-26 02:00:00,0,0,0,0,
2023-09-26 03:00:00,0,0,0,0,
2023-09-26 04:00:00,0.02780556,0,0,0,
2023-09-26 05:00:00,0,0,0,0,
2023-09-26 06:00:00,0.04813888,0,0,0,
2023-09-26 07:00:00,29.21189,35.35443,35.36435,38.0815,
2023-09-26 08:00:00,146.2092,249.3116,252.1318,238.8705,
2023-09-26 09:00:00,319.5113,533.5599,524.3894,508.5258,
2023-09-26 10:00:00,490.5182,775.3056,791.9963,797.7359,
2023-09-26 11:00:00,735.7396,1116.368,1172.469,1134.727,
2023-09-26 12:00:00,722.0896,1115.068,1058.743,1011.637,
2023-09-26 13:00:00,563.0338,856.3372,813.0107,851.1248,
2023-09-26 14:00:00,385.3772,649.3217,649.3845,643.4023,
2023-09-26 15:00:00,307.7263,548.136,557.032,540.3094,
2023-09-26 16:00:00,219.2094,360.3009,357.3023,353.0184,
2023-09-26 17:00:00,76.22846,102.0095,103.0612,103.6068,
2023-09-26 18:00:00,12.2988,0,0.7057613,0.7057613,
2023-09-26 19:00:00,0.8614168,0,0,0,
2023-09-26 20:00:00,0,0,0,0,
2023-09-26 21:00:00,0,0,0,0,
2023-09-26 22:00:00,0,0,0,0,
2023-09-26 23:00:00,0,0,0,0,
2023-09-27 00:00:00,0,0,0,0,
2023-09-27 01:00:00,0,0,0,0,
2023-09-27 02:00:00,0,0,0,0,
2023-09-27 03:00:00,0,0,0,0,
2023-09-27 04:00:00,0,0,0,0,
2023-09-27 05:00:00,0,0,0,0,
2023-09-27 06:00:00,0,0,0,0,
2023-09-27 07:00:00,7.205729,4.455233,3.194777,0.3356118,
2023-09-27 08:00:00,85.24095,145.0187,141.2285,136.3,
2023-09-27 09:00:00,143.4157,237.9409,243.6532,234.6884,
2023-09-27 10:00:00,225.0404,384.481,392.1785,378.9514,
2023-09-27 11:00:00,241.8365,423.0989,432.4818,422.6134,
2023-09-27 12:00:00,205.779,348.2691,351.4998,339.4742,
2023-09-27 13:00:00,201.569,337.7383,343.3492,336.8322,
2023-09-27 14:00:00,271.2814,463.8844,464.9883,459.123,
2023-09-27 15:00:00,154.2371,251.1317,254.1652,248.7032,
2023-09-27 16:00:00,84.06559,128.1712,129.3577,117.3874,
2023-09-27 17:00:00,50.72771,61.07291,62.17845,54.76132,
2023-09-27 18:00:00,14.9836,3.802032,5.125247,5.157755,
2023-09-27 19:00:00,0.6210557,0,0,0,
2023-09-27 20:00:00,0,0,0,0,
2023-09-27 21:00:00,0,0,0,0,
2023-09-27 22:00:00,0,0,0,0,
2023-09-27 23:00:00,0,0,0,0,
2023-09-28 00:00:00,0,0,0,0,
2023-09-28 01:00:00,0,0,0,0,
2023-09-28 02:00:00,0,0,0,0,
2023-09-28 03:00:00,0,0,0,0,
2023-09-28 04:00:00,0,0,0,0,
2023-09-28 05:00:00,0,0,0,0,
2023-09-28 06:00:00,0,0,0,0,
2023-09-28 07:00:00,20.382,22.11275,24.936,26.40342,
2023-09-28 08:00:00,222.6807,361.9227,387.2329,356.207,
2023-09-28 09:00:00,508.9155,859.0768,887.5494,842.3718,
2023-09-28 10:00:00,707.8671,1136.681,1165.812,1101.894,
2023-09-28 11:00:00,711.1098,1112.453,1151.068,1074.224,
2023-09-28 12:00:00,591.8384,952.739,959.1011,926.5798,
2023-09-28 13:00:00,427.7209,705.5475,715.774,706.1247,
2023-09-28 14:00:00,739.311,1142.46,1144.631,1093.361,
2023-09-28 15:00:00,590.5589,871.1553,861.377,856.1981,
2023-09-28 16:00:00,522.5765,813.2636,789.5063,794.9203,
2023-09-28 17:00:00,211.4807,317.0135,320.6244,331.9851,
2023-09-28 18:00:00,62.39997,68.68631,71.43407,74.05321,
2023-09-28 19:00:00,2.406949,0,0,0,
2023-09-28 20:00:00,0,0,0,0,
2023-09-28 21:00:00,0,0,0,0,
2023-09-28 22:00:00,0,0,0,0,
2023-09-28 23:00:00,0,0,0,0,
2023-09-29 00:00:00,0,0,0,0,
2023-09-29 01:00:00,0,0,0,0,
2023-09-29 02:00:00,0,0,0,0,
2023-09-29 03:00:00,0,0,0,0,
2023-09-29 04:00:00,0,0,0,0,
2023-09-29 05:00:00,0,0,0,0,
2023-09-29 06:00:00,0,0,0,0,
2023-09-29 07:00:00,8.380262,6.077697,5.633112,6.004862,
2023-09-29 08:00:00,52.92511,81.16193,85.80647,79.3645,
2023-09-29 09:00:00,107.6143,184.7348,186.5659,181.5758,
2023-09-29 10:00:00,153.8689,256.2411,259.1216,254.0259,
2023-09-29 11:00:00,213.6247,367.9392,368.9387,359.0215,
2023-09-29 12:00:00,347.9308,570.585,577.3641,563.8477,
2023-09-29 13:00:00,277.6781,463.8975,467.9101,459.5283,
2023-09-29 14:00:00,259.2573,433.0025,432.2255,423.6426,
2023-09-29 15:00:00,203.6255,336.4316,334.8797,331.775,
2023-09-29 16:00:00,218.9335,355.1682,353.967,356.3122,
2023-09-29 17:00:00,120.1218,178.8451,176.1921,174.0925,
2023-09-29 18:00:00,23.97652,20.54885,22.46326,18.06535,
2023-09-29 19:00:00,0.371736,0,0,0,
2023-09-29 20:00:00,0,0,0,0,
2023-09-29 21:00:00,0,0,0,0,
2023-09-29 22:00:00,0,0,0,0,
2023-09-29 23:00:00,0,0,0,0,
2023-09-30 00:00:00,0,0,0,0,
2023-09-30 01:00:00,0,0,0,0,
2023-09-30 02:00:00,0,0,0,0,
2023-09-30 03:00:00,0,0,0,0,
2023-09-30 04:00:00,0,0,0,0,
2023-09-30 05:00:00,0,0,0,0,
2023-09-30 06:00:00,0,0,0,0,
2023-09-30 07:00:00,22.95581,37.45495,40.10674,30.56552,
2023-09-30 08:00:00,98.36481,160.8319,164.9373,154.2491,
2023-09-30 09:00:00,151.5758,259.6268,263.0284,257.1089,
2023-09-30 10:00:00,215.8077,364.4048,364.1353,357.2916,
2023-09-30 11:00:00,426.3716,778.0671,746.5812,696.4169,
2023-09-30 12:00:00,360.7444,595.6693,593.5215,572.4429,
2023-09-30 13:00:00,356.9184,597.6049,598.8414,586.0602,
2023-09-30 14:00:00,533.6147,898.6253,934.7943,892.8572,
2023-09-30 15:00:00,440.9902,660.5387,721.428,752.0918,
2023-09-30 16:00:00,288.143,432.0048,440.5617,470.9902,
2023-09-30 17:00:00,154.9739,204.383,215.5883,239.4814,
2023-09-30 18:00:00,17.63817,11.95102,9.497183,11.68257,
2023-09-30 19:00:00,0.5924584,0,0,0,
2023-09-30 20:00:00,0,0,0,0,
2023-09-30 21:00:00,0,0,0,0,
2023-09-30 22:00:00,0,0,0,0,
2023-09-30 23:00:00,0,0,0,0,
