Gauss Solar,Unnamed: 1,Unnamed: 2,Unnamed: 3,Unnamed: 4,Unnamed: 5
,,,,,
Timestamp,POA*,"Schneider SmartGen CS1800 Inverter - 1.1, Active Power","Schneider SmartGen CS1800 Inverter - 1.2, Active Power","Schneider SmartGen CS1800 Inverter - 2.1, Active Power",Production meter active power
,W/mÂ²,kW,kW,kW,kW
2023-09-01 00:00:00,0,-0.0003692977,-0.008461545,0.001296636,-7.659785
2023-09-01 01:00:00,0,-0.002099559,-0.008829816,0.007526704,-7.555648
2023-09-01 02:00:00,0,-0.007266282,-0.01971194,-0.003950005,-7.632558
2023-09-01 03:00:00,0,0.008454766,0.0006593513,-0.001712609,-7.677699
2023-09-01 04:00:00,0,-0.00428014,-9.86785e-05,-0.002910965,-7.681841
2023-09-01 05:00:00,0,-0.01044719,-0.01180546,-0.00118381,-7.63556
2023-09-01 06:00:00,2.471799,-0.001524212,-0.01515911,-0.006031221,-7.571322
2023-09-01 07:00:00,95.3406,114.5257,119.1911,-0.01093478,230.7323
2023-09-01 08:00:00,326.0313,537.9304,556.4866,0.0007236772,1085.723
2023-09-01 09:00:00,570.9714,1017.373,1053.151,-0.0002237355,2051.045
2023-09-01 10:00:00,803.9913,1400.545,1452.812,0.004755958,2820.08
2023-09-01 11:00:00,936.7485,1593.259,1628.149,0.001331212,3138.792
2023-09-01 12:00:00,950.2847,1461.513,1495.353,-0.00296305,2883.615
2023-09-01 13:00:00,1077.988,1651.046,1660.184,0.01440261,3252.923
2023-09-01 14:00:00,1006.048,1653.26,1666.124,0.02423188,3261.906
2023-09-01 15:00:00,852.406,1471.267,1512.604,0.02673761,2946.021
2023-09-01 16:00:00,654.5295,1134.627,1170.318,0.005483111,2276.196
2023-09-01 17:00:00,408.6283,691.0081,711.1545,0.007983096,1386.41
2023-09-01 18:00:00,160.4184,230.3774,221.9314,-0.01255612,446.707
2023-09-01 19:00:00,6.980661,12.87735,12.28777,0.01530422,22.61106
2023-09-01 20:00:00,0,-0.01999545,0.008762923,0.008872937,-7.554941
2023-09-01 21:00:00,0,-0.01352825,-0.007950055,-0.00690291,-7.655413
2023-09-01 22:00:00,0,-0.006680319,-0.01637301,0.003932377,-7.698489
2023-09-01 23:00:00,0,-0.000110085,-0.01106149,-0.01744311,-7.559493
2023-09-02 00:00:00,0,-0.002048593,-0.01295051,-0.001488193,-7.620643
2023-09-02 01:00:00,0,-0.004039941,-0.01134759,-0.004129849,-7.579162
2023-09-02 02:00:00,0,-0.009767387,-0.01641932,-0.002568019,-7.677433
2023-09-02 03:00:00,0,-0.0030097,-2.57115e-05,0.009264817,-7.690488
2023-09-02 04:00:00,0,-0.0150433,0.01064161,0.01183611,-7.713132
2023-09-02 05:00:00,0,-0.006021497,0.008972176,-0.001747636,-7.645967
2023-09-02 06:00:00,2.681762,-0.01578961,-0.00824412,-0.006493704,-7.688566
2023-09-02 07:00:00,97.3693,134.8883,140.375,0.004021627,271.8642
2023-09-02 08:00:00,315.6695,514.9524,538.1621,0.002383655,1058.772
2023-09-02 09:00:00,556.7085,993.6445,1026.61,0.01313454,1995.234
2023-09-02 10:00:00,793.551,1378.457,1425.452,-0.000406301,2773.428
2023-09-02 11:00:00,956.0048,1623.639,1650.28,0.01094635,3231.514
2023-09-02 12:00:00,1050.392,1666.257,1653.331,-0.001642352,3269.14
2023-09-02 13:00:00,1061.136,1666.662,1666.661,-0.0002069809,3285.631
2023-09-02 14:00:00,995.3201,1639.57,1663.74,0.004074224,3254.407
2023-09-02 15:00:00,855.2424,1445.436,1489.149,-0.006178598,2891.925
2023-09-02 16:00:00,652.2374,1111.562,1146.486,-0.008962225,2228.1
2023-09-02 17:00:00,406.8192,681.0495,700.7134,0.005028464,1366.113
2023-09-02 18:00:00,156.403,224.2576,215.432,0.0007814253,434.0161
2023-09-02 19:00:00,5.947831,12.15273,11.57472,0.003436409,20.94858
2023-09-02 20:00:00,0,-0.02086842,-0.008248153,0.006492237,-7.538208
2023-09-02 21:00:00,0,-0.02450491,-0.003232433,0.002356001,-7.643653
2023-09-02 22:00:00,0,-0.01897519,-0.005937509,0.007123688,-7.632005
2023-09-02 23:00:00,0,-0.00573522,-0.006864432,0.006445856,-7.536423
2023-09-03 00:00:00,0,-0.002744646,-0.003435668,-0.007700637,-7.666376
2023-09-03 01:00:00,0,-0.01488507,-0.00134752,0.007646034,-7.667767
2023-09-03 02:00:00,0,-0.00810455,0.004750068,-0.003031234,-7.637957
2023-09-03 03:00:00,0,0.002150284,-0.01067494,0.0006481352,-7.643197
2023-09-03 04:00:00,0,-0.009476476,-0.008656042,-0.004780667,-7.677523
2023-09-03 05:00:00,0,-0.01677106,-0.01639876,0.00501086,-7.706732
2023-09-03 06:00:00,1.885744,-0.02240877,-0.0007432095,-0.003857857,-7.661558
2023-09-03 07:00:00,81.2065,105.0056,109.4125,-0.0009728632,211.6661
2023-09-03 08:00:00,301.0757,417.85,407.6995,-0.002033129,818.1606
2023-09-03 09:00:00,452.9228,752.9548,773.4553,-0.007782562,1511.964
2023-09-03 10:00:00,,,,,
2023-09-03 11:00:00,915.65,1374.947,1420.822,-0.004297179,2759.475
2023-09-03 12:00:00,1008.127,1637.08,1666.274,-0.01408042,3253.463
2023-09-03 13:00:00,1022.098,1639.891,1666.37,0.003640991,3254.769
2023-09-03 14:00:00,959.3157,1554.194,1602.294,-0.005793402,3107.214
2023-09-03 15:00:00,819.8527,1354.823,1397.49,0.01773564,2710.395
2023-09-03 16:00:00,617.8331,1037.639,1069.413,0.002513313,2075.779
2023-09-03 17:00:00,381.5349,626.3604,645.4658,-0.00032186,1252.174
2023-09-03 18:00:00,,,,,
2023-09-03 19:00:00,,,,,
2023-09-03 20:00:00,,,,,
2023-09-03 21:00:00,,,,,
2023-09-03 22:00:00,0,0.0004503006,0.009036938,0.01815484,-7.568568
2023-09-03 23:00:00,0,0.00265985,-0.004990277,-0.007803097,-7.516661
2023-09-04 00:00:00,0,-0.01821693,0.003348911,-0.008621282,-7.450587
2023-09-04 01:00:00,0,-0.0174513,-0.008021464,-0.008500006,-7.446156
2023-09-04 02:00:00,0,-0.02506389,0.002124705,0.005518438,-7.392789
2023-09-04 03:00:00,0,-0.0007989677,-0.002898258,0.008057603,-7.426494
2023-09-04 04:00:00,0,-0.01064853,-0.005113105,0.01531419,-7.419872
2023-09-04 05:00:00,0,-0.002298371,-0.001709284,7.85595e-05,-7.467157
2023-09-04 06:00:00,1.699226,0.001572578,-0.001865753,0.01141466,-7.516039
2023-09-04 07:00:00,77.45103,98.72615,58.43438,-0.008154433,152.7048
2023-09-04 08:00:00,278.9982,465.4005,482.2773,-0.003470442,940.6167
2023-09-04 09:00:00,518.2031,894.4486,926.1731,-0.002118671,1803.356
2023-09-04 10:00:00,730.1531,1250.614,1292.468,0.002574965,2512.597
2023-09-04 11:00:00,887.0427,1485.242,1537.637,0.005989742,2978.054
2023-09-04 12:00:00,975.158,1589.715,1641.464,-0.004916931,3181.626
2023-09-04 13:00:00,995.101,1592.22,1636.949,0.001733505,3178.266
2023-09-04 14:00:00,936.6094,1477.766,1591.985,-0.008303558,3020.467
2023-09-04 15:00:00,733.6917,1191.807,1255.38,0.0004245398,2389.859
2023-09-04 16:00:00,595.2526,991.5258,1019.678,-0.002035517,1980.654
2023-09-04 17:00:00,379.5703,617.0961,635.431,-0.00387921,1231.807
2023-09-04 18:00:00,134.6475,194.823,188.876,0.01002607,371.9849
2023-09-04 19:00:00,7.040386,12.39935,12.47056,-0.002141693,20.94392
2023-09-04 20:00:00,0,0.006795383,0.007514379,-0.007161451,-7.530472
2023-09-04 21:00:00,0,0.00437968,-0.005607821,0.003939734,-7.597919
2023-09-04 22:00:00,0,0.0008356585,-0.004832348,0.01714095,-7.634044
2023-09-04 23:00:00,0,0.001675565,0.008261792,-0.0007691743,-7.57951
2023-09-05 00:00:00,0,-0.002144179,0.01415913,-0.003683618,-7.580593
2023-09-05 01:00:00,0,0.009959776,-0.008299424,-0.00114071,-7.54847
2023-09-05 02:00:00,0,-0.006527638,0.00154263,0.008024109,-7.580741
2023-09-05 03:00:00,0,-0.007968862,-0.008714337,0.002101103,-7.50912
2023-09-05 04:00:00,0,-0.02306449,-0.006398452,-0.001805844,-7.373854
2023-09-05 05:00:00,0,0.005392314,-0.01381599,0.007897144,-7.267982
2023-09-05 06:00:00,1.625404,-6.118375e-05,-0.01185077,0.006589159,-7.494425
2023-09-05 07:00:00,76.79849,94.61985,101.9639,0.009174527,192.8941
2023-09-05 08:00:00,280.0998,453.8367,399.2318,0.005056434,845.193
2023-09-05 09:00:00,526.8934,911.7017,943.9494,0.001650132,1837.726
2023-09-05 10:00:00,739.8832,1274.138,1314.608,-0.0007166115,2555.553
2023-09-05 11:00:00,894.674,1500.519,1546.535,0.003470942,3001.748
2023-09-05 12:00:00,983.3248,1602.109,1652.258,0.008739018,3203.3
2023-09-05 13:00:00,998.6716,1590.767,1642.028,0.0005331247,3181.116
2023-09-05 14:00:00,937.7209,1507.054,1575.807,-0.0009179467,3037.622
2023-09-05 15:00:00,769.8569,1261.863,1353.335,-0.006289587,2580.861
2023-09-05 16:00:00,477.6485,803.8122,830.5997,-0.008534418,1608.552
2023-09-05 17:00:00,359.002,586.0619,602.2237,0.005565554,1168.689
2023-09-05 18:00:00,129.1963,186.2299,181.0058,0.003575899,355.6893
2023-09-05 19:00:00,6.490003,11.48,11.55308,0.003275922,18.76337
2023-09-05 20:00:00,0,-0.001695939,-0.02764565,0.004314911,-7.527926
2023-09-05 21:00:00,0,-0.006573956,0.005348982,-0.002881029,-7.432047
2023-09-05 22:00:00,0,-0.008198668,-0.01404416,0.0001157088,-7.553157
2023-09-05 23:00:00,0,-0.003418337,-0.009772135,0.01615928,-7.632176
2023-09-06 00:00:00,0,-0.01865761,0.007844237,0.000532301,-7.559652
2023-09-06 01:00:00,0,-0.002989118,5.861025e-05,0.01505876,-7.600979
2023-09-06 02:00:00,0,-0.01701255,0.004487294,0.005833839,-7.593897
2023-09-06 03:00:00,0,-0.01057407,-0.004804727,-0.01001427,-7.534195
2023-09-06 04:00:00,0,-0.02158147,-0.009239018,0.008515718,-7.495756
2023-09-06 05:00:00,0,0.01725019,-0.01471279,-0.01339379,-7.458458
2023-09-06 06:00:00,1.550496,-0.01329712,0.004535181,-0.001482371,-7.379528
2023-09-06 07:00:00,76.06427,92.27098,97.09649,-0.005129309,185.6833
2023-09-06 08:00:00,276.7409,392.6974,408.9321,-0.004922761,793.9688
2023-09-06 09:00:00,525.6572,893.6683,932.4452,-0.007002554,1808.6
2023-09-06 10:00:00,723.4813,1206.314,1260.307,0.002711091,2434.239
2023-09-06 11:00:00,885.1445,1436.157,1496.649,0.000163159,2889.551
2023-09-06 12:00:00,993.7667,1558,1618.707,0.003855467,3126.39
2023-09-06 13:00:00,1010.611,1516.624,1595.259,0.0009071127,3081.669
2023-09-06 14:00:00,883.9073,1376.109,1422.269,0.002650674,2734.456
2023-09-06 15:00:00,769.0874,1237.665,1276.123,0.008115534,2459.221
2023-09-06 16:00:00,427.995,703.1558,694.8157,-0.009901834,1413.753
2023-09-06 17:00:00,334.9898,525.7699,555.9256,-0.002210468,1067.844
2023-09-06 18:00:00,122.2587,172.1331,168.9453,0.001702727,330.2368
2023-09-06 19:00:00,5.036406,7.5123,7.914487,0.01028132,10.82994
2023-09-06 20:00:00,0,-0.004649681,-0.0001540387,-0.001527072,-7.348386
2023-09-06 21:00:00,0,-0.003394531,-0.009802686,-0.000748987,-7.429544
2023-09-06 22:00:00,0,-0.005381452,-0.006837083,0.005137513,-7.525393
2023-09-06 23:00:00,0,-0.006562238,0.007248293,0.006149982,-7.534439
2023-09-07 00:00:00,0,0.002056186,-0.001272197,0.000501145,-7.445974
2023-09-07 01:00:00,0,-0.01212904,-0.00238622,-0.01130881,-7.470957
2023-09-07 02:00:00,0,-0.02121018,0.0008460553,-0.00941553,-7.490862
2023-09-07 03:00:00,0,-0.008012444,0.005035486,0.006256303,-7.525249
2023-09-07 04:00:00,3.72877,0.00518063,-0.01292672,-0.001830475,-7.533041
2023-09-07 05:00:00,,,,,
2023-09-07 06:00:00,,,,,
2023-09-07 07:00:00,,,,,
2023-09-07 08:00:00,307.2982,467.3045,488.1856,0.008534755,947.4152
2023-09-07 09:00:00,511.8492,861.0925,898.1069,-0.002770241,1741.986
2023-09-07 10:00:00,719.0162,1193.049,1243.198,-0.006496985,2404.104
2023-09-07 11:00:00,878.8245,1428.826,1486.71,0.01055765,2872.398
2023-09-07 12:00:00,782.8259,1270.51,1285.739,-0.01113022,2489.667
2023-09-07 13:00:00,910.6202,1405.663,1430.71,0.009885238,2781.595
2023-09-07 14:00:00,792.5803,1240.965,1277.559,0.00906485,2504.41
2023-09-07 15:00:00,641.6992,1034.818,1077.88,-0.006022489,2077.181
2023-09-07 16:00:00,550.3198,908.3638,939.4448,-0.008205073,1813.701
2023-09-07 17:00:00,339.5703,542.4734,563.5489,-0.01288285,1086.565
2023-09-07 18:00:00,93.25603,134.1023,132.5829,0.002521734,257.2797
2023-09-07 19:00:00,1.560004,0.4020568,0.7668953,0.001790618,-3.394798
2023-09-07 20:00:00,0,-0.008917462,-0.01047169,-0.0007281718,-7.444554
2023-09-07 21:00:00,0,-0.006776613,-0.0006968977,-0.006258837,-7.501775
2023-09-07 22:00:00,0,0.003277737,0.006400736,-0.002730598,-7.434235
2023-09-07 23:00:00,0,-0.01491174,-0.009944962,0.002839312,-7.52163
2023-09-08 00:00:00,0,-0.002420461,-0.001174391,-0.01155259,-7.61817
2023-09-08 01:00:00,0,-0.004899273,-0.0004286658,-0.003102663,-7.572122
2023-09-08 02:00:00,0,0.001207627,-0.01520301,0.001511039,-7.40472
2023-09-08 03:00:00,0,-0.004838075,-0.01201871,0.0002008971,-7.44382
2023-09-08 04:00:00,0,-0.007502106,0.005107214,0.005897261,-7.482413
2023-09-08 05:00:00,0,-0.01318182,0.01678247,0.007071795,-7.402184
2023-09-08 06:00:00,0.8651764,-0.002133474,-0.007844578,-0.006325621,-7.300257
2023-09-08 07:00:00,46.70612,64.88933,65.97891,-0.009192808,127.4248
2023-09-08 08:00:00,133.4182,216.1153,219.182,-0.002717134,431.4693
2023-09-08 09:00:00,305.9442,534.2888,590.5349,0.008192124,1111.27
2023-09-08 10:00:00,743.4174,1228.491,1288.551,0.0007808377,2487.857
2023-09-08 11:00:00,905.7628,1495.284,1543.448,-0.01415842,2994.229
2023-09-08 12:00:00,998.5743,1004.894,1038.567,0.03035319,2007.914
2023-09-08 13:00:00,1011.396,1621.257,1660.131,0.00295289,3230.675
2023-09-08 14:00:00,975.7897,1525.452,1592.102,0.001829896,3053.441
2023-09-08 15:00:00,711.6046,1134.947,1228.542,0.005893018,2319.446
2023-09-08 16:00:00,573.1203,946.1275,968.0646,-0.006246353,1882.365
2023-09-08 17:00:00,136.0762,223.4503,229.4982,0.005083065,442.2301
2023-09-08 18:00:00,1.307614,-2.417742,-2.158071,-0.001459126,-6.211993
2023-09-08 19:00:00,0.1435738,-0.01978094,-0.006071156,-0.0006216977,-7.530431
2023-09-08 20:00:00,0,-0.007851997,0.000708601,0.000578586,-7.559511
2023-09-08 21:00:00,0,-0.01194026,-0.004588068,0.01834425,-7.616561
2023-09-08 22:00:00,0,-0.01060341,0.002978296,0.01472322,-7.622529
2023-09-08 23:00:00,0,-0.01202867,-0.006966665,0.02294369,-7.678553
2023-09-09 00:00:00,0,-0.0005786225,0.005458088,0.0006173888,-7.68135
2023-09-09 01:00:00,0,-0.001087494,-0.01212413,-0.001702595,-7.614244
2023-09-09 02:00:00,0,-0.00404734,0.001130102,-0.0007328123,-7.604455
2023-09-09 03:00:00,0,0.00545488,-0.002044804,0.009238206,-7.526021
2023-09-09 04:00:00,0,-0.02093959,-0.002115429,-0.0001460185,-7.4795
2023-09-09 05:00:00,0,-0.007802098,0.000428993,0.004170608,-7.494913
2023-09-09 06:00:00,1.007051,0.000105233,-0.007533625,-0.02646928,-7.442939
2023-09-09 07:00:00,28.97386,30.91531,32.14551,-0.00172282,58.90597
2023-09-09 08:00:00,106.1239,173.2358,176.8186,-0.006819001,343.3345
2023-09-09 09:00:00,205.1761,345.5347,357.3976,0.003660277,697.7529
2023-09-09 10:00:00,644.4861,1037.907,1096.827,0.01197771,2096.917
2023-09-09 11:00:00,557.3441,863.1149,907.5071,0.01176261,1749.248
2023-09-09 12:00:00,73.18233,93.7811,96.53947,-0.002158095,185.3698
2023-09-09 13:00:00,101.4494,183.2012,189.3862,0.01105311,368.5904
2023-09-09 14:00:00,166.825,289.0683,301.4621,0.005090224,584.868
2023-09-09 15:00:00,67.67335,105.5691,76.0693,0.01154361,178.2684
2023-09-09 16:00:00,244.3914,406.3106,301.7761,0.006074461,696.3819
2023-09-09 17:00:00,75.45522,119.7133,111.6119,0.004947367,227.8452
2023-09-09 18:00:00,34.66641,55.15121,57.64943,0.01365728,111.2556
2023-09-09 19:00:00,2.237402,2.768174,3.08337,-0.006750914,0.6678603
2023-09-09 20:00:00,0,-0.008206182,-0.00549651,0.002700735,-7.477255
2023-09-09 21:00:00,0,-0.004263662,0.009260418,-0.008602931,-7.362396
2023-09-09 22:00:00,0,-0.0113973,0.008870128,0.00589483,-7.457293
2023-09-09 23:00:00,0,-0.003209196,-0.01105454,-0.0001679318,-7.539858
2023-09-10 00:00:00,0,-0.0163164,0.001400371,-0.0003814758,-7.561074
2023-09-10 01:00:00,0,-0.01338357,-0.008328799,0.01014929,-7.621496
2023-09-10 02:00:00,0,-0.007599854,-0.004432349,0.01007107,-7.615198
2023-09-10 03:00:00,0,-0.01026328,-0.001232167,-0.009196114,-7.529497
2023-09-10 04:00:00,0,-0.01370374,-0.0171474,-0.01175828,-7.57885
2023-09-10 05:00:00,0,0.005973465,-0.005855639,0.001334501,-7.672934
2023-09-10 06:00:00,0.3910435,0.01087678,-0.01444882,-0.009901811,-7.62904
2023-09-10 07:00:00,43.48004,51.12518,55.4152,-0.001775185,102.1078
2023-09-10 08:00:00,251.4553,365.7252,391.9271,0.001494193,752.7076
2023-09-10 09:00:00,474.3585,807.9704,790.2651,0.002637793,1579.991
2023-09-10 10:00:00,538.681,844.0128,828.9854,0.01262632,1652.58
2023-09-10 11:00:00,735.4407,1176.231,1200.671,-0.003905358,2339.632
2023-09-10 12:00:00,537.0116,851.4592,759.0822,0.002398861,1579.883
2023-09-10 13:00:00,745.4965,1129.944,1159.299,-0.007256448,2303.27
2023-09-10 14:00:00,964.5192,1493.484,1505.095,0.008137668,2967.586
2023-09-10 15:00:00,809.1178,1332.962,1373.642,-0.0008794617,2665.948
2023-09-10 16:00:00,576.4587,955.5901,986.2184,0.007679635,1914.706
2023-09-10 17:00:00,292.1671,477.7419,509.1699,0.006041318,975.3766
2023-09-10 18:00:00,111.9473,159.7464,151.9669,0.005259255,306.3693
2023-09-10 19:00:00,1.711601,3.083699,3.126285,0.004398473,1.598792
2023-09-10 20:00:00,0,-0.008102041,-0.008532127,-0.005659827,-7.362834
2023-09-10 21:00:00,0,-0.01227152,-0.007374635,-0.0007376143,-7.387467
2023-09-10 22:00:00,0,-0.00963149,-0.008568941,-0.0004277293,-7.460067
2023-09-10 23:00:00,0,-0.0003059877,-0.002812904,0.001541546,-7.516687
2023-09-11 00:00:00,0,0.005227392,-1.341725e-05,-0.007188778,-7.597783
2023-09-11 01:00:00,0,-0.003234909,-0.00905403,-0.004854559,-7.511754
2023-09-11 02:00:00,0,0.002739875,-0.01577876,-0.003632095,-7.61631
2023-09-11 03:00:00,0,-0.01025685,-0.01898384,0.009506104,-7.661419
2023-09-11 04:00:00,0,-0.0160613,-0.00671947,0.003336202,-7.434327
2023-09-11 05:00:00,0,-0.001672092,-0.006927604,0.01356686,-7.317719
2023-09-11 06:00:00,0.7398803,0.006012315,0.004086731,0.002886338,-7.352636
2023-09-11 07:00:00,57.55267,72.98076,79.71912,0.01144109,149.0822
2023-09-11 08:00:00,287.3134,440.3387,470.671,-0.001688726,905.0379
2023-09-11 09:00:00,539.3586,892.9823,928.9427,0.007174615,1810.74
2023-09-11 10:00:00,618.316,976.5008,1062.55,0.01057911,2019.609
2023-09-11 11:00:00,871.3379,1240.395,1268.73,-0.006410541,2488.78
2023-09-11 12:00:00,855.2427,1396.601,1431.838,-0.00305763,2818.487
2023-09-11 13:00:00,1045.238,1625.75,1582.402,-0.01391719,3134.878
2023-09-11 14:00:00,715.3468,1093.075,1133.837,0.00841463,2202.828
2023-09-11 15:00:00,740.9502,1213.95,1287.341,0.01187514,2467.072
2023-09-11 16:00:00,611.5813,1034.686,1064.766,-0.006601145,2069.398
2023-09-11 17:00:00,362.2399,599.1981,611.6697,-0.01176925,1196.591
2023-09-11 18:00:00,121.2059,167.9554,154.694,0.003102475,318.1554
2023-09-11 19:00:00,1.642113,3.81228,3.620926,0.00404525,3.494973
2023-09-11 20:00:00,0,0.000439723,-0.01792216,0.002768408,-7.58286
2023-09-11 21:00:00,0,0.001417907,0.00258708,-0.00406825,-7.5323
2023-09-11 22:00:00,0,-0.007469827,0.000346361,0.001831985,-7.575999
2023-09-11 23:00:00,0,0.01019636,-0.01109538,0.005367901,-7.545406
2023-09-12 00:00:00,0,-0.003068852,-0.003049788,-0.005530106,-7.606006
2023-09-12 01:00:00,0,0.004648427,0.001964496,0.005980781,-7.552611
2023-09-12 02:00:00,0,-0.01264153,-0.004451803,-0.003266126,-7.598084
2023-09-12 03:00:00,0,-0.004070706,-0.0006107703,-0.00305256,-7.643715
2023-09-12 04:00:00,0,0.000980667,0.001023468,-0.005616017,-7.647824
2023-09-12 05:00:00,0,0.007475914,0.00221644,0.003043241,-7.556564
2023-09-12 06:00:00,0.7479552,0.001919129,0.003846948,-0.001552921,-7.451321
2023-09-12 07:00:00,76.29009,90.4498,94.50269,-0.01204398,181.5632
2023-09-12 08:00:00,283.2471,472.3799,493.6398,0.002592489,958.7957
2023-09-12 09:00:00,442.4587,705.0873,736.3456,0.04795049,1430.12
2023-09-12 10:00:00,,,,,
2023-09-12 11:00:00,,,,,
2023-09-12 12:00:00,850.6292,997.3985,980.3303,-0.008550818,1955.647
2023-09-12 13:00:00,566.7432,940.243,925.575,0.00633909,1837.601
2023-09-12 14:00:00,588.9485,969.811,1007.393,0.0002142622,1935.056
2023-09-12 15:00:00,181.5427,293.4426,311.7468,-0.002653,596.8953
2023-09-12 16:00:00,574.7543,961.9623,992.8558,0.01152316,1931.418
2023-09-12 17:00:00,360.5236,589.7693,599.0815,0.01860271,1165.982
2023-09-12 18:00:00,52.85845,78.87772,80.21517,0.008083627,156.2294
2023-09-12 19:00:00,0.9976449,1.260811,1.463026,-0.005972464,-2.604805
2023-09-12 20:00:00,0,-0.01020307,0.006869868,0.001900296,-7.459853
2023-09-12 21:00:00,0,-0.001159952,-0.01102105,-0.006137663,-7.375521
2023-09-12 22:00:00,0,-0.01371971,0.009199951,-0.003454835,-7.593061
2023-09-12 23:00:00,0,-0.01136323,0.001084182,0.002795652,-7.471158
2023-09-13 00:00:00,0,-0.0135509,-0.00400816,0.002223287,-7.531174
2023-09-13 01:00:00,0,-0.003774066,-0.0006990352,0.005029331,-7.56512
2023-09-13 02:00:00,0,-0.0008028295,0.002585414,-0.003468849,-7.563549
2023-09-13 03:00:00,0,-0.008088025,-0.01683146,-0.01361693,-7.438758
2023-09-13 04:00:00,0,-0.000347679,-0.003151153,-0.005273877,-7.436708
2023-09-13 05:00:00,0,-0.002870767,-0.008002146,0.01294234,-7.371473
2023-09-13 06:00:00,0.08567634,-0.01740459,0.01437336,-0.01515085,-7.255259
2023-09-13 07:00:00,25.88383,21.69679,23.40291,0.006613018,40.03954
2023-09-13 08:00:00,176.2336,289.2357,306.3473,0.006907131,594.6317
2023-09-13 09:00:00,258.7495,422.8614,435.8782,0.0190746,847.6082
2023-09-13 10:00:00,474.099,832.2083,729.6135,0.001749925,1540.478
2023-09-13 11:00:00,761.8996,1099.409,1188.63,-0.03373256,2244.45
2023-09-13 12:00:00,892.1635,1293.68,1260.948,-0.005351705,2537.285
2023-09-13 13:00:00,927.1992,1521.005,1479.352,280.8914,3219.489
2023-09-13 14:00:00,828.5085,1352.552,1388.674,187.4859,2899.709
2023-09-13 15:00:00,529.6497,862.0135,925.3799,796.2635,2543.845
2023-09-13 16:00:00,388.5185,655.9328,672.3333,606.6025,1888.303
2023-09-13 17:00:00,125.8027,199.2292,206.2021,181.0786,583.5343
2023-09-13 18:00:00,47.86874,70.6321,72.23645,63.54051,207.0753
2023-09-13 19:00:00,1.442142,3.078665,3.376966,2.297493,4.787865
2023-09-13 20:00:00,0,-0.0001601472,0.004278277,0.004595657,-7.935325
2023-09-13 21:00:00,0,-0.0118585,-0.006190153,0.0116291,-7.931952
2023-09-13 22:00:00,0,-0.001506153,0.002003781,-0.002051804,-7.797467
2023-09-13 23:00:00,0,-0.01359439,-0.01351712,-0.005846126,-7.859549
2023-09-14 00:00:00,0,-0.005662841,0.005962166,0.004730416,-7.839204
2023-09-14 01:00:00,0,-0.008638997,-0.00047151,-0.004454554,-7.896208
2023-09-14 02:00:00,0,-0.02544064,-0.008459901,0.008475549,-7.94155
2023-09-14 03:00:00,0,0.005033609,0.008682806,0.002925463,-7.826941
2023-09-14 04:00:00,0,-0.006480481,0.009333647,-0.003120774,-7.827856
2023-09-14 05:00:00,0,0.000189594,-0.003677366,0.01328155,-7.752048
2023-09-14 06:00:00,0.203098,-0.01477829,-0.01035643,0.004256137,-7.610356
2023-09-14 07:00:00,69.82114,88.04475,91.55687,31.99293,207.1775
2023-09-14 08:00:00,286.7598,467.3245,482.3498,426.051,1368.099
2023-09-14 09:00:00,526.2241,908.4321,946.2719,838.7881,2663.175
2023-09-14 10:00:00,753.9258,1312.597,1352.427,1213.036,3836.114
2023-09-14 11:00:00,916.0646,1568.365,1611.23,1449.403,4568.893
2023-09-14 12:00:00,1034.281,1659.82,1666.677,1591.281,4841.493
2023-09-14 13:00:00,1050.65,1613.144,1666.568,1561.584,4790.354
2023-09-14 14:00:00,919.534,1498.869,1527.531,1423.634,4379.516
2023-09-14 15:00:00,700.0879,1222.809,1241.797,1137.14,3523.477
2023-09-14 16:00:00,499.858,844.0743,837.2437,748.077,2431.315
2023-09-14 17:00:00,271.1348,460.189,464.2213,436.695,1338.328
2023-09-14 18:00:00,119.0398,166.2246,157.2079,152.2944,472.9262
2023-09-14 19:00:00,2.479791,3.743809,3.776219,3.13307,7.074
2023-09-14 20:00:00,0,-0.009178205,-0.004176939,0.00427203,-7.64504
2023-09-14 21:00:00,0,-0.008380252,-0.009970629,-0.0003370685,-7.60541
2023-09-14 22:00:00,0,6.20725e-06,-0.006021326,0.007271338,-7.578969
2023-09-14 23:00:00,0,-0.01896357,0.001684345,0.009174028,-7.624711
2023-09-15 00:00:00,0,-0.01608867,0.005630386,-0.003934481,-7.588046
2023-09-15 01:00:00,0,0.0009310193,-0.0006556715,0.002714738,-7.627371
2023-09-15 02:00:00,0,-0.006188957,0.003485596,-0.02104577,-7.681408
2023-09-15 03:00:00,0,-0.01187613,0.003284685,-0.0112996,-7.687041
2023-09-15 04:00:00,0,0.00397656,0.007540455,0.008305485,-7.69984
2023-09-15 05:00:00,0,-0.0008966767,0.007794527,-0.003046584,-7.625225
2023-09-15 06:00:00,0.1920596,-0.009898413,-0.01286559,-0.000768385,-7.509143
2023-09-15 07:00:00,80.43997,96.12218,100.0107,87.44731,282.3614
2023-09-15 08:00:00,319.2991,519.6693,538.8169,477.8415,1530.483
2023-09-15 09:00:00,577.9598,1013.266,1052.739,939.6938,2980.535
2023-09-15 10:00:00,805.7553,1410.61,1466.5,1315.405,4146.466
2023-09-15 11:00:00,971.2779,1647.668,1664.056,1565.41,4814.771
2023-09-15 12:00:00,1062.173,1666.665,1666.689,1664.171,4930.36
2023-09-15 13:00:00,1064.64,1666.66,1666.701,1662.774,4927.571
2023-09-15 14:00:00,986.4858,1643.117,1662.812,1558.119,4797.927
2023-09-15 15:00:00,839.5571,1438.932,1491.901,1343.756,4220.069
2023-09-15 16:00:00,623.9432,1075.993,1115.224,1003.547,3159.628
2023-09-15 17:00:00,367.9087,616.15,631.2866,572.3253,1803.98
2023-09-15 18:00:00,116.7618,161.2187,146.008,147.1501,452.325
2023-09-15 19:00:00,0.8315697,2.435424,2.418097,1.800078,3.65231
2023-09-15 20:00:00,0,0.001758023,-0.008467483,0.008385829,-7.524467
2023-09-15 21:00:00,0,0.01139804,-0.009587771,0.001410521,-7.608871
2023-09-15 22:00:00,0,-0.004262323,-0.009856332,-0.009953049,-7.700219
2023-09-15 23:00:00,0,-0.01340359,-0.002282858,-0.005029508,-7.717376
2023-09-16 00:00:00,0,0.0001495905,-0.01703186,-0.014099,-7.726799
2023-09-16 01:00:00,0,-0.02129318,0.01114758,-0.0006920773,-7.719762
2023-09-16 02:00:00,0,0.0007159005,0.02565206,-0.006472015,-7.705791
2023-09-16 03:00:00,0,-0.002776784,-0.001038922,-0.002191966,-7.420835
2023-09-16 04:00:00,0,-0.007661292,-0.00409216,0.006789342,-7.413129
2023-09-16 05:00:00,0,-0.004880644,-0.003902547,0.00700396,-7.36071
2023-09-16 06:00:00,0.3115084,0.008629345,-0.01045652,0.009846583,-7.374217
2023-09-16 07:00:00,75.04983,98.04906,103.7937,89.35686,290.5544
2023-09-16 08:00:00,334.2419,518.4058,539.7097,477.5203,1527.353
2023-09-16 09:00:00,559.3799,990.4529,1028.584,918.1618,2912.574
2023-09-16 10:00:00,787.3589,1349.944,1402.166,1258.277,3967.629
2023-09-16 11:00:00,944.2279,1571.401,1626.151,1464.274,4603.297
2023-09-16 12:00:00,1033.01,1664.54,1666.667,1575.07,4838.713
2023-09-16 13:00:00,1039.843,1665.061,1666.664,1569.354,4831.706
2023-09-16 14:00:00,965.0067,1583.871,1627.109,1474.747,4620.17
2023-09-16 15:00:00,814.3928,1349.793,1398.039,1258.345,3954.074
2023-09-16 16:00:00,605.543,1016.574,1049.415,946.7462,2978.284
2023-09-16 17:00:00,324.1895,509.2886,557.8571,501.5244,1569.354
2023-09-16 18:00:00,106.5171,146.099,133.608,133.6405,411.7505
2023-09-16 19:00:00,0.5751785,1.711893,1.829955,1.178203,1.20142
2023-09-16 20:00:00,0,-0.01082263,-0.01151533,0.01895416,-7.548446
2023-09-16 21:00:00,0,-0.002219178,-0.0138205,0.0003255382,-7.671091
2023-09-16 22:00:00,0,-0.01084352,-0.0002189533,0.00955187,-7.673246
2023-09-16 23:00:00,0,-0.007509844,-0.006109437,0.009298485,-7.707067
2023-09-17 00:00:00,0,-0.007620702,0.004896689,-5.223125e-05,-7.662263
2023-09-17 01:00:00,0,-0.009682344,-0.006536998,-0.002278335,-7.693782
2023-09-17 02:00:00,0,-0.01726617,-0.007880395,0.01751572,-7.659638
2023-09-17 03:00:00,0,-0.03561879,0.001017317,0.004514154,-7.678608
2023-09-17 04:00:00,0,0.002317466,-2.468725e-05,-0.005358159,-7.622186
2023-09-17 05:00:00,0,-0.01115278,-0.007402354,-0.004662387,-7.534959
2023-09-17 06:00:00,0.3640886,-0.007630705,0.00219014,0.01051623,-7.630004
2023-09-17 07:00:00,73.04757,93.50778,97.70296,85.97352,276.063
2023-09-17 08:00:00,290.4019,469.5136,495.1998,432.8278,1385.989
2023-09-17 09:00:00,577.3242,,937.3965,835.3707,2872.82
2023-09-17 10:00:00,590.3857,,,,2915.066
2023-09-17 11:00:00,,,,,
2023-09-17 12:00:00,390.4619,,,,1349.461
2023-09-17 13:00:00,255.668,,,,1290.463
2023-09-17 14:00:00,139.2506,,,,738.2745
2023-09-17 15:00:00,145.2533,,,,690.9532
2023-09-17 16:00:00,66.89484,,,,391.5269
2023-09-17 17:00:00,31.58815,,,,173.9301
2023-09-17 18:00:00,8.269832,,,,32.88758
2023-09-17 19:00:00,0,,,,-7.484742
2023-09-17 20:00:00,0,,,,-7.485696
2023-09-17 21:00:00,0,,,,-7.42802
2023-09-17 22:00:00,0,,,,-7.486659
2023-09-17 23:00:00,0,,,,-7.542443
2023-09-18 00:00:00,0,,,,-7.594893
2023-09-18 01:00:00,0,,,,-7.68493
2023-09-18 02:00:00,0,,,,-7.961269
2023-09-18 03:00:00,0,,,,-7.97437
2023-09-18 04:00:00,0,,,,-7.964846
2023-09-18 05:00:00,0,,,,-7.88418
2023-09-18 06:00:00,0,,,,-7.759933
2023-09-18 07:00:00,29.53596,,,,66.07995
2023-09-18 08:00:00,49.04776,,,,226.163
2023-09-18 09:00:00,140.3856,,,,678.3079
2023-09-18 10:00:00,692.5303,,,,3096.521
2023-09-18 11:00:00,572.4321,,,,2817.959
2023-09-18 12:00:00,745.5635,,,,3246.739
2023-09-18 13:00:00,707.4573,,,,3127.409
2023-09-18 14:00:00,885.2947,,,,4158.152
2023-09-18 15:00:00,807.8529,,,,3938.834
2023-09-18 16:00:00,521.071,,,,2631.103
2023-09-18 17:00:00,294.018,,,,1432.974
2023-09-18 18:00:00,98.81612,,,,382.0954
2023-09-18 19:00:00,0.2379334,,,,-2.122879
2023-09-18 20:00:00,0,,,,-7.921305
2023-09-18 21:00:00,0,,,,-7.856165
2023-09-18 22:00:00,0,,,,-7.94103
2023-09-18 23:00:00,0,,,,-7.981306
2023-09-19 00:00:00,0,,,,-7.944585
2023-09-19 01:00:00,0,,,,-8.026982
2023-09-19 02:00:00,0,,,,-8.033043
2023-09-19 03:00:00,0,,,,-8.023537
2023-09-19 04:00:00,0,,,,-8.040931
2023-09-19 05:00:00,0,,,,-7.939066
2023-09-19 06:00:00,0.2289695,,,,-7.846963
2023-09-19 07:00:00,74.21247,,,,256.9874
2023-09-19 08:00:00,317.4081,,,,1436.115
2023-09-19 09:00:00,537.6672,,,,2811.213
2023-09-19 10:00:00,768.9974,,,,3863.834
2023-09-19 11:00:00,926.8235,,,,4530.889
2023-09-19 12:00:00,1013.433,,,,4787.864
2023-09-19 13:00:00,1077.521,,,,4806.478
2023-09-19 14:00:00,801.5098,,,,3637.899
2023-09-19 15:00:00,729.4659,,,,3476.825
2023-09-19 16:00:00,619.2543,,,,3009.746
2023-09-19 17:00:00,319.5875,,,,1464.641
2023-09-19 18:00:00,90.8552,,,,360.5859
2023-09-19 19:00:00,0.1188323,,,,-3.018749
2023-09-19 20:00:00,0,,,,-7.696354
2023-09-19 21:00:00,0,,,,-7.52381
2023-09-19 22:00:00,0,,,,-7.606139
2023-09-19 23:00:00,0,,,,-7.688293
2023-09-20 00:00:00,0,,,,-7.644022
2023-09-20 01:00:00,0,,,,-7.655093
2023-09-20 02:00:00,0,,,,-7.715758
2023-09-20 03:00:00,0,,,,-7.978983
2023-09-20 04:00:00,0,,,,-7.956251
2023-09-20 05:00:00,0,,,,-7.885199
2023-09-20 06:00:00,0.1289794,,,,-7.753584
2023-09-20 07:00:00,47.46424,,,,165.8786
2023-09-20 08:00:00,150.2879,,,,721.9149
2023-09-20 09:00:00,320.1758,,,,1493.119
2023-09-20 10:00:00,694.8241,,,,3495.738
2023-09-20 11:00:00,916.1527,,,,4434.358
2023-09-20 12:00:00,1008.222,,,,4727.524
2023-09-20 13:00:00,1009.618,,,,4334.904
2023-09-20 14:00:00,764.9428,674.9608,659.0355,779.2639,2295.226
2023-09-20 15:00:00,492.7821,852.4358,811.157,852.1965,2484.993
2023-09-20 16:00:00,411.7199,620.9701,719.5858,561.9266,1896.422
2023-09-20 17:00:00,247.1194,399.0018,416.8818,391.2795,1197.39
2023-09-20 18:00:00,75.19067,110.0928,106.1507,102.0658,318.286
2023-09-20 19:00:00,0.159714,-0.3131052,-0.1975997,-0.3020899,-5.287291
2023-09-20 20:00:00,0,-0.008317414,0.002943337,-0.01291273,-7.543159
2023-09-20 21:00:00,0,-0.01210146,-0.003455806,-0.01286133,-7.522289
2023-09-20 22:00:00,0,0.005900213,-0.01441635,0.005795277,-7.579523
2023-09-20 23:00:00,0,0.006994988,-0.004226121,0.005896052,-7.678064
2023-09-21 00:00:00,0,-0.01275943,-0.005254243,0.005787287,-7.670614
2023-09-21 01:00:00,0,-0.00116481,-0.000640558,0.00736074,-7.649821
2023-09-21 02:00:00,0,-0.009280547,-0.0112509,0.005994085,-7.683116
2023-09-21 03:00:00,0,0.004330291,0.002410734,-0.002029649,-7.684965
2023-09-21 04:00:00,0,-0.005584823,-0.006812918,-0.006388607,-7.720068
2023-09-21 05:00:00,0,0.01065691,-0.005246587,-0.004385578,-7.650241
2023-09-21 06:00:00,0.01904281,-0.005740177,-0.0005152997,-0.004503903,-7.514256
2023-09-21 07:00:00,39.33279,53.45555,-0.007950011,0.01878269,44.50795
2023-09-21 08:00:00,154.8067,249.3722,256.2785,109.4014,611.5769
2023-09-21 09:00:00,236.3592,397.9513,422.6938,375.4154,1189.7
2023-09-21 10:00:00,346.0974,576.6438,613.874,545.5268,1724.681
2023-09-21 11:00:00,403.8138,662.1951,706.9878,627.3546,1978.348
2023-09-21 12:00:00,393.5869,642.1485,684.793,608.8441,1922.236
2023-09-21 13:00:00,781.3799,1247.524,1333.225,1192.738,3725
2023-09-21 14:00:00,593.0317,948.9341,943.9122,850.2966,2717.343
2023-09-21 15:00:00,669.6297,1096.029,1106.4,1039.602,3192.835
2023-09-21 16:00:00,368.7491,597.6336,631.6722,574.9721,1792.009
2023-09-21 17:00:00,92.84502,145.5961,154.3818,137.7758,437.6118
2023-09-21 18:00:00,39.94447,62.58699,66.10798,58.30201,188.6118
2023-09-21 19:00:00,0.485512,0.6955794,0.9144559,0.3491182,-2.173175
2023-09-21 20:00:00,0,-0.006372966,0.006514082,0.003856884,-7.570531
2023-09-21 21:00:00,0,0.0004889785,-0.008243545,0.002919656,-7.616466
2023-09-21 22:00:00,0,-0.002694095,-0.01395522,-0.0109121,-7.658309
2023-09-21 23:00:00,0,-0.01020078,-0.008625411,0.0006470347,-7.686072
2023-09-22 00:00:00,0,-0.005465917,0.005431775,0.001661763,-7.621048
2023-09-22 01:00:00,0,-0.0110154,0.008731539,0.006435086,-7.606731
2023-09-22 02:00:00,0,0.00342705,-0.005774823,0.01280102,-7.648841
2023-09-22 03:00:00,0,0.009097965,-0.01194684,0.003022119,-7.648675
2023-09-22 04:00:00,0,-0.01927723,-0.002439898,0.007262339,-7.658501
2023-09-22 05:00:00,0,0.008653047,-0.009355425,-0.001693439,-7.614272
2023-09-22 06:00:00,0,-0.001891652,-0.01272892,-0.001615923,-7.701593
2023-09-22 07:00:00,14.66282,9.20254,9.909266,8.453294,21.84225
2023-09-22 08:00:00,91.40193,149.9567,159.291,140.8901,451.5246
2023-09-22 09:00:00,147.5199,246.6962,261.6162,232.6479,738.345
2023-09-22 10:00:00,233.8226,384.5358,410.4856,362.6077,1151.304
2023-09-22 11:00:00,159.342,274.0989,290.8559,257.8717,823.327
2023-09-22 12:00:00,206.5128,357.0122,379.3017,336.8354,1067.38
2023-09-22 13:00:00,158.2712,277.7688,293.271,261.8119,829.5641
2023-09-22 14:00:00,158.587,280.0248,298.831,263.5252,836.9882
2023-09-22 15:00:00,77.69559,146.0566,155.3784,136.756,437.7483
2023-09-22 16:00:00,16.35598,23.66842,25.41258,20.82659,73.06552
2023-09-22 17:00:00,16.88374,5.929625,4.619442,2.708255,8.706236
2023-09-22 18:00:00,5.173313,1.904259,-0.004691001,0.001309371,-2.811878
2023-09-22 19:00:00,0,-0.007438695,0.002203552,0.004744023,-7.673776
2023-09-22 20:00:00,0,-0.00468392,0.003976434,0.001675154,-7.939187
2023-09-22 21:00:00,0,0.008053892,-0.00584468,-0.007565795,-7.941285
2023-09-22 22:00:00,0,0.005251247,-0.00802026,0.009002429,-7.905849
2023-09-22 23:00:00,0,-0.03484723,-0.01709666,0.002041121,-8.071854
2023-09-23 00:00:00,0,0.003972644,0.009707546,0.009592801,-8.62419
2023-09-23 01:00:00,0,0.0008792025,-0.001323207,0.011592,-8.747361
2023-09-23 02:00:00,0,-0.02826023,-0.004308011,0.008444682,-8.713853
2023-09-23 03:00:00,0,0.0007292329,-0.003423342,-0.006684594,-8.74038
2023-09-23 04:00:00,0,-0.01074027,-0.0133001,-0.005604174,-8.733274
2023-09-23 05:00:00,0,-0.009998082,-0.008338041,0.004156192,-8.700267
2023-09-23 06:00:00,0,-0.0234012,0.00461177,0.006708482,-8.64079
2023-09-23 07:00:00,5.453544,0.428874,0.4910972,0.003601312,-8.518164
2023-09-23 08:00:00,16.56068,14.33315,8.517833,5.859848,24.74215
2023-09-23 09:00:00,45.51406,64.03631,4.029345,53.72567,120.7069
2023-09-23 10:00:00,92.01839,152.7734,167.6279,144.6266,468.2597
2023-09-23 11:00:00,73.64489,120.8522,132.8999,112.9172,367.7456
2023-09-23 12:00:00,47.61374,76.3614,81.63917,70.95645,227.247
2023-09-23 13:00:00,51.32164,82.72768,88.06738,77.2925,249.3341
2023-09-23 14:00:00,97.90759,148.2403,178.106,147.1913,473.0103
2023-09-23 15:00:00,119.5757,201.2691,212.7388,187.9818,600.9621
2023-09-23 16:00:00,164.7459,267.9148,289.8128,256.274,811.2029
2023-09-23 17:00:00,140.7034,218.9447,233.6351,204.8362,655.8469
2023-09-23 18:00:00,21.35908,31.26357,33.80933,28.17101,95.60817
2023-09-23 19:00:00,0.1608553,-0.4175044,-0.4083872,-0.4400055,-7.545482
2023-09-23 20:00:00,0,-0.01804153,-0.007294754,-0.005546794,-7.463567
2023-09-23 21:00:00,0,0.007518399,0.008213316,0.007319462,-7.594313
2023-09-23 22:00:00,0,-0.0006075468,-0.01350103,0.006196719,-7.864135
2023-09-23 23:00:00,0,-0.003037807,0.001683746,-0.01342087,-7.951164
2023-09-24 00:00:00,0,-0.01084931,-0.002001529,0.001536077,-8.233055
2023-09-24 01:00:00,0,-0.002369849,0.002474089,-0.0144903,-8.326008
2023-09-24 02:00:00,0,-0.009250619,-0.008509457,0.000522323,-8.632804
2023-09-24 03:00:00,0,0.00425712,-0.006890597,-0.01063979,-8.624407
2023-09-24 04:00:00,0,-0.002525316,-0.01012112,-0.009319458,-8.622644
2023-09-24 05:00:00,0,-0.001656359,-0.01257195,-0.01799324,-8.591459
2023-09-24 06:00:00,0.02828422,-0.0006004748,0.004009888,0.009119628,-8.571235
2023-09-24 07:00:00,28.77069,30.20471,32.14359,25.40658,83.71032
2023-09-24 08:00:00,188.8031,301.981,320.8811,283.5047,902.5963
2023-09-24 09:00:00,581.0709,982.4624,1036.064,930.2064,2923.171
2023-09-24 10:00:00,637.8397,1087.218,1152.82,1011.08,3228.62
2023-09-24 11:00:00,709.3406,1030.772,1154.393,1008.117,3102.966
2023-09-24 12:00:00,953.4779,1503.778,1505.169,1386.238,4323.709
2023-09-24 13:00:00,761.5396,1152.539,1202.753,1257.748,3574.378
2023-09-24 14:00:00,500.9865,783.5641,857.47,719.4508,2363.738
2023-09-24 15:00:00,235.3121,370.2119,391.5948,350.3679,1105.135
2023-09-24 16:00:00,429.8579,720.3092,741.491,700.909,2146.846
2023-09-24 17:00:00,312.0203,501.0055,511.3394,473.1483,1471.598
2023-09-24 18:00:00,62.32159,88.51727,84.84743,82.38789,256.3015
2023-09-24 19:00:00,0.001982938,-0.4450385,-0.4150323,-0.1899863,-7.980236
2023-09-24 20:00:00,0,-0.0202617,-0.01573313,-0.005085224,-7.709661
2023-09-24 21:00:00,0,-0.02096243,-0.002157933,0.01540969,-7.718038
2023-09-24 22:00:00,0,-0.005813071,-0.005093246,-0.006040032,-7.781059
2023-09-24 23:00:00,0.1075051,-0.006780321,0.02183077,-0.02198815,-7.785482
2023-09-25 00:00:00,,,,,
2023-09-25 01:00:00,,,,,
2023-09-25 02:00:00,,,,,
2023-09-25 03:00:00,,,,,
2023-09-25 04:00:00,,,,,
2023-09-25 05:00:00,,,,,
2023-09-25 06:00:00,,,,,
2023-09-25 07:00:00,,,,,
2023-09-25 08:00:00,,,,,
2023-09-25 09:00:00,97.63418,147.5469,128.8137,138.6001,413.4719
2023-09-25 10:00:00,386.8409,622.2466,660.3824,600.2831,1871.082
2023-09-25 11:00:00,890.6174,1464.727,1512.256,1395.05,4317.702
2023-09-25 12:00:00,767.5911,1237.591,1292.768,1190.444,3676.583
2023-09-25 13:00:00,680.6773,1086.326,1115.138,1037.859,3226.622
2023-09-25 14:00:00,731.5835,1121.14,1187.172,1075.741,3326.322
2023-09-25 15:00:00,663.093,1076.912,1103.87,1004.597,3125.14
2023-09-25 16:00:00,179.4973,282.2582,306.8722,266.4828,852.3493
2023-09-25 17:00:00,181.4191,284.8479,295.3593,265.2043,839.4603
2023-09-25 18:00:00,29.87663,41.48222,44.55552,38.39307,126.2754
2023-09-25 19:00:00,0,-0.200051,-0.1991697,-0.1779075,-8.004435
2023-09-25 20:00:00,0,0.002655206,-0.01033152,0.003198078,-7.942252
2023-09-25 21:00:00,0,-0.02093911,-0.0008878098,-0.000942129,-7.935457
2023-09-25 22:00:00,0,-0.01119901,-0.01096133,0.003376168,-8.014058
2023-09-25 23:00:00,0,-0.002577163,-0.002055962,-0.00992448,-7.954085
2023-09-26 00:00:00,0,-0.009619338,-0.01210967,0.002015531,-7.860604
2023-09-26 01:00:00,0,-0.009767123,0.01166311,0.000488375,-7.925475
2023-09-26 02:00:00,0,-0.02073899,0.0009078549,0.004663731,-7.930242
2023-09-26 03:00:00,0,-0.01120874,-0.007990049,0.009298169,-7.959482
2023-09-26 04:00:00,0,-0.001275726,-0.01448015,-0.004185976,-7.92827
2023-09-26 05:00:00,0,-0.004107568,0.002867633,-0.0111593,-7.877051
2023-09-26 06:00:00,0.0288789,-0.0006618185,-0.00256758,0.004333576,-7.784819
2023-09-26 07:00:00,21.41312,13.89596,-0.009622676,1.218286,8.699642
2023-09-26 08:00:00,67.66118,110.8537,109.8789,104.345,324.956
2023-09-26 09:00:00,133.361,226.2801,231.0263,212.7352,671.3403
2023-09-26 10:00:00,281.9937,453.1841,469.7813,427.4709,1341.86
2023-09-26 11:00:00,355.9937,567.4921,602.4927,538.5615,1709.062
2023-09-26 12:00:00,328.4012,520.4688,559.1717,496.4266,1565.705
2023-09-26 13:00:00,300.4272,475.3129,512.6875,450.6493,1432.442
2023-09-26 14:00:00,328.813,534.1144,555.9912,482.9945,1569.59
2023-09-26 15:00:00,263.5432,416.9911,454.826,395.6984,1259.406
2023-09-26 16:00:00,177.1091,284.3227,300.0408,261.7152,840.3176
2023-09-26 17:00:00,78.2607,122.3493,131.9986,114.4712,369.6789
2023-09-26 18:00:00,16.79509,22.88686,24.75371,21.23408,70.95218
2023-09-26 19:00:00,0.001600666,-0.03838653,-0.03630407,-8.99915e-05,-7.588744
2023-09-26 20:00:00,0,0.0002697418,-0.002682973,0.001478444,-7.472572
2023-09-26 21:00:00,0,-0.002739671,-0.004138219,0.008226418,-7.53659
2023-09-26 22:00:00,0,0.0006950075,-0.002637507,0.0005056715,-7.593809
2023-09-26 23:00:00,0,-0.001878427,-0.007525117,-0.02328778,-7.757893
2023-09-27 00:00:00,0,0.007616917,-0.002586799,0.006039234,-7.975404
2023-09-27 01:00:00,0,-0.001650455,0.01005975,-0.008025052,-7.992324
2023-09-27 02:00:00,0,-0.01229764,-0.01311605,0.0250049,-8.023975
2023-09-27 03:00:00,0,-0.00493178,0.00335782,0.01177584,-8.139934
2023-09-27 04:00:00,0,0.005870539,-0.02236008,0.005980476,-8.288993
2023-09-27 05:00:00,0,-0.000717695,-0.002968923,0.006468662,-8.264192
2023-09-27 06:00:00,0,-0.006896595,0.002277916,0.005691092,-8.139791
2023-09-27 07:00:00,10.27622,7.079465,7.346385,4.819091,12.23618
2023-09-27 08:00:00,67.10239,104.9104,111.906,97.89536,316.785
2023-09-27 09:00:00,165.3377,269.3752,286.2081,257.4041,807.8987
2023-09-27 10:00:00,238.5029,389.5181,413.3334,369.8956,1164.161
2023-09-27 11:00:00,217.828,353.9866,374.9269,332.7805,1060.695
2023-09-27 12:00:00,185.7666,303.6129,327.7772,286.2705,915.2292
2023-09-27 13:00:00,201.1212,335.9235,354.5657,316.8402,1002.031
2023-09-27 14:00:00,242.1523,389.9099,420.2444,367.6988,1170.897
2023-09-27 15:00:00,179.5341,287.6802,309.8261,271.764,866.1654
2023-09-27 16:00:00,112.4485,184.524,196.3206,173.6394,553.1363
2023-09-27 17:00:00,41.36358,66.03754,70.4268,61.67814,199.731
2023-09-27 18:00:00,14.5849,19.08752,20.6627,17.15181,58.96616
2023-09-27 19:00:00,0,-0.01706717,-0.005872095,0.01130489,-7.667417
2023-09-27 20:00:00,0.4002623,0.003168477,-0.003720838,0.005295148,-7.582965
2023-09-27 21:00:00,,,,,
2023-09-27 22:00:00,,,,,
2023-09-27 23:00:00,,,,,
2023-09-28 00:00:00,,,,,
2023-09-28 01:00:00,,,,,
2023-09-28 02:00:00,,,,,
2023-09-28 03:00:00,,,,,
2023-09-28 04:00:00,,,,,
2023-09-28 05:00:00,,,,,
2023-09-28 06:00:00,,,,,
2023-09-28 07:00:00,,,,,
2023-09-28 08:00:00,150.4435,230.2899,241.6044,217.2064,688.0417
2023-09-28 09:00:00,195.5553,308.7953,331.8311,290.5006,926.6282
2023-09-28 10:00:00,308.2048,483.8236,530.6011,465.0555,1472.209
2023-09-28 11:00:00,455.5862,715.4175,790.4816,683.231,2169.894
2023-09-28 12:00:00,706.8372,1165.426,1177.754,1139.954,3417.886
2023-09-28 13:00:00,666.8128,1001.074,1135.394,991.5405,3128.308
2023-09-28 14:00:00,632.8042,901.1794,973.8998,881.5815,2732.514
2023-09-28 15:00:00,356.6656,578.5521,589.5942,535.2111,1693.392
2023-09-28 16:00:00,181.1116,279.4,303.873,266.2817,845.2156
2023-09-28 17:00:00,103.7956,163.9051,174.0601,153.6275,491.0714
2023-09-28 18:00:00,,,,,
2023-09-28 19:00:00,,,,,
2023-09-28 20:00:00,,,,,
2023-09-28 21:00:00,,,,,
2023-09-28 22:00:00,0,-0.01344427,-0.000569565,0.006397123,-8.088498
2023-09-28 23:00:00,0,0.002639075,0.008656831,0.006587073,-8.108977
2023-09-29 00:00:00,0,0.0003502225,7.047375e-05,-0.006170274,-8.118567
2023-09-29 01:00:00,0,0.003280378,-0.01385838,0.01286116,-8.196795
2023-09-29 02:00:00,0,-0.006469581,-0.008495644,-0.003725854,-8.240644
2023-09-29 03:00:00,0,0.01269794,-0.01335675,0.000832654,-8.197626
2023-09-29 04:00:00,0,-0.01757839,-0.01804347,0.004448113,-8.199136
2023-09-29 05:00:00,0,-0.01248931,-0.003510065,-0.008874405,-8.134951
2023-09-29 06:00:00,0,-0.002366466,-0.005082346,-0.0004916295,-8.108259
2023-09-29 07:00:00,10.21808,5.335503,-0.002039732,0.01805797,-2.421747
2023-09-29 08:00:00,55.58955,87.26569,82.99863,68.59453,238.0673
2023-09-29 09:00:00,86.78869,141.5499,153.57,132.6007,428.6957
2023-09-29 10:00:00,227.4015,362.4755,379.609,342.1759,1082.266
2023-09-29 11:00:00,417.6581,676.2382,696.9129,623.2872,1971.021
2023-09-29 12:00:00,705.7476,1072.772,1081.553,1018.84,3092.133
2023-09-29 13:00:00,519.0654,808.8905,847.2911,778.5701,2407.438
2023-09-29 14:00:00,387.5758,596.3572,657.0827,573.788,1817.147
2023-09-29 15:00:00,352.0052,543.2651,584.9026,495.3658,1609.628
2023-09-29 16:00:00,207.7164,322.5465,340.747,306.0118,963.5607
2023-09-29 17:00:00,109.9016,160.3614,176.2958,148.7909,490.0537
2023-09-29 18:00:00,18.4644,25.15979,28.50863,22.84292,78.99598
2023-09-29 19:00:00,,,,,
2023-09-29 20:00:00,,,,,
2023-09-29 21:00:00,,,,,
2023-09-29 22:00:00,,,,,
2023-09-29 23:00:00,,,,,
2023-09-30 00:00:00,,,,,
2023-09-30 01:00:00,,,,,
2023-09-30 02:00:00,,,,,
2023-09-30 03:00:00,,,,,
2023-09-30 04:00:00,,,,,
2023-09-30 05:00:00,,,,,
2023-09-30 06:00:00,,,,,
2023-09-30 07:00:00,21.20147,2.428868,2.767832,2.242926,-0.05661296
2023-09-30 08:00:00,160.9568,254.6442,265.6546,242.5756,759.7094
2023-09-30 09:00:00,342.9041,492.7819,492.3442,477.7667,1425.715
2023-09-30 10:00:00,310.7295,479.8614,528.0809,465.4038,1459.549
2023-09-30 11:00:00,257.3329,408.9757,438.1757,390.3779,1228.748
2023-09-30 12:00:00,258.3299,416.3454,439.3855,396.1774,1243.371
2023-09-30 13:00:00,237.3109,380.1024,405.4024,360.2899,1138.659
2023-09-30 14:00:00,150.3904,247.3965,264.3052,234.6209,742.7418
2023-09-30 15:00:00,106.8146,173.972,191.1889,165.9126,532.1229
2023-09-30 16:00:00,103.3502,169.2239,180.328,160.0146,508.0639
2023-09-30 17:00:00,93.76832,142.3723,151.5078,132.4832,426.5607
2023-09-30 18:00:00,13.95225,18.63812,20.1013,16.76369,57.19764
2023-09-30 19:00:00,0,-0.00902248,-0.005248016,0.009768407,-7.454004
2023-09-30 20:00:00,0,-0.001911464,-0.0006140908,-0.009006981,-7.496071
2023-09-30 21:00:00,0,-0.007110136,0.007329362,0.01404535,-7.528741
2023-09-30 22:00:00,0,-0.01479845,-0.005407333,-0.004325653,-7.566534
2023-09-30 23:00:00,0,-0.004093927,-0.008051879,0.01292607,-7.609147
