"Davis Lane Solar, LLC",Unnamed: 1,Unnamed: 2,Unnamed: 3,Unnamed: 4,Unnamed: 5
,,,,,
Timestamp,POA*,"SMA SC-1850CP Inverter 1, Active power","SMA SC-1850CP Inverter 2, Active power","SMA SC-1850CP Inverter 3, Active power",Production meter active power
,W/mÂ²,kW,kW,kW,kW
2024-01-01 00:00:00,0,0,0,0,-10.33085
2024-01-01 01:00:00,0,0,0,0,-10.27559
2024-01-01 02:00:00,0.1231299,0,0,0,-10.28741
2024-01-01 03:00:00,0,0,0,0,-10.27379
2024-01-01 04:00:00,0,0,0,0,-10.28347
2024-01-01 05:00:00,0,0,0,0,-10.31475
2024-01-01 06:00:00,0,0,0,0,-10.3035
2024-01-01 07:00:00,22.90091,27.30672,28.05436,28.31734,74.18174
2024-01-01 08:00:00,164.2874,261.2025,266.9462,265.0288,783.6398
2024-01-01 09:00:00,343.0085,676.1373,676.9991,681.6437,2017.311
2024-01-01 10:00:00,659.2689,1189.722,1207.736,1183.629,3569.414
2024-01-01 11:00:00,794.5032,1302.851,1335.663,1339.812,3945.69
2024-01-01 12:00:00,606.5678,1084.832,1093.254,1074.224,3222.006
2024-01-01 13:00:00,437.4716,712.5587,735.7885,752.3163,2174.855
2024-01-01 14:00:00,363.7503,609.4017,629.9061,644.6474,1868.101
2024-01-01 15:00:00,95.64864,142.7922,144.1396,147.171,424.2592
2024-01-01 16:00:00,25.34442,33.29428,32.1529,33.39101,89.64944
2024-01-01 17:00:00,0.03978484,0,0,0,-10.27057
2024-01-01 18:00:00,0,0,0,0,-10.27602
2024-01-01 19:00:00,0,0,0,0,-10.25111
2024-01-01 20:00:00,0,0,0,0,-10.23897
2024-01-01 21:00:00,0,0,0,0,-10.34363
2024-01-01 22:00:00,0,0,0,0,-10.32109
2024-01-01 23:00:00,0,0,0,0,-10.36113
2024-01-02 00:00:00,0,0,0,0,-10.37734
2024-01-02 01:00:00,0,0,0,0,-10.31589
2024-01-02 02:00:00,0,0,0,0,-10.28226
2024-01-02 03:00:00,0,0,0,0,-10.28981
2024-01-02 04:00:00,0,0,0,0,-10.21683
2024-01-02 05:00:00,0,0,0,0,-10.19483
2024-01-02 06:00:00,0,0,0,0,-10.26218
2024-01-02 07:00:00,45.91846,40.81231,46.59841,39.98942,117.9548
2024-01-02 08:00:00,303.5006,430.786,449.662,440.5616,1308.109
2024-01-02 09:00:00,533.0649,1040.082,1063.638,1081.993,3158.625
2024-01-02 10:00:00,703.9368,1366.146,1398.7,1425.444,4150.032
2024-01-02 11:00:00,803.5847,1539.943,1578.596,1606.493,4676.035
2024-01-02 12:00:00,807.2673,1563.031,1601.735,1627.39,4741.538
2024-01-02 13:00:00,752.4642,1429.998,1469.446,1495.036,4350.093
2024-01-02 14:00:00,609.5976,1142.833,1186.454,1204.004,3501.67
2024-01-02 15:00:00,400.856,641.5901,685.3974,673.913,1983.446
2024-01-02 16:00:00,129.3288,113.0395,139.1229,107.5608,350.1897
2024-01-02 17:00:00,0.001372232,0.5004795,0.3690527,0.4058962,-8.91853
2024-01-02 18:00:00,0,0,0,0,-10.31338
2024-01-02 19:00:00,0,0,0,0,-10.18209
2024-01-02 20:00:00,0,0,0,0,-10.23125
2024-01-02 21:00:00,0,0,0,0,-10.27384
2024-01-02 22:00:00,0,0,0,0,-10.29519
2024-01-02 23:00:00,0,0,0,0,-10.34123
2024-01-03 00:00:00,0,0,0,0,-10.35202
2024-01-03 01:00:00,0,0,0,0,-10.38212
2024-01-03 02:00:00,0,0,0,0,-10.32245
2024-01-03 03:00:00,0,0,0,0,-10.40738
2024-01-03 04:00:00,0.513453,0,0,0,-10.33692
2024-01-03 05:00:00,0,0,0,0,-10.40502
2024-01-03 06:00:00,0,0,0,0,-10.44977
2024-01-03 07:00:00,56.3284,45.43165,53.00977,43.27549,132.7744
2024-01-03 08:00:00,368.6909,447.5458,466.5871,451.3619,1356.013
2024-01-03 09:00:00,533.5302,1036.081,1058.797,1075.92,3144.29
2024-01-03 10:00:00,702.6871,1329.992,1361.574,1382.294,4036.938
2024-01-03 11:00:00,801.7578,1487.159,1524.146,1542.741,4507.87
2024-01-03 12:00:00,717.0613,1311.226,1341.74,1360.774,3975.507
2024-01-03 13:00:00,700.2256,1262.104,1295.3,1310.822,3830.614
2024-01-03 14:00:00,508.5386,915.0474,949.3373,961.7311,2802.206
2024-01-03 15:00:00,192.7176,318.8186,327.4652,329.7041,964.2772
2024-01-03 16:00:00,36.36125,51.67207,50.93343,52.65544,145.9811
2024-01-03 17:00:00,0,0.00268889,0,0,-10.37964
2024-01-03 18:00:00,0,0,0,0,-10.38564
2024-01-03 19:00:00,0,0,0,0,-10.25859
2024-01-03 20:00:00,0.06875016,0,0,0,-10.19063
2024-01-03 21:00:00,0,0,0,0,-10.21274
2024-01-03 22:00:00,0,0,0,0,-10.27385
2024-01-03 23:00:00,0,0,0,0,-10.25296
2024-01-04 00:00:00,0,0,0,0,-10.23168
2024-01-04 01:00:00,0,0,0,0,-10.3032
2024-01-04 02:00:00,0,0,0,0,-10.30573
2024-01-04 03:00:00,0,0,0,0,-10.32744
2024-01-04 04:00:00,0,0,0,0,-10.18496
2024-01-04 05:00:00,0,0,0,0,-10.25419
2024-01-04 06:00:00,0,0,0,0,-10.28166
2024-01-04 07:00:00,33.31171,38.4726,41.47006,37.35552,108.0456
2024-01-04 08:00:00,274.3975,408.8479,426.1238,417.6029,1240.157
2024-01-04 09:00:00,412.1718,738.2196,753.171,762.9862,2236.259
2024-01-04 10:00:00,287.381,465.768,476.3686,491.8171,1420.839
2024-01-04 11:00:00,305.1378,500.1841,508.2533,513.0686,1508.055
2024-01-04 12:00:00,599.6844,1103.11,1106.116,1098.926,3278.586
2024-01-04 13:00:00,488.6011,869.1888,877.7084,882.5135,2604.661
2024-01-04 14:00:00,399.6381,717.8101,719.1071,749.8041,2160.555
2024-01-04 15:00:00,110.9742,224.2014,200.5722,184.6737,601.8487
2024-01-04 16:00:00,41.18376,48.15499,48.79856,46.79702,134.6889
2024-01-04 17:00:00,0.1273201,0.0064,0,0.00636816,-10.30317
2024-01-04 18:00:00,0,0,0,0,-10.36022
2024-01-04 19:00:00,0,0,0,0,-10.40752
2024-01-04 20:00:00,0,0,0,0,-10.42496
2024-01-04 21:00:00,0,0,0,0,-10.49466
2024-01-04 22:00:00,0,0,0,0,-10.46636
2024-01-04 23:00:00,0,0,0,0,-10.58868
2024-01-05 00:00:00,0,0,0,0,-10.52889
2024-01-05 01:00:00,0,0,0,0,-10.56882
2024-01-05 02:00:00,0,0,0,0,-10.64911
2024-01-05 03:00:00,0,0,0,0,-10.54109
2024-01-05 04:00:00,0,0,0,0,-10.50374
2024-01-05 05:00:00,0,0,0,0,-10.66518
2024-01-05 06:00:00,0,0,0,0,-10.61853
2024-01-05 07:00:00,68.33571,47.12201,55.09201,44.18178,137.1433
2024-01-05 08:00:00,426.135,476.9991,495.7689,481.8423,1441.288
2024-01-05 09:00:00,587.0407,1089.48,1112.877,1130.555,3304.927
2024-01-05 10:00:00,729.8642,1393.966,1423.556,1447.906,4225.611
2024-01-05 11:00:00,827.8942,1542.018,1577.906,1600.108,4671.814
2024-01-05 12:00:00,840.6697,1550.311,1585.851,1607.353,4694.798
2024-01-05 13:00:00,742.8707,1376.282,1408.906,1433.552,4178.122
2024-01-05 14:00:00,588.5587,1058.045,1096.801,1113.25,3237.468
2024-01-05 15:00:00,424.8299,692.1521,731.5605,723.3764,2128.581
2024-01-05 16:00:00,156.9462,157.5455,183.1433,154.1255,485.1101
2024-01-05 17:00:00,0.006328836,0.7180033,0.4719138,0.564531,-8.489717
2024-01-05 18:00:00,0,0,0,0,-10.53579
2024-01-05 19:00:00,0,0,0,0,-10.50877
2024-01-05 20:00:00,0,0,0,0,-10.56664
2024-01-05 21:00:00,0,0,0,0,-10.46703
2024-01-05 22:00:00,0,0,0,0,-10.49879
2024-01-05 23:00:00,0,0,0,0,-10.60486
2024-01-06 00:00:00,0.0557443,0,0,0,-10.55627
2024-01-06 01:00:00,0,0,0,0,-10.49354
2024-01-06 02:00:00,0,0,0,0,-10.43696
2024-01-06 03:00:00,0,0,0,0,-10.43323
2024-01-06 04:00:00,0,0,0,0,-10.46048
2024-01-06 05:00:00,0,0,0,0,-10.50097
2024-01-06 06:00:00,0,0,0,0,-10.48907
2024-01-06 07:00:00,3.58904,4.101321,3.198402,3.786025,1.002195
2024-01-06 08:00:00,16.19641,27.21914,25.83359,27.35736,71.0088
2024-01-06 09:00:00,35.06147,64.40716,63.616,65.92196,184.5187
2024-01-06 10:00:00,88.11056,152.3026,153.2345,155.6302,451.2579
2024-01-06 11:00:00,124.0014,207.2965,209.5811,212.3963,618.9134
2024-01-06 12:00:00,63.34772,113.7042,116.3882,116.7373,334.9921
2024-01-06 13:00:00,41.07176,74.03141,73.37758,75.36789,213.3016
2024-01-06 14:00:00,51.01577,88.48859,88.32515,90.77104,258.2837
2024-01-06 15:00:00,26.72486,42.82333,41.82962,43.14452,118.5564
2024-01-06 16:00:00,6.545252,6.186376,6.090663,6.741634,9.308626
2024-01-06 17:00:00,0.2651731,0,0,0,-10.49022
2024-01-06 18:00:00,0,0,0,0,-10.29077
2024-01-06 19:00:00,0,0,0,0,-10.33898
2024-01-06 20:00:00,0,0,0,0,-10.39507
2024-01-06 21:00:00,0,0,0,0,-10.44264
2024-01-06 22:00:00,0,0,0,0,-10.4223
2024-01-06 23:00:00,0,0,0,0,-10.42484
2024-01-07 00:00:00,0,0,0,0,-10.4881
2024-01-07 01:00:00,0,0,0,0,-10.39049
2024-01-07 02:00:00,0,0,0,0,-10.43486
2024-01-07 03:00:00,0,0,0,0,-10.42893
2024-01-07 04:00:00,0,0,0,0,-10.33031
2024-01-07 05:00:00,0,0,0,0,-10.39161
2024-01-07 06:00:00,0,0,0,0,-10.37539
2024-01-07 07:00:00,14.82601,15.02766,14.41048,15.11266,34.63602
2024-01-07 08:00:00,72.48203,102.3179,104.1386,108.9858,305.7528
2024-01-07 09:00:00,263.321,445.5138,480.95,418.8601,1330.31
2024-01-07 10:00:00,390.3539,601.5231,638.6662,671.7064,1894.914
2024-01-07 11:00:00,711.5552,1322.47,1273.192,1295.431,3853.833
2024-01-07 12:00:00,817.998,1442.852,1542.948,1571.117,4503.454
2024-01-07 13:00:00,810.5343,1452.912,1506.665,1541.727,4454.811
2024-01-07 14:00:00,614.0477,1067.508,1130.633,1145.846,3314.806
2024-01-07 15:00:00,105.7054,162.5661,166.023,169.7025,488.8538
2024-01-07 16:00:00,77.89651,85.18597,91.926,84.30444,252.1026
2024-01-07 17:00:00,0.1629446,0.3021435,0.1515375,0.1900083,-9.58823
2024-01-07 18:00:00,0,0,0,0,-10.28329
2024-01-07 19:00:00,0,0,0,0,-10.27477
2024-01-07 20:00:00,0,0,0,0,-10.3048
2024-01-07 21:00:00,0,0,0,0,-10.26894
2024-01-07 22:00:00,0,0,0,0,-10.25042
2024-01-07 23:00:00,0,0,0,0,-10.36496
2024-01-08 00:00:00,0,0,0,0,-10.44165
2024-01-08 01:00:00,0,0,0,0,-10.41353
2024-01-08 02:00:00,0,0,0,0,-10.42589
2024-01-08 03:00:00,0,0,0,0,-10.3707
2024-01-08 04:00:00,0,0,0,0,-10.41156
2024-01-08 05:00:00,0,0,0,0,-10.45103
2024-01-08 06:00:00,0,0,0,0,-10.47702
2024-01-08 07:00:00,42.99734,49.1932,52.24129,48.92758,140.8561
2024-01-08 08:00:00,306.8996,439.5851,458.2206,455.7148,1339.677
2024-01-08 09:00:00,419.2029,784.1528,801.974,811.0286,2379.084
2024-01-08 10:00:00,612.3776,1155.251,1182.417,1196.111,3501.982
2024-01-08 11:00:00,697.551,1294.094,1325.293,1348.904,3928.708
2024-01-08 12:00:00,665.5656,1220.543,1249.731,1265.928,3701.026
2024-01-08 13:00:00,656.6362,1220.689,1231.928,1259.087,3676.561
2024-01-08 14:00:00,579.45,1049.642,1087.223,1130.491,3236.111
2024-01-08 15:00:00,360.8158,610.6852,634.7875,633.0381,1861.639
2024-01-08 16:00:00,150.4861,134.9243,162.9823,132.242,420.7536
2024-01-08 17:00:00,0.1692398,1.429836,1.164697,1.202446,-6.310286
2024-01-08 18:00:00,0,0,0,0,-10.34702
2024-01-08 19:00:00,0,0,0,0,-10.23571
2024-01-08 20:00:00,0,0,0,0,-10.24834
2024-01-08 21:00:00,0,0,0,0,-10.34277
2024-01-08 22:00:00,0,0,0,0,-10.31915
2024-01-08 23:00:00,0,0,0,0,-10.20243
2024-01-09 00:00:00,0,0,0,0,-10.25737
2024-01-09 01:00:00,0,0,0,0,-10.26548
2024-01-09 02:00:00,0,0,0,0,-10.25988
2024-01-09 03:00:00,0,0,0,0,-10.2843
2024-01-09 04:00:00,0,0,0,0,-10.30606
2024-01-09 05:00:00,0,0,0,0,-10.23604
2024-01-09 06:00:00,0,0,0,0,-10.17938
2024-01-09 07:00:00,6.718782,9.110497,8.57441,9.264411,17.34936
2024-01-09 08:00:00,15.47818,27.22972,26.02647,27.8483,71.55026
2024-01-09 09:00:00,56.40488,98.28243,98.77286,101.4389,289.0332
2024-01-09 10:00:00,45.50546,83.18857,82.8118,85.45786,242.0458
2024-01-09 11:00:00,80.27833,140.6006,141.5859,144.244,416.8531
2024-01-09 12:00:00,88.6555,150.4724,152.0389,155.2348,448.0481
2024-01-09 13:00:00,74.22875,126.8319,127.8484,130.1834,375.5126
2024-01-09 14:00:00,38.80202,67.19254,66.80312,69.27742,193.8454
2024-01-09 15:00:00,20.52727,36.36883,35.0809,35.90111,98.81263
2024-01-09 16:00:00,1.360741,0.9804166,0.5465277,0.9592365,-7.585532
2024-01-09 17:00:00,0.5801234,0,0,0,-10.24503
2024-01-09 18:00:00,0.5033088,0,0,0,-10.36227
2024-01-09 19:00:00,0,0,0,0,-10.39448
2024-01-09 20:00:00,0,0,0,0,-10.32648
2024-01-09 21:00:00,0.01119363,0,0,0,-10.26611
2024-01-09 22:00:00,0.3822862,0,0,0,-10.27294
2024-01-09 23:00:00,0.3560891,0,0,0,-10.22708
2024-01-10 00:00:00,0,0,0,0,-10.26546
2024-01-10 01:00:00,0,0,0,0,-10.24229
2024-01-10 02:00:00,0,0,0,0,-10.25202
2024-01-10 03:00:00,0,0,0,0,-10.18249
2024-01-10 04:00:00,0,0,0,0,-10.12407
2024-01-10 05:00:00,0,0,0,0,-10.13091
2024-01-10 06:00:00,0,0,0,0,-10.0564
2024-01-10 07:00:00,30.80214,27.36938,29.23756,27.11687,74.35783
2024-01-10 08:00:00,260.6435,417.4265,425.7853,410.6396,1241.608
2024-01-10 09:00:00,523.5101,1046.537,1038.58,1033.705,3094.707
2024-01-10 10:00:00,719.8901,1386.217,1420.986,1444.631,4210.11
2024-01-10 11:00:00,818.9081,1564.322,1605.697,1630.435,4749.248
2024-01-10 12:00:00,836.4337,1590.767,1635.609,1653.422,4827.542
2024-01-10 13:00:00,774.0972,1469.734,1510.993,1530.009,4464.207
2024-01-10 14:00:00,638.0078,1194.991,1242.436,1255.562,3658.811
2024-01-10 15:00:00,416.4652,727.3642,769.6707,763.6022,2239.229
2024-01-10 16:00:00,90.83513,104.3867,113.4377,109.2615,317.7175
2024-01-10 17:00:00,0.09512926,0.3009445,0.2156302,0.2610467,-9.432585
2024-01-10 18:00:00,0,0,0,0,-10.33113
2024-01-10 19:00:00,0,0,0,0,-10.36132
2024-01-10 20:00:00,0,0,0,0,-10.3666
2024-01-10 21:00:00,0,0,0,0,-10.4173
2024-01-10 22:00:00,0,0,0,0,-10.375
2024-01-10 23:00:00,0,0,0,0,-10.37971
2024-01-11 00:00:00,0,0,0,0,-10.3877
2024-01-11 01:00:00,0,0,0,0,-10.36172
2024-01-11 02:00:00,0,0,0,0,-10.30834
2024-01-11 03:00:00,0,0,0,0,-10.28677
2024-01-11 04:00:00,0,0,0,0,-10.29672
2024-01-11 05:00:00,0,0,0,0,-10.3686
2024-01-11 06:00:00,0,0,0,0,-10.43661
2024-01-11 07:00:00,45.78667,46.61023,54.24176,45.38912,136.5738
2024-01-11 08:00:00,317.3098,473.0914,489.6844,479.8167,1428.832
2024-01-11 09:00:00,541.5157,1046.28,1069.221,1087.875,3176.291
2024-01-11 10:00:00,713.4058,1352.133,1384.995,1410.382,4107.668
2024-01-11 11:00:00,816.9401,1517.252,1553.711,1579.671,4602.21
2024-01-11 12:00:00,836.0138,1534.006,1572.199,1597.157,4653.529
2024-01-11 13:00:00,771.709,1423.141,1458.252,1479.668,4316.557
2024-01-11 14:00:00,632.6503,1163.222,1205.34,1218.672,3554.418
2024-01-11 15:00:00,429.3224,739.3721,781.1506,774.9686,2275.563
2024-01-11 16:00:00,162.6871,148.3652,180.7597,146.89,466.144
2024-01-11 17:00:00,0.1585024,1.829883,1.68545,1.785022,-4.794532
2024-01-11 18:00:00,0,0,0,0,-10.32522
2024-01-11 19:00:00,0,0,0,0,-10.40979
2024-01-11 20:00:00,0,0,0,0,-10.38846
2024-01-11 21:00:00,0,0,0,0,-10.43402
2024-01-11 22:00:00,0.1099774,0,0,0,-10.46649
2024-01-11 23:00:00,0,0,0,0,-10.37909
2024-01-12 00:00:00,0,0,0,0,-10.47423
2024-01-12 01:00:00,0,0,0,0,-10.52156
2024-01-12 02:00:00,0,0,0,0,-10.50696
2024-01-12 03:00:00,0,0,0,0,-10.41128
2024-01-12 04:00:00,0,0,0,0,-10.52174
2024-01-12 05:00:00,0,0,0,0,-10.48192
2024-01-12 06:00:00,0,0,0,0,-10.42676
2024-01-12 07:00:00,55.65856,60.24067,67.99757,59.87583,178.9535
2024-01-12 08:00:00,381.615,544.6966,563.6539,556.7338,1651.214
2024-01-12 09:00:00,587.5639,1039.595,1066.99,1087.609,3168.367
2024-01-12 10:00:00,666.7606,1189.563,1216.597,1231.547,3604.215
2024-01-12 11:00:00,565.5291,1000.415,1026.196,1035.265,3035.376
2024-01-12 12:00:00,504.8841,870.549,896.1356,910.6582,2653.609
2024-01-12 13:00:00,368.7682,612.8321,629.0246,637.4551,1863.026
2024-01-12 14:00:00,306.6018,505.1429,515.7164,523.2921,1529.96
2024-01-12 15:00:00,198.1443,304.6657,312.3735,316.9806,923.6395
2024-01-12 16:00:00,79.54832,99.80669,103.7634,103.4,297.899
2024-01-12 17:00:00,0.2557994,0.2168034,0.1626026,0.2099637,-9.749956
2024-01-12 18:00:00,0,0,0,0,-10.33261
2024-01-12 19:00:00,0,0,0,0,-10.35184
2024-01-12 20:00:00,0.1175051,0,0,0,-10.38404
2024-01-12 21:00:00,0.04161501,0,0,0,-10.44173
2024-01-12 22:00:00,0.08568811,0,0,0,-10.35688
2024-01-12 23:00:00,0.01931994,0,0,0,-10.44265
2024-01-13 00:00:00,0.3614907,0,0,0,-10.44036
2024-01-13 01:00:00,0.02241525,0,0,0,-10.43356
2024-01-13 02:00:00,0,0,0,0,-10.35055
2024-01-13 03:00:00,0,0,0,0,-10.32965
2024-01-13 04:00:00,0,0,0,0,-10.32193
2024-01-13 05:00:00,0,0,0,0,-10.34159
2024-01-13 06:00:00,0,0,0,0,-10.24944
2024-01-13 07:00:00,5.407822,9.35199,8.608191,9.405463,17.81029
2024-01-13 08:00:00,293.054,450.5105,463.8082,458.5041,1358.841
2024-01-13 09:00:00,550.3071,1043.601,1067.937,1082.042,3164.374
2024-01-13 10:00:00,720.2762,1359.083,1394.234,1415.022,4125.912
2024-01-13 11:00:00,821.4496,1540.039,1583.127,1604.483,4675.643
2024-01-13 12:00:00,784.6974,1467.837,1492.374,1496.861,4406.656
2024-01-13 13:00:00,702.3029,1459.693,1461.715,1369.281,4239.814
2024-01-13 14:00:00,657.0519,1220.401,1270.766,1285.1,3739.794
2024-01-13 15:00:00,453.3908,794.185,841.1216,835.9251,2449.708
2024-01-13 16:00:00,182.5349,165.5676,200.5303,164.7208,520.5538
2024-01-13 17:00:00,0.7587166,2.585152,2.214771,2.382258,-2.775495
2024-01-13 18:00:00,0,0,0,0,-10.44014
2024-01-13 19:00:00,0,0,0,0,-10.46151
2024-01-13 20:00:00,0,0,0,0,-10.43273
2024-01-13 21:00:00,0,0,0,0,-10.40254
2024-01-13 22:00:00,0,0,0,0,-10.42072
2024-01-13 23:00:00,0,0,0,0,-10.43078
2024-01-14 00:00:00,0,0,0,0,-10.481
2024-01-14 01:00:00,0,0,0,0,-10.45589
2024-01-14 02:00:00,0,0,0,0,-10.38878
2024-01-14 03:00:00,0,0,0,0,-10.37975
2024-01-14 04:00:00,0,0,0,0,-10.39091
2024-01-14 05:00:00,0,0,0,0,-10.50659
2024-01-14 06:00:00,0,0,0,0,-10.49055
2024-01-14 07:00:00,29.54759,37.25256,38.99527,37.3043,104.1196
2024-01-14 08:00:00,280.9587,473.442,486.0656,482.3866,1428.008
2024-01-14 09:00:00,558.543,1086.908,1110.37,1126.243,3295.437
2024-01-14 10:00:00,741.7876,1404.276,1437.014,1458.45,4258.308
2024-01-14 11:00:00,846.376,1579.933,1618.35,1639.196,4786.464
2024-01-14 12:00:00,864.0015,1600.36,1638.841,1656.072,4841.902
2024-01-14 13:00:00,801.4222,1490.041,1527.273,1543.104,4512.499
2024-01-14 14:00:00,656.8046,1215.715,1260.012,1271.811,3711.885
2024-01-14 15:00:00,448.6751,789.9567,833.2574,828.5843,2430.361
2024-01-14 16:00:00,181.689,169.9293,203.0511,169.8922,532.6385
2024-01-14 17:00:00,0.5250028,1.632486,1.303655,1.473042,-5.769197
2024-01-14 18:00:00,0,0,0,0,-10.33366
2024-01-14 19:00:00,0,0,0,0,-10.37899
2024-01-14 20:00:00,0,0,0,0,-10.42051
2024-01-14 21:00:00,0,0,0,0,-10.44146
2024-01-14 22:00:00,0,0,0,0,-10.54868
2024-01-14 23:00:00,0,0,0,0,-10.49415
2024-01-15 00:00:00,0,0,0,0,-10.46382
2024-01-15 01:00:00,0,0,0,0,-10.51191
2024-01-15 02:00:00,0,0,0,0,-10.48892
2024-01-15 03:00:00,0,0,0,0,-10.4334
2024-01-15 04:00:00,0,0,0,0,-10.49732
2024-01-15 05:00:00,0,0,0,0,-10.46102
2024-01-15 06:00:00,0,0,0,0,-10.36909
2024-01-15 07:00:00,22.77962,30.88656,30.1388,31.25704,82.7705
2024-01-15 08:00:00,114.1305,173.8211,175.3814,178.3129,517.8417
2024-01-15 09:00:00,203.9408,331.6586,338.5152,343.5628,1002.36
2024-01-15 10:00:00,426.1037,754.9053,770.5345,772.4833,2279.442
2024-01-15 11:00:00,598.8681,1076.62,1111.555,1110.367,3269.359
2024-01-15 12:00:00,513.7755,826.1453,867.252,877.0518,2549.974
2024-01-15 13:00:00,564.5353,1035.064,1039.836,1029.132,3073.643
2024-01-15 14:00:00,478.1051,844.4559,876.1445,876.7235,2579.498
2024-01-15 15:00:00,300.4832,507.434,527.9812,529.8151,1550.563
2024-01-15 16:00:00,57.40224,78.77207,78.70749,80.34127,228.6075
2024-01-15 17:00:00,0.6170192,1.031919,0.663239,0.9890723,-7.463322
2024-01-15 18:00:00,0,0,0,0,-10.32171
2024-01-15 19:00:00,0,0,0,0,-10.32864
2024-01-15 20:00:00,0,0,0,0,-10.31264
2024-01-15 21:00:00,0,0,0,0,-10.32247
2024-01-15 22:00:00,0,0,0,0,-10.44619
2024-01-15 23:00:00,0,0,0,0,-10.43857
2024-01-16 00:00:00,0,0,0,0,-10.35596
2024-01-16 01:00:00,0.1289223,0,0,0,-10.37318
2024-01-16 02:00:00,0,0,0,0,-10.39187
2024-01-16 03:00:00,0,0,0,0,-10.35468
2024-01-16 04:00:00,0,0,0,0,-10.424
2024-01-16 05:00:00,0,0,0,0,-10.33825
2024-01-16 06:00:00,0,0,0,0,-10.11539
2024-01-16 07:00:00,24.8224,27.62557,26.87809,28.0742,72.77687
2024-01-16 08:00:00,87.4123,122.8825,123.8643,125.6687,362.9192
2024-01-16 09:00:00,145.353,231.2649,232.2643,238.1604,691.3698
2024-01-16 10:00:00,217.7076,342.4113,348.974,364.9077,1045.206
2024-01-16 11:00:00,99.73062,169.2526,173.0075,177.821,510.3474
2024-01-16 12:00:00,90.18825,159.1715,161.3683,167.0125,477.4799
2024-01-16 13:00:00,75.91985,135.6129,136.5846,139.1885,401.6985
2024-01-16 14:00:00,58.88155,99.96227,101.153,108.0181,299.8694
2024-01-16 15:00:00,25.14873,44.19476,42.90927,43.65062,121.5558
2024-01-16 16:00:00,10.05519,14.6196,13.66897,14.96633,33.93249
2024-01-16 17:00:00,0.06014531,0,0,0,-10.36847
2024-01-16 18:00:00,0,0,0,0,-10.40827
2024-01-16 19:00:00,0,0,0,0,-10.4798
2024-01-16 20:00:00,0,0,0,0,-10.45267
2024-01-16 21:00:00,0,0,0,0,-10.53363
2024-01-16 22:00:00,0,0,0,0,-10.52138
2024-01-16 23:00:00,0,0,0,0,-10.5213
2024-01-17 00:00:00,0,0,0,0,-10.55134
2024-01-17 01:00:00,0,0,0,0,-10.54529
2024-01-17 02:00:00,0,0,0,0,-10.5655
2024-01-17 03:00:00,0,0,0,0,-10.51371
2024-01-17 04:00:00,0,0,0,0,-10.60261
2024-01-17 05:00:00,0,0,0,0,-10.70455
2024-01-17 06:00:00,0,0,0,0,-10.80958
2024-01-17 07:00:00,68.4128,56.69554,65.74997,55.15865,167.9765
2024-01-17 08:00:00,359.9942,541.3762,558.2089,551.7817,1637.133
2024-01-17 09:00:00,573.7575,1129.927,1155.702,1174.828,3431.362
2024-01-17 10:00:00,756.9459,1469.536,1507.731,1535.128,4468.787
2024-01-17 11:00:00,863.0811,1643.153,1662.111,1665.814,4918.208
2024-01-17 12:00:00,883.735,1660.03,1666.297,1666.147,4938.979
2024-01-17 13:00:00,822.0859,1561.648,1603,1617.534,4734.399
2024-01-17 14:00:00,684.4781,1295.261,1343.45,1358.778,3961.458
2024-01-17 15:00:00,479.2198,870.7669,919.9866,918.2506,2686.961
2024-01-17 16:00:00,210.0849,213.4128,251.9266,215.0487,670.3702
2024-01-17 17:00:00,4.055478,3.933985,4.065432,3.544904,1.411187
2024-01-17 18:00:00,0,0,0,0,-10.47279
2024-01-17 19:00:00,0,0,0,0,-10.44861
2024-01-17 20:00:00,0,0,0,0,-10.50708
2024-01-17 21:00:00,0,0,0,0,-10.56
2024-01-17 22:00:00,0,0,0,0,-10.52553
2024-01-17 23:00:00,0,0,0,0,-10.56478
2024-01-18 00:00:00,0,0,0,0,-10.43344
2024-01-18 01:00:00,0,0,0,0,-10.35745
2024-01-18 02:00:00,0,0,0,0,-10.48197
2024-01-18 03:00:00,0,0,0,0,-10.49539
2024-01-18 04:00:00,0,0,0,0,-10.52375
2024-01-18 05:00:00,0,0,0,0,-10.58264
2024-01-18 06:00:00,0,0,0,0,-10.65768
2024-01-18 07:00:00,70.41792,55.16735,63.02959,52.46458,160.8335
2024-01-18 08:00:00,376.3901,538.5364,554.105,545.5915,1624.256
2024-01-18 09:00:00,556.4602,1086.851,1110.393,1126.578,3295.963
2024-01-18 10:00:00,776.4213,1419.717,1443.459,1464.771,4286.245
2024-01-18 11:00:00,846.0933,1547.705,1587.117,1597.39,4682.643
2024-01-18 12:00:00,874.9642,1616.051,1643.707,1650.768,4857.827
2024-01-18 13:00:00,800.1324,1473.056,1504.47,1516.303,4448.074
2024-01-18 14:00:00,687.9847,1250.101,1294.124,1305.491,3821.107
2024-01-18 15:00:00,470.1215,841.7766,883.2489,879.4873,2587.653
2024-01-18 16:00:00,214.1949,243.7754,274.6882,249.6283,757.3269
2024-01-18 17:00:00,3.275295,5.642502,5.760707,5.258768,6.556432
2024-01-18 18:00:00,0,0,0,0,-10.45144
2024-01-18 19:00:00,0,0,0,0,-10.43578
2024-01-18 20:00:00,0,0,0,0,-10.35058
2024-01-18 21:00:00,0,0,0,0,-10.31235
2024-01-18 22:00:00,0,0,0,0,-10.39285
2024-01-18 23:00:00,0,0,0,0,-10.45411
2024-01-19 00:00:00,0,0,0,0,-10.42923
2024-01-19 01:00:00,0,0,0,0,-10.57596
2024-01-19 02:00:00,0,0,0,0,-10.57547
2024-01-19 03:00:00,0,0,0,0,-10.45413
2024-01-19 04:00:00,0,0,0,0,-10.38595
2024-01-19 05:00:00,0,0,0,0,-10.45858
2024-01-19 06:00:00,0,0,0,0,-10.3683
2024-01-19 07:00:00,6.77721,8.691302,7.652876,8.510377,15.01009
2024-01-19 08:00:00,54.16771,86.2364,85.87507,87.88757,250.5389
2024-01-19 09:00:00,202.3634,362.4411,357.8268,372.2253,1078.907
2024-01-19 10:00:00,392.4125,663.7083,684.3328,677.234,2009.859
2024-01-19 11:00:00,708.8538,1124.733,1206.037,1240.173,3530.764
2024-01-19 12:00:00,795.5091,1418.281,1454.612,1418.598,4252.167
2024-01-19 13:00:00,583.0847,1077.539,1096.912,1096.632,3248.63
2024-01-19 14:00:00,228.3649,370.6935,383.2953,404.5771,1144.79
2024-01-19 15:00:00,164.5025,257.488,267.4623,279.2173,791.1653
2024-01-19 16:00:00,50.89762,63.94105,65.16389,64.99454,184.923
2024-01-19 17:00:00,2.096889,4.5618,4.136889,4.26875,3.134293
2024-01-19 18:00:00,0,0,0,0,-10.3363
2024-01-19 19:00:00,0,0,0,0,-10.36185
2024-01-19 20:00:00,0,0,0,0,-10.32273
2024-01-19 21:00:00,0,0,0,0,-10.39666
2024-01-19 22:00:00,0,0,0,0,-10.44107
2024-01-19 23:00:00,0,0,0,0,-10.45778
2024-01-20 00:00:00,0,0,0,0,-10.55644
2024-01-20 01:00:00,0,0,0,0,-10.59507
2024-01-20 02:00:00,0,0,0,0,-10.55543
2024-01-20 03:00:00,0,0,0,0,-10.60359
2024-01-20 04:00:00,0,0,0,0,-10.54792
2024-01-20 05:00:00,0,0,0,0,-10.54012
2024-01-20 06:00:00,0,0,0,0,-10.54193
2024-01-20 07:00:00,57.8373,57.46788,64.01581,55.05088,167.3434
2024-01-20 08:00:00,322.4636,540.0899,552.1503,545.4823,1623.748
2024-01-20 09:00:00,562.3376,1105.137,1129.267,1148.579,3354.061
2024-01-20 10:00:00,761.1946,1358.818,1393.638,1487.206,4198.92
2024-01-20 11:00:00,371.5332,625.9788,658.0942,705.7017,1973.505
2024-01-20 12:00:00,461.1379,807.4133,804.1982,802.9255,2386.633
2024-01-20 13:00:00,598.5636,1081.558,1138.791,1034.37,3222.43
2024-01-20 14:00:00,274.9225,468.4526,470.2155,452.697,1378.323
2024-01-20 15:00:00,354.4124,621.2167,642.3323,658.6813,1904.596
2024-01-20 16:00:00,118.0869,143.1954,164.5844,165.8808,463.9961
2024-01-20 17:00:00,5.42466,6.482636,6.944261,5.835735,9.447877
2024-01-20 18:00:00,0,0,0,0,-10.64707
2024-01-20 19:00:00,0,0,0,0,-10.57073
2024-01-20 20:00:00,0,0,0,0,-10.53556
2024-01-20 21:00:00,0,0,0,0,-10.59358
2024-01-20 22:00:00,0,0,0,0,-10.59795
2024-01-20 23:00:00,0,0,0,0,-10.6188
2024-01-21 00:00:00,0,0,0,0,-10.57037
2024-01-21 01:00:00,0,0,0,0,-10.53294
2024-01-21 02:00:00,0,0,0,0,-10.59413
2024-01-21 03:00:00,0,0,0,0,-10.73624
2024-01-21 04:00:00,0,0,0,0,-10.69322
2024-01-21 05:00:00,0,0,0,0,-10.76983
2024-01-21 06:00:00,0,0,0,0,-10.65735
2024-01-21 07:00:00,63.81366,55.30527,63.02425,54.23539,163.1501
2024-01-21 08:00:00,338.2441,569.3729,584.2318,580.7943,1719.685
2024-01-21 09:00:00,579.3792,1154.177,1179.235,1201.626,3504.878
2024-01-21 10:00:00,762.3957,1502.787,1539.368,1570.217,4567.442
2024-01-21 11:00:00,869.0162,1659.343,1665.971,1665.694,4939.313
2024-01-21 12:00:00,895.7919,1665.532,1665.774,1666.391,4947.241
2024-01-21 13:00:00,837.3555,1603.31,1631.358,1643.769,4828.248
2024-01-21 14:00:00,697.7385,1325.681,1373.636,1394.853,4057.128
2024-01-21 15:00:00,489.5617,901.0887,949.5668,950.8171,2778.594
2024-01-21 16:00:00,227.86,264.2411,304.0799,271.7751,829.764
2024-01-21 17:00:00,7.022469,6.815973,7.922332,5.756505,10.53385
2024-01-21 18:00:00,0,0,0,0,-10.56276
2024-01-21 19:00:00,0,0,0,0,-10.66233
2024-01-21 20:00:00,0,0,0,0,-10.69522
2024-01-21 21:00:00,0,0,0,0,-10.80633
2024-01-21 22:00:00,0,0,0,0,-10.72036
2024-01-21 23:00:00,0,0,0,0,-10.84871
2024-01-22 00:00:00,0,0,0,0,-10.70167
2024-01-22 01:00:00,0,0,0,0,-10.65463
2024-01-22 02:00:00,0,0,0,0,-10.75043
2024-01-22 03:00:00,0,0,0,0,-10.79106
2024-01-22 04:00:00,0,0,0,0,-10.67025
2024-01-22 05:00:00,0,0,0,0,-10.6291
2024-01-22 06:00:00,0,0,0,0,-10.59709
2024-01-22 07:00:00,81.38179,61.35619,70.48855,60.10841,182.4672
2024-01-22 08:00:00,424.6528,583.551,599.2507,593.0624,1761.036
2024-01-22 09:00:00,615.603,1114.875,1140.209,1157.876,3384.511
2024-01-22 10:00:00,748.5035,1424.902,1457.152,1481.233,4322.306
2024-01-22 11:00:00,853.0695,1597.002,1636.059,1651.67,4833.745
2024-01-22 12:00:00,879.5227,1634.465,1658.368,1661.969,4901.112
2024-01-22 13:00:00,817.5765,1522.517,1560.423,1586.766,4620.987
2024-01-22 14:00:00,675.9514,1254.014,1293.264,1307.983,3820.602
2024-01-22 15:00:00,489.4253,882.413,929.2124,929.1234,2717.623
2024-01-22 16:00:00,222.4202,266.8769,305.0577,275.296,836.077
2024-01-22 17:00:00,4.935415,6.420923,7.003762,5.560863,8.781134
2024-01-22 18:00:00,0,0,0,0,-10.45096
2024-01-22 19:00:00,0,0,0,0,-10.51285
2024-01-22 20:00:00,0,0,0,0,-10.47441
2024-01-22 21:00:00,0,0,0,0,-10.52944
2024-01-22 22:00:00,0,0,0,0,-10.52946
2024-01-22 23:00:00,0,0,0,0,-10.54901
2024-01-23 00:00:00,0,0,0,0,-10.56136
2024-01-23 01:00:00,0,0,0,0,-10.63008
2024-01-23 02:00:00,0,0,0,0,-10.6287
2024-01-23 03:00:00,0,0,0,0,-10.61682
2024-01-23 04:00:00,0,0,0,0,-10.4657
2024-01-23 05:00:00,0,0,0,0,-10.47655
2024-01-23 06:00:00,0,0,0,0,-10.50421
2024-01-23 07:00:00,16.6405,24.48072,23.13905,24.4748,62.86097
2024-01-23 08:00:00,143.2684,245.4712,251.7,256.9049,743.5493
2024-01-23 09:00:00,227.8865,369.0343,383.5173,402.625,1143.065
2024-01-23 10:00:00,210.583,353.6416,360.8295,366.1679,1068.848
2024-01-23 11:00:00,494.3769,848.0989,868.6545,879.7922,2574.989
2024-01-23 12:00:00,221.4806,367.2074,374.0054,378.9461,1107.681
2024-01-23 13:00:00,167.2019,280.628,285.3736,290.1723,845.1492
2024-01-23 14:00:00,132.9796,220.5333,223.1789,227.2834,660.5995
2024-01-23 15:00:00,79.77675,134.1685,134.7641,138.0137,397.2556
2024-01-23 16:00:00,21.04809,36.68119,35.76365,37.43596,100.4211
2024-01-23 17:00:00,1.018807,1.274507,0.9574553,1.233011,-6.765025
2024-01-23 18:00:00,0,0,0,0,-10.55609
2024-01-23 19:00:00,0,0,0,0,-10.53599
2024-01-23 20:00:00,0,0,0,0,-10.40302
2024-01-23 21:00:00,0,0,0,0,-10.40285
2024-01-23 22:00:00,0,0,0,0,-10.42
2024-01-23 23:00:00,0,0,0,0,-10.36353
2024-01-24 00:00:00,0,0,0,0,-10.41647
2024-01-24 01:00:00,0,0,0,0,-10.3679
2024-01-24 02:00:00,0,0,0,0,-10.2891
2024-01-24 03:00:00,0,0,0,0,-10.23901
2024-01-24 04:00:00,0,0,0,0,-10.24557
2024-01-24 05:00:00,0,0,0,0,-10.15147
2024-01-24 06:00:00,0,0,0,0,-10.11145
2024-01-24 07:00:00,17.64467,19.3339,18.42057,19.14191,47.44975
2024-01-24 08:00:00,110.829,162.5698,164.2709,166.7183,483.6593
2024-01-24 09:00:00,345.0053,605.4562,604.114,605.9485,1798.393
2024-01-24 10:00:00,616.0446,1052.66,1084.772,1093.13,3200.353
2024-01-24 11:00:00,452.5945,757.5294,777.2551,783.9921,2298.075
2024-01-24 12:00:00,395.3333,634.1115,657.5349,674.6069,1948.77
2024-01-24 13:00:00,434.0923,715.5896,732.3822,741.7399,2170.628
2024-01-24 14:00:00,556.2018,966.7932,1004.671,1013.875,2956.031
2024-01-24 15:00:00,259.2509,432.8701,443.9162,446.4235,1308.881
2024-01-24 16:00:00,193.3304,248.5135,266.7929,256.365,760.447
2024-01-24 17:00:00,2.531202,5.448306,5.194139,5.374162,6.17603
2024-01-24 18:00:00,0,0,0,0,-10.3523
2024-01-24 19:00:00,0,0,0,0,-10.2542
2024-01-24 20:00:00,0,0,0,0,-10.25694
2024-01-24 21:00:00,0,0,0,0,-10.22929
2024-01-24 22:00:00,0,0,0,0,-10.3998
2024-01-24 23:00:00,0,0,0,0,-10.3475
2024-01-25 00:00:00,0,0,0,0,-10.34558
2024-01-25 01:00:00,0,0,0,0,-10.2962
2024-01-25 02:00:00,0,0,0,0,-10.28494
2024-01-25 03:00:00,0,0,0,0,-10.33988
2024-01-25 04:00:00,0,0,0,0,-10.31972
2024-01-25 05:00:00,0,0,0,0,-10.33536
2024-01-25 06:00:00,0,0,0,0,-10.31773
2024-01-25 07:00:00,19.57746,21.79457,20.70902,22.04541,54.58913
2024-01-25 08:00:00,44.77588,65.98994,65.94577,67.98293,190.4692
2024-01-25 09:00:00,135.8326,206.3847,210.2811,214.0482,619.5445
2024-01-25 10:00:00,171.4577,266.0707,273.5893,284.0737,831.6949
2024-01-25 11:00:00,298.7505,486.64,503.1137,513.6759,1506.339
2024-01-25 12:00:00,396.9894,675.0891,697.6389,666.0599,1971.759
2024-01-25 13:00:00,182.7524,295.2401,299.9225,302.6965,886.56
2024-01-25 14:00:00,155.0215,252.1647,255.6705,259.7809,759.6544
2024-01-25 15:00:00,76.45045,125.0583,126.1084,128.7588,370.4101
2024-01-25 16:00:00,25.96375,39.05491,37.87974,38.85278,106.4335
2024-01-25 17:00:00,0.03340977,0,0,0,-10.30631
2024-01-25 18:00:00,0,0,0,0,-10.30692
2024-01-25 19:00:00,0,0,0,0,-10.2882
2024-01-25 20:00:00,0,0,0,0,-10.27066
2024-01-25 21:00:00,0,0,0,0,-10.24916
2024-01-25 22:00:00,0,0,0,0,-10.21414
2024-01-25 23:00:00,0,0,0,0,-10.20032
2024-01-26 00:00:00,0,0,0,0,-10.21629
2024-01-26 01:00:00,0,0,0,0,-10.30701
2024-01-26 02:00:00,0,0,0,0,-10.2846
2024-01-26 03:00:00,0,0,0,0,-10.2746
2024-01-26 04:00:00,0,0,0,0,-10.23638
2024-01-26 05:00:00,0,0,0,0,-10.23389
2024-01-26 06:00:00,0,0,0,0,-10.23083
2024-01-26 07:00:00,10.5631,10.98673,10.23812,11.25194,23.01673
2024-01-26 08:00:00,134.2113,229.8378,218.7694,215.4677,649.3414
2024-01-26 09:00:00,378.1354,637.2009,662.025,645.1173,1905.181
2024-01-26 10:00:00,539.0021,927.5227,944.8777,974.6682,2823.103
2024-01-26 11:00:00,542.7909,885.0094,912.8108,902.8152,2657.418
2024-01-26 12:00:00,566.7913,955.1035,947.8718,954.5862,2820.168
2024-01-26 13:00:00,562.2328,948.9878,1027.568,1005.261,2949.889
2024-01-26 14:00:00,599.8528,1038.438,1107.774,1126.958,3241.425
2024-01-26 15:00:00,358.8314,615.6421,637.1908,638.8269,1825.518
2024-01-26 16:00:00,162.2541,219.9989,240.5461,230.1967,678.8639
2024-01-26 17:00:00,3.714839,6.112362,5.822085,27,8.280863
2024-01-26 18:00:00,0,0,0,27,-10.18839
2024-01-26 19:00:00,0,0,0,27,-10.18153
2024-01-26 20:00:00,0,0,0,27,-10.16249
2024-01-26 21:00:00,0,0,0,27,-10.23064
2024-01-26 22:00:00,0,0,0,27,-10.31851
2024-01-26 23:00:00,0,0,0,27,-10.27964
2024-01-27 00:00:00,0,0,0,27,-10.2533
2024-01-27 01:00:00,0,0,0,27,-10.38445
2024-01-27 02:00:00,0,0,0,27,-10.40429
2024-01-27 03:00:00,0,0,0,27,-10.45951
2024-01-27 04:00:00,0.1534436,0,0,27,-10.48791
2024-01-27 05:00:00,0.0971431,0,0,27,-10.38554
2024-01-27 06:00:00,0,0,0,18.7575,-10.31145
2024-01-27 07:00:00,62.53279,54.85993,58.36973,53.26001,156.928
2024-01-27 08:00:00,334.4009,557.6424,574.0272,572.2885,1691.067
2024-01-27 09:00:00,574.549,1068.04,1091.08,1109.73,3238.758
2024-01-27 10:00:00,423.0511,715.9268,734.8103,757.1262,2182.347
2024-01-27 11:00:00,347.5489,605.7028,621.2757,629.9464,1812.856
2024-01-27 12:00:00,506.2318,904.1684,905.3525,902.6285,2689.758
2024-01-27 13:00:00,679.7147,1222.192,1210.281,1181.214,3570.404
2024-01-27 14:00:00,477.0919,877.3934,898.8846,860.3662,2632.269
2024-01-27 15:00:00,403.0443,716.5577,749.1119,728.5573,2134.112
2024-01-27 16:00:00,73.35548,102.2645,103.7933,106.2828,303.053
2024-01-27 17:00:00,3.536695,3.351855,3.018105,3.240882,-0.2242585
2024-01-27 18:00:00,0,0,0,0,-10.26583
2024-01-27 19:00:00,0,0,0,0,-10.32909
2024-01-27 20:00:00,0,0,0,0,-10.30755
2024-01-27 21:00:00,0,0,0,0,-10.30344
2024-01-27 22:00:00,0,0,0,0,-10.35565
2024-01-27 23:00:00,0,0,0,0,-10.31432
2024-01-28 00:00:00,0,0,0,0,-10.34687
2024-01-28 01:00:00,0,0,0,0,-10.41946
2024-01-28 02:00:00,0,0,0,0,-10.38886
2024-01-28 03:00:00,0,0,0,0,-10.3504
2024-01-28 04:00:00,0,0,0,0,-10.30711
2024-01-28 05:00:00,0,0,0,0,-10.5125
2024-01-28 06:00:00,0,0,0,0,-10.49996
2024-01-28 07:00:00,17.95358,20.99317,20.19643,21.60979,52.93193
2024-01-28 08:00:00,203.2753,312.1012,332.4861,354.0107,986.6365
2024-01-28 09:00:00,467.1827,926.8718,919.1557,855.2919,2676.508
2024-01-28 10:00:00,460.1699,699.2186,770.8785,902.6273,2367.296
2024-01-28 11:00:00,670.2935,1064.354,1125.952,1178.803,3322.01
2024-01-28 12:00:00,671.9298,1123.175,1196.755,1160.194,3438.585
2024-01-28 13:00:00,731.4443,1235.539,1271.75,1284.133,3742.577
2024-01-28 14:00:00,675.3727,1157.987,1244.195,1309.65,3683.547
2024-01-28 15:00:00,291.909,455.8713,450.1134,531.7086,1423.622
2024-01-28 16:00:00,53.09135,81.47884,75.83049,80.12803,228.1105
2024-01-28 17:00:00,5.62726,6.16142,5.586965,6.130448,8.227235
2024-01-28 18:00:00,0,0,0,0,-10.33039
2024-01-28 19:00:00,0,0,0,0,-10.35551
2024-01-28 20:00:00,0,0,0,0,-10.36451
2024-01-28 21:00:00,0,0,0,0,-10.29803
2024-01-28 22:00:00,0,0,0,0,-10.35284
2024-01-28 23:00:00,0,0,0,0,-10.33049
2024-01-29 00:00:00,0,0,0,0,-10.27928
2024-01-29 01:00:00,0,0,0,0,-10.3674
2024-01-29 02:00:00,0,0,0,0,-10.26405
2024-01-29 03:00:00,0,0,0,0,-10.34873
2024-01-29 04:00:00,0,0,0,0,-10.29258
2024-01-29 05:00:00,0,0,0,0,-10.3366
2024-01-29 06:00:00,0,0,0,0,-10.30666
2024-01-29 07:00:00,3.97667,5.986486,4.946635,5.264264,6.321029
2024-01-29 08:00:00,38.85518,65.58161,65.04629,67.28824,188.8607
2024-01-29 09:00:00,136.0746,218.3827,221.5928,226.1951,656.0211
2024-01-29 10:00:00,424.6087,670.3625,722.5397,702.7811,2068.818
2024-01-29 11:00:00,512.1976,852.617,904.3951,909.8052,2644.486
2024-01-29 12:00:00,377.9299,617.5104,638.4083,659.0784,1899.714
2024-01-29 13:00:00,316.2599,502.5597,523.585,543.9397,1554.733
2024-01-29 14:00:00,345.8596,578.5661,614.6334,587.2678,1761.038
2024-01-29 15:00:00,284.8611,503.6296,494.2526,508.1845,1489.713
2024-01-29 16:00:00,261.4185,348.3612,390.7287,362.9287,1089.418
2024-01-29 17:00:00,13.05016,16.26165,19.8023,14.43649,40.87419
2024-01-29 18:00:00,0,0,0,0,-10.32482
2024-01-29 19:00:00,0,0,0,0,-10.40821
2024-01-29 20:00:00,0,0,0,0,-10.33935
2024-01-29 21:00:00,0,0,0,0,-10.32915
2024-01-29 22:00:00,0,0,0,0,-10.35293
2024-01-29 23:00:00,0,0,0,0,-10.46156
2024-01-30 00:00:00,0,0,0,0,-10.5008
2024-01-30 01:00:00,0,0,0,0,-10.52378
2024-01-30 02:00:00,0.03358089,0,0,0,-10.51686
2024-01-30 03:00:00,0,0,0,0,-10.47744
2024-01-30 04:00:00,0,0,0,0,-10.51296
2024-01-30 05:00:00,0,0,0,0,-10.65473
2024-01-30 06:00:00,0,0,0,0,-10.45338
2024-01-30 07:00:00,99.64438,82.83068,91.5478,80.37373,245.467
2024-01-30 08:00:00,372.5143,637.2562,650.3409,648.2838,1920.08
2024-01-30 09:00:00,578.2951,1125.128,1150.161,1170.605,3416.34
2024-01-30 10:00:00,735.947,1438.947,1463.028,1411.655,4271.265
2024-01-30 11:00:00,802.9477,1487.327,1546.068,1533.568,4521.075
2024-01-30 12:00:00,812.5132,1486.336,1522.914,1528.046,4489.658
2024-01-30 13:00:00,801.5447,1371.21,1456.62,1499.701,4284.834
2024-01-30 14:00:00,639.8248,1127.461,1172.977,1221.146,3490.848
2024-01-30 15:00:00,495.3971,864.5638,918.9432,932.228,2693.771
2024-01-30 16:00:00,216.6689,314.3999,341.2293,335.1296,976.9667
2024-01-30 17:00:00,17.56165,28.65045,31.28151,27.66864,78.44965
2024-01-30 18:00:00,0,0,0,0,-10.4125
2024-01-30 19:00:00,0,0,0,0,-10.43953
2024-01-30 20:00:00,0,0,0,0,-10.34853
2024-01-30 21:00:00,0,0,0,0,-10.35386
2024-01-30 22:00:00,0,0,0,0,-10.43995
2024-01-30 23:00:00,0,0,0,0,-10.36075
2024-01-31 00:00:00,0,0,0,0,-10.51579
2024-01-31 01:00:00,0,0,0,0,-10.5518
2024-01-31 02:00:00,0,0,0,0,-10.50095
2024-01-31 03:00:00,0,0,0,0,-10.42582
2024-01-31 04:00:00,0,0,0,0,-10.35441
2024-01-31 05:00:00,0,0,0,0,-10.37198
2024-01-31 06:00:00,0,0,0,0,-10.38263
2024-01-31 07:00:00,6.920757,8.956655,8.216237,9.29648,16.96255
2024-01-31 08:00:00,56.76737,92.64952,92.17201,95.14918,270.821
2024-01-31 09:00:00,88.41248,153.4984,154.2834,156.7293,454.5825
2024-01-31 10:00:00,119.7823,211.4701,213.4802,216.4203,631.303
2024-01-31 11:00:00,242.5345,417.0097,423.6627,428.0046,1256.868
2024-01-31 12:00:00,306.926,527.918,539.2125,547.926,1600.709
2024-01-31 13:00:00,569.0758,1074.308,1102.805,1116.867,3260.654
2024-01-31 14:00:00,712.2431,1251.426,1291.889,1409.492,3913.751
2024-01-31 15:00:00,220.6378,458.3304,423.4372,373.592,1243.566
2024-01-31 16:00:00,190.4382,321.2639,337.4878,307.6758,956.0579
2024-01-31 17:00:00,17.41459,21.65133,24.86227,20.22041,57.10793
2024-01-31 18:00:00,0,0,0,0,-10.38051
2024-01-31 19:00:00,0,0,0,0,-10.37938
2024-01-31 20:00:00,0,0,0,0,-10.35648
2024-01-31 21:00:00,0,0,0,0,-10.40157
2024-01-31 22:00:00,0,0,0,0,-10.38047
2024-01-31 23:00:00,0,0,0,0,-10.4363
