Siler 421 Farm,Unnamed: 1,Unnamed: 2,Unnamed: 3,Unnamed: 4,Unnamed: 5,Unnamed: 6,Unnamed: 7,Unnamed: 8
,,,,,,,,
Timestamp,POA*,"SMA SC-800CP-US - A1, Pac","SMA SC-800CP-US - A2, Pac","SMA SC-800CP-US - B1, Pac","SMA SC-800CP-US - B2, Pac","SMA SC-800CP-US - C1, Pac","SMA SC-800CP-US - C2, Pac",Production meter active power
,W/mÂ²,kW,kW,kW,kW,kW,kW,kW
2024-01-01 00:00:00,0,0,,0,0,0,0,-8.466332
2024-01-01 01:00:00,0,0,,0,0,0,0,-8.478091
2024-01-01 02:00:00,0,0,,0,0,0,0,-8.487482
2024-01-01 03:00:00,0,0,,0,0,0,0,-8.471979
2024-01-01 04:00:00,0,0,,0,0,0,0,-8.443452
2024-01-01 05:00:00,0.1157413,0,,0,0,0,0,-8.47892
2024-01-01 06:00:00,0.02644331,0,,0,0,0,0,-8.431186
2024-01-01 07:00:00,7.376338,1.799167,,1.920708,3.549041,0,0,-1.890207
2024-01-01 08:00:00,48.83886,31.90468,,33.63782,42.15884,38.07172,39.06863,214.0104
2024-01-01 09:00:00,93.51556,76.04555,,78.56271,78.70657,81.61832,82.0695,477.244
2024-01-01 10:00:00,202.2063,168.1403,,173.7047,173.9987,180.6013,181.6067,1060.897
2024-01-01 11:00:00,468.7099,440.5118,,460.8735,281.3318,462.2436,471.0053,2559.601
2024-01-01 12:00:00,723.8627,629.0646,,670.3268,657.5955,681.3493,678.9089,3935.534
2024-01-01 13:00:00,465.9339,438.0284,,432.1395,431.9075,447.6328,453.5618,2684.217
2024-01-01 14:00:00,447.8766,375.999,,386.6525,380.7817,444.4782,418.2049,2389.497
2024-01-01 15:00:00,245.8593,234.1561,,231.7909,236.9738,233.6831,231.835,1394.975
2024-01-01 16:00:00,62.68805,41.10906,,47.95098,44.84443,46.39693,48.12458,264.9676
2024-01-01 17:00:00,1.234776,1.181162,,2.053103,1.278422,1.586288,1.914554,1.837418
2024-01-01 18:00:00,0,0,,0,0,0,0,-8.491523
2024-01-01 19:00:00,0,0,,0,0,0,0,-8.434711
2024-01-01 20:00:00,0,0,,0,0,0,0,-8.445095
2024-01-01 21:00:00,0,0,,0,0,0,0,-8.426709
2024-01-01 22:00:00,0,0,,0,0,0,0,-8.500701
2024-01-01 23:00:00,0,0,,0,0,0,0,-8.530855
2024-01-02 00:00:00,0,0,,0,0,0,0,-8.495529
2024-01-02 01:00:00,0,0,,0,0,0,0,-8.479218
2024-01-02 02:00:00,0,0,,0,0,0,0,-8.442823
2024-01-02 03:00:00,0,0,,0,0,0,0,-8.390876
2024-01-02 04:00:00,0,0,,0,0,0,0,-8.435501
2024-01-02 05:00:00,0,0,,0,0,0,0,-8.398967
2024-01-02 06:00:00,0,0,,0,0,0,0,-8.467916
2024-01-02 07:00:00,6.969141,5.183397,,5.484478,4.52364,2.129616,3.24589,13.70307
2024-01-02 08:00:00,197.505,155.1389,,200.5163,166.2306,190.5026,214.3857,1088.52
2024-01-02 09:00:00,493.6276,496.7838,,514.5568,501.6675,535.5362,555.9497,3126.431
2024-01-02 10:00:00,682.606,685.7095,,703.8047,702.2513,738.6543,746.0787,4289.835
2024-01-02 11:00:00,794.9517,788.0855,,802.7862,806.0708,829.3578,830.8304,4839.305
2024-01-02 12:00:00,822.4171,804.0251,,818.9835,822.8719,832.9025,832.9323,4895.312
2024-01-02 13:00:00,779.6395,759.2126,,772.5473,778.3526,803.4882,803.4365,4657.17
2024-01-02 14:00:00,656.9885,636.5847,,648.3027,656.9566,671.3525,670.2538,3915.179
2024-01-02 15:00:00,461.2325,420.2634,,444.1066,447.4934,452.2812,452.538,2623.232
2024-01-02 16:00:00,140.4999,93.05296,,123.5367,104.8412,104.1713,115.4576,620.4431
2024-01-02 17:00:00,0.5959089,1.107883,,1.678763,1.341282,1.531788,1.781139,0.761615
2024-01-02 18:00:00,0,0,,0,0,0,0,-8.420359
2024-01-02 19:00:00,0,0,,0,0,0,0,-8.439775
2024-01-02 20:00:00,0,0,,0,0,0,0,-8.405665
2024-01-02 21:00:00,0,0,,0,0,0,0,-8.422024
2024-01-02 22:00:00,0,0,,0,0,0,0,-8.518283
2024-01-02 23:00:00,0,0,,0,0,0,0,-8.467332
2024-01-03 00:00:00,0.1216935,0,,0,0,0,0,-8.443426
2024-01-03 01:00:00,0.05603235,0,,0,0,0,0,-8.411427
2024-01-03 02:00:00,0,0,,0,0,0,0,-8.395132
2024-01-03 03:00:00,0,0,,0,0,0,0,-8.454915
2024-01-03 04:00:00,0,0,,0,0,0,0,-8.425544
2024-01-03 05:00:00,0,0,,0,0,0,0,-8.407837
2024-01-03 06:00:00,0,0,,0,0,0,0,-8.454489
2024-01-03 07:00:00,6.291639,5.49134,,5.978834,5.256959,1.624508,2.480478,14.49966
2024-01-03 08:00:00,228.2227,158.0203,,203.3303,169.4283,190.6644,215.6013,1097.865
2024-01-03 09:00:00,495.2904,487.4189,,504.0144,490.2605,522.6244,542.2614,3065.186
2024-01-03 10:00:00,608.3342,591.4794,,615.3501,611.8901,644.8598,649.8441,3720.889
2024-01-03 11:00:00,779.1776,748.1324,,761.281,763.7677,798.4733,801.4669,4635.585
2024-01-03 12:00:00,697.7429,668.0755,,680.7844,686.3687,706.3867,712.9184,4120.903
2024-01-03 13:00:00,422.3766,382.5382,,392.1979,392.4204,407.1868,408.7839,2376.55
2024-01-03 14:00:00,180.7233,153.0468,,157.739,157.4182,164.0507,164.4043,955.8786
2024-01-03 15:00:00,85.59354,73.78647,,76.17889,76.04405,79.47361,79.6074,458.7095
2024-01-03 16:00:00,19.33071,16.9811,,18.3254,18.16458,19.09877,19.11839,103.4885
2024-01-03 17:00:00,0.7483816,0,,0.620889,0.6043415,0.6445957,0.6565788,-5.116671
2024-01-03 18:00:00,0,0,,0,0,0,0,-8.390051
2024-01-03 19:00:00,0.208494,0,,0,0,0,0,-8.412685
2024-01-03 20:00:00,0,0,,0,0,0,0,-8.440733
2024-01-03 21:00:00,0,0,,0,0,0,0,-8.413036
2024-01-03 22:00:00,0,0,,0,0,0,0,-8.484355
2024-01-03 23:00:00,0.03901514,0,,0,0,0,0,-8.462933
2024-01-04 00:00:00,0,0,,0,0,0,0,-8.436069
2024-01-04 01:00:00,0,0,,0,0,0,0,-8.434888
2024-01-04 02:00:00,0,0,,0,0,0,0,-8.398176
2024-01-04 03:00:00,0,0,,0,0,0,0,-8.326316
2024-01-04 04:00:00,0,0,,0,0,0,0,-8.378527
2024-01-04 05:00:00,0,0,,0,0,0,0,-8.365355
2024-01-04 06:00:00,0,0,,0,0,0,0,-8.387185
2024-01-04 07:00:00,8.637615,4.681238,,5.626846,3.084611,1.234892,1.602278,8.563255
2024-01-04 08:00:00,182.4328,143.7709,,181.4883,150.1355,174.0601,193.9036,990.4342
2024-01-04 09:00:00,459.6833,450.5008,,467.5841,454.4074,481.5959,500.9923,2830.313
2024-01-04 10:00:00,569.9374,592.8791,,547.0671,568.7247,599.1912,573.7469,3576.095
2024-01-04 11:00:00,803.9734,793.7404,,761.3856,755.4725,803.9477,792.7252,4752.812
2024-01-04 12:00:00,874.9966,802.2023,,790.8325,809.6704,814.7896,807.6942,4814.812
2024-01-04 13:00:00,831.173,674.3508,,731.6802,694.2933,801.3625,780.7989,4368.011
2024-01-04 14:00:00,671.0624,654.6955,,667.166,675.9388,689.2646,688.2731,4019.945
2024-01-04 15:00:00,483.6303,447.4795,,469.002,474.8455,478.4633,477.2363,2780.545
2024-01-04 16:00:00,161.2124,106.7758,,141.9235,121.133,120.3238,132.8698,713.0784
2024-01-04 17:00:00,1.427653,1.602304,,2.794303,1.790414,1.713608,2.399853,4.177882
2024-01-04 18:00:00,0,0,,0,0,0,0,-8.35157
2024-01-04 19:00:00,0,0,,0,0,0,0,-8.412146
2024-01-04 20:00:00,0,0,,0,0,0,0,-8.444978
2024-01-04 21:00:00,0,0,,0,0,0,0,-8.466615
2024-01-04 22:00:00,0,0,,0,0,0,0,-8.470266
2024-01-04 23:00:00,0,0,,0,0,0,0,-8.451218
2024-01-05 00:00:00,0,0,,0,0,0,0,-8.353777
2024-01-05 01:00:00,0,0,,0,0,0,0,-8.429708
2024-01-05 02:00:00,0,0,,0,0,0,0,-8.417264
2024-01-05 03:00:00,0,0,,0,0,0,0,-8.401918
2024-01-05 04:00:00,0,0,,0,0,0,0,-8.411592
2024-01-05 05:00:00,0,0,,0,0,0,0,-8.424599
2024-01-05 06:00:00,0,0,,0,0,0,0,-8.532976
2024-01-05 07:00:00,5.926121,6.132654,,6.859745,6.063961,1.97901,3.107472,17.77062
2024-01-05 08:00:00,249.0119,164.6234,,211.081,176.8553,195.6285,222.6015,1138.927
2024-01-05 09:00:00,552.7303,500.2816,,519.1124,505.6879,542.3671,560.1555,3155.198
2024-01-05 10:00:00,677.805,670.6119,,691.15,689.3943,726.6724,731.4586,4203.118
2024-01-05 11:00:00,784.3395,758.3217,,772.5334,770.1638,800.5132,798.371,4663.564
2024-01-05 12:00:00,823.6895,797.3364,,806.488,807.3047,812.2871,812.7286,4819.369
2024-01-05 13:00:00,645.0525,614.0201,,637.5187,639.4108,648.6562,648.3109,3770.906
2024-01-05 14:00:00,672.8488,644.6831,,657.4255,661.8449,680.9888,677.5944,3967.552
2024-01-05 15:00:00,484.2727,446.8459,,467.1513,472.7594,478.8188,477.476,2780.944
2024-01-05 16:00:00,142.6729,86.83849,,112.9157,98.05354,101.9871,106.8498,579.2549
2024-01-05 17:00:00,0.1730717,0.6106268,,0.6384385,0.6106858,0.8471547,0.8519465,-3.949929
2024-01-05 18:00:00,0,0,,0,0,0,0,-8.462402
2024-01-05 19:00:00,0,0,,0,0,0,0,-8.440845
2024-01-05 20:00:00,0,0,,0,0,0,0,-8.414104
2024-01-05 21:00:00,0,0,,0,0,0,0,-8.431862
2024-01-05 22:00:00,0.3778705,0,,0,0,0,0,-8.475475
2024-01-05 23:00:00,0.1994742,0,,0,0,0,0,-8.533362
2024-01-06 00:00:00,0.03837158,0,,0,0,0,0,-8.518442
2024-01-06 01:00:00,0,0,,0,0,0,0,-8.434165
2024-01-06 02:00:00,0,0,,0,0,0,0,-8.452802
2024-01-06 03:00:00,0,0,,0,0,0,0,-8.505176
2024-01-06 04:00:00,0.1611987,0,,0,0,0,0,-8.507879
2024-01-06 05:00:00,0,0,,0,0,0,0,-8.495438
2024-01-06 06:00:00,0,0,,0,0,0,0,-8.432676
2024-01-06 07:00:00,0.3508638,0,,0,0,0,0,-8.407331
2024-01-06 08:00:00,5.372402,2.44777,,2.569458,1.838924,0.3987302,0,0.03122875
2024-01-06 09:00:00,31.57612,28.34587,,29.45519,29.43601,31.12329,27.62152,163.2911
2024-01-06 10:00:00,45.21444,41.01992,,43.22199,42.90494,44.57074,44.42929,251.7601
2024-01-06 11:00:00,53.35051,48.02615,,49.86245,49.61553,52.83197,52.39302,299.528
2024-01-06 12:00:00,75.96567,67.3656,,70.45139,70.03431,72.76932,73.04975,418.9275
2024-01-06 13:00:00,129.2808,87.8769,,90.4812,90.38023,94.31416,125.0189,607.9551
2024-01-06 14:00:00,199.1117,93.20251,,98.03475,97.88677,101.882,176.9622,737.2969
2024-01-06 15:00:00,127.3588,92.09387,,96.90492,96.29961,103.0534,102.5445,586.4778
2024-01-06 16:00:00,50.32021,32.26096,,32.95118,33.10392,33.82706,34.30623,195.5658
2024-01-06 17:00:00,2.196278,0.9446623,,1.204595,0.995284,1.064779,1.245303,-1.47557
2024-01-06 18:00:00,0,0,,0,0,0,0,-8.492019
2024-01-06 19:00:00,0,0,,0,0,0,0,-8.403131
2024-01-06 20:00:00,0,0,,0,0,0,0,-8.416615
2024-01-06 21:00:00,0,0,,0,0,0,0,-8.445491
2024-01-06 22:00:00,0,0,,0,0,0,0,-8.474969
2024-01-06 23:00:00,0,0,,0,0,0,0,-8.461995
2024-01-07 00:00:00,0,0,,0,0,0,0,-8.481248
2024-01-07 01:00:00,0,0,,0,0,0,0,-8.487496
2024-01-07 02:00:00,0,0,,0,0,0,0,-8.493218
2024-01-07 03:00:00,0,0,,0,0,0,0,-8.419546
2024-01-07 04:00:00,0,0,,0,0,0,0,-8.408057
2024-01-07 05:00:00,0,0,,0,0,0,0,-8.365949
2024-01-07 06:00:00,0,0,,0,0,0,0,-8.359605
2024-01-07 07:00:00,8.379928,2.096383,,2.263071,6.210446,1.452338,0.6330078,5.550321
2024-01-07 08:00:00,218.4958,150.6602,,190.1926,160.4709,180.0985,201.301,1034.166
2024-01-07 09:00:00,485.316,476.7856,,496.6507,482.5797,516.5948,534.2134,3003.877
2024-01-07 10:00:00,670.3771,665.3425,,683.1344,680.8378,716.0396,724.1782,4156.85
2024-01-07 11:00:00,749.0399,771.6382,,793.1299,796.0767,761.4611,785.3798,4621.014
2024-01-07 12:00:00,798.1155,673.1115,,645.273,475.1115,660.2367,652.3896,3865.765
2024-01-07 13:00:00,391.8445,345.5547,,356.1706,378.9401,360.2511,366.899,2158.988
2024-01-07 14:00:00,272.5573,225.5251,,268.1873,264.7866,274.9875,265.4322,1438.617
2024-01-07 15:00:00,566.587,496.3978,,528.769,537.2742,543.2975,540.5869,3127.791
2024-01-07 16:00:00,145.4527,90.64947,,122.1056,104.277,109.8086,119.3032,615.1884
2024-01-07 17:00:00,1.866205,1.752389,,3.215351,2.361104,2.281558,2.850745,6.765885
2024-01-07 18:00:00,0,0,,0,0,0,0,-8.426797
2024-01-07 19:00:00,0,0,,0,0,0,0,-8.385772
2024-01-07 20:00:00,0,0,,0,0,0,0,-8.370379
2024-01-07 21:00:00,0,0,,0,0,0,0,-8.393008
2024-01-07 22:00:00,0,0,,0,0,0,0,-8.462661
2024-01-07 23:00:00,0,0,,0,0,0,0,-8.396979
2024-01-08 00:00:00,0,0,,0,0,0,0,-8.348606
2024-01-08 01:00:00,0,0,,0,0,0,0,-8.323827
2024-01-08 02:00:00,0,0,,0,0,0,0,-8.373806
2024-01-08 03:00:00,0,0,,0,0,0,0,-8.330347
2024-01-08 04:00:00,0,0,,0,0,0,0,-8.392676
2024-01-08 05:00:00,0,0,,0,0,0,0,-8.408566
2024-01-08 06:00:00,0,0,,0,0,0,0,-8.459413
2024-01-08 07:00:00,10.62929,5.340662,,5.847715,5.64204,1.621415,3.265682,15.088
2024-01-08 08:00:00,143.735,127.0228,,142.1268,132.4533,142.9683,151.5268,824.6443
2024-01-08 09:00:00,365.5276,345.1375,,355.2685,348.2752,373.6876,383.742,2187.136
2024-01-08 10:00:00,535.7531,528.8307,,549.39,545.2405,570.7699,576.8432,3337.14
2024-01-08 11:00:00,638.7237,624.1855,,636.0337,636.1136,669.0267,668.9672,3902.002
2024-01-08 12:00:00,832.6792,808.0141,,820.7156,822.886,832.5923,833.1125,4910.848
2024-01-08 13:00:00,797.93,769.1312,,780.8074,786.0402,812.929,810.2692,4707.641
2024-01-08 14:00:00,674.4985,650.9671,,661.6113,670.1001,688.209,685.0979,3996.56
2024-01-08 15:00:00,395.9345,358.4943,,382.3621,385.9316,394.6941,392.5005,2233.128
2024-01-08 16:00:00,93.79588,70.17104,,74.43197,73.0564,73.38413,74.89501,432.3919
2024-01-08 17:00:00,2.988505,3.445209,,3.979949,3.697597,3.666233,3.917075,14.10311
2024-01-08 18:00:00,0,0,,0,0,0,0,-8.459735
2024-01-08 19:00:00,0,0,,0,0,0,0,-8.391225
2024-01-08 20:00:00,0,0,,0,0,0,0,-8.374055
2024-01-08 21:00:00,0.3015909,0,,0,0,0,0,-8.472433
2024-01-08 22:00:00,0.07197621,0,,0,0,0,0,-8.444984
2024-01-08 23:00:00,0,0,,0,0,0,0,-8.516154
2024-01-09 00:00:00,0,0,,0,0,0,0,-8.432448
2024-01-09 01:00:00,0,0,,0,0,0,0,-8.372038
2024-01-09 02:00:00,0,0,,0,0,0,0,-8.40874
2024-01-09 03:00:00,0,0,,0,0,0,0,-8.408076
2024-01-09 04:00:00,0.09682485,0,,0,0,0,0,-8.377425
2024-01-09 05:00:00,0.02741981,0,,0,0,0,0,-8.336995
2024-01-09 06:00:00,0,0,,0,0,0,0,-8.422173
2024-01-09 07:00:00,0.6961988,0,,0,0,0,0,-8.371545
2024-01-09 08:00:00,6.089625,2.115676,,2.246444,2.229223,0,0.025,-1.761679
2024-01-09 09:00:00,13.96364,10.49081,,10.60368,9.770047,9.895768,9.958702,52.5109
2024-01-09 10:00:00,32.98852,28.72182,,29.10645,29.11769,30.39334,30.69115,175.2
2024-01-09 11:00:00,62.68847,40.03221,,41.02277,40.99755,43.01542,43.27808,247.1153
2024-01-09 12:00:00,37.87548,32.81503,,33.79549,33.79823,35.41079,35.49634,202.6613
2024-01-09 13:00:00,39.18667,34.30745,,35.56918,35.56493,36.61415,36.83759,210.1537
2024-01-09 14:00:00,14.06826,9.465172,,10.4013,9.654746,10.66554,10.7401,53.34854
2024-01-09 15:00:00,8.307775,2.115311,,2.692091,2.51825,3.301882,3.381312,7.71496
2024-01-09 16:00:00,1.614858,0,,0,0,0,0.0510744,-4.386718
2024-01-09 17:00:00,,,,,,,,
2024-01-09 18:00:00,1.374359,0,,0,0,0,0,-8.444904
2024-01-09 19:00:00,1.577164,0,,0,0,0,0,-8.230903
2024-01-09 20:00:00,0.4124011,0,,0,0,0,0,-8.215241
2024-01-09 21:00:00,0,0,,0,0,0,0,-8.213353
2024-01-09 22:00:00,0,0,,0,0,0,0,-8.229046
2024-01-09 23:00:00,0,0,,0,0,0,0,-8.180168
2024-01-10 00:00:00,0,0,,0,0,0,0,-8.187863
2024-01-10 01:00:00,0,0,,0,0,0,0,-8.087958
2024-01-10 02:00:00,0,0,,0,0,0,0,-8.073759
2024-01-10 03:00:00,0,0,,0,0,0,0,-8.023663
2024-01-10 04:00:00,0,0,,0,0,0,0,-8.0452
2024-01-10 05:00:00,0,0,,0,0,0,0,-8.055059
2024-01-10 06:00:00,0,0,,0,0,0,0,-8.12676
2024-01-10 07:00:00,5.749343,2.676198,,2.75605,2.288896,1.847233,2.710912,4.130101
2024-01-10 08:00:00,211.1335,159.6133,,200.6122,169.4054,190.9267,214.7712,1097.141
2024-01-10 09:00:00,497.0107,501.6057,,518.7153,507.1524,541.2191,558.3457,3151.998
2024-01-10 10:00:00,667.4839,702.7001,,699.587,709.5893,719.0778,728.6915,4274.619
2024-01-10 11:00:00,739.0384,685.4904,,681.8489,690.0054,750.5457,717.7506,4230.934
2024-01-10 12:00:00,738.9376,722.5845,,700.8299,695.4385,686.224,714.0664,4386.845
2024-01-10 13:00:00,779.0326,776.1129,,773.2923,777.8138,787.2373,787.4387,4689.694
2024-01-10 14:00:00,655.3624,627.2609,,630.7067,645.095,658.205,650.953,3835.542
2024-01-10 15:00:00,275.2089,251.6801,,257.8173,260.999,262.0113,262.6571,1551.452
2024-01-10 16:00:00,110.4275,79.60914,,84.61594,83.29759,85.06261,86.26644,496.2574
2024-01-10 17:00:00,3.276595,3.261254,,3.935129,3.435307,3.518221,3.626726,13.64123
2024-01-10 18:00:00,0,0,,0,0,0,0,-8.436116
2024-01-10 19:00:00,0,0,,0,0,0,0,-8.37473
2024-01-10 20:00:00,0,0,,0,0,0,0,-8.376999
2024-01-10 21:00:00,0,0,,0,0,0,0,-8.495846
2024-01-10 22:00:00,0,0,,0,0,0,0,-8.537502
2024-01-10 23:00:00,0,0,,0,0,0,0,-8.482298
2024-01-11 00:00:00,0,0,,0,0,0,0,-8.403889
2024-01-11 01:00:00,0,0,,0,0,0,0,-8.388613
2024-01-11 02:00:00,0,0,,0,0,0,0,-8.39197
2024-01-11 03:00:00,0,0,,0,0,0,0,-8.419348
2024-01-11 04:00:00,0,0,,0,0,0,0,-8.52696
2024-01-11 05:00:00,0,0,,0,0,0,0,-8.566807
2024-01-11 06:00:00,0,0,,0,0,0,0,-8.795226
2024-01-11 07:00:00,6.292724,5.194417,,5.32825,4.527074,0.5475555,0.760895,8.35587
2024-01-11 08:00:00,247.2071,166.8803,,206.6137,175.3703,197.331,220.1216,1134.279
2024-01-11 09:00:00,494.4755,500.3795,,517.4169,505.817,539.6842,556.2142,3145.684
2024-01-11 10:00:00,674.7649,673.0029,,688.4661,685.9257,723.8141,730.4193,4204.735
2024-01-11 11:00:00,792.0136,774.2752,,785.1465,787.7847,822.3005,824.0784,4764.255
2024-01-11 12:00:00,836.8923,805.6495,,815.3744,818.9954,832.9728,832.9436,4893.567
2024-01-11 13:00:00,798.5123,763.1105,,774.3877,779.6614,808.396,808.1677,4678.352
2024-01-11 14:00:00,678.5949,395.777,,328.7194,333.3603,341.9749,340.486,1962.25
2024-01-11 15:00:00,488.8202,458.9189,,469.7324,478.8235,484.7295,481.7766,2829.73
2024-01-11 16:00:00,182.6011,129.074,,165.506,146.9164,146.3706,158.7176,857.9885
2024-01-11 17:00:00,1.371214,3.378694,,5.295047,3.826927,3.434816,4.697911,16.26343
2024-01-11 18:00:00,0,0,,0,0,0,0,-8.32713
2024-01-11 19:00:00,0,0,,0,0,0,0,-8.3593
2024-01-11 20:00:00,0,0,,0,0,0,0,-8.359038
2024-01-11 21:00:00,0,0,,0,0,0,0,-8.355793
2024-01-11 22:00:00,0,0,,0,0,0,0,-8.406381
2024-01-11 23:00:00,0.0520202,0,,0,0,0,0,-8.462202
2024-01-12 00:00:00,0,0,,0,0,0,0,-8.390542
2024-01-12 01:00:00,0,0,,0,0,0,0,-8.360425
2024-01-12 02:00:00,0,0,,0,0,0,0,-8.366085
2024-01-12 03:00:00,0.1071998,0,,0,0,0,0,-8.423678
2024-01-12 04:00:00,0,0,,0,0,0,0,-8.427567
2024-01-12 05:00:00,0,0,,0,0,0,0,-8.424301
2024-01-12 06:00:00,0,0,,0,0,0,0,-8.422686
2024-01-12 07:00:00,11.80447,7.162258,,10.36558,4.542329,2.567247,0.727571,17.22211
2024-01-12 08:00:00,188.3556,158.7141,,148.093,166.0036,177.6053,183.7066,989.3407
2024-01-12 09:00:00,384.02,344.924,,360.4172,353.6083,375.3496,381.8514,2185.365
2024-01-12 10:00:00,464.1594,432.3005,,448.1064,444.1199,464.8039,469.523,2730.531
2024-01-12 11:00:00,455.7201,413.2131,,432.5636,430.9867,442.0985,442.9664,2583.447
2024-01-12 12:00:00,402.7648,367.2039,,373.3388,374.0231,391.7789,394.3025,2295.42
2024-01-12 13:00:00,506.8079,467.4567,,482.9728,483.1487,496.5652,498.7005,2919.488
2024-01-12 14:00:00,591.9274,493.2137,,496.2141,502.1345,521.9392,521.53,3026.175
2024-01-12 15:00:00,86.22241,73.78946,,74.38345,74.07624,78.42151,78.15792,453.2857
2024-01-12 16:00:00,2.398141,1.801715,,1.682358,1.650676,1.996084,2.25796,3.761899
2024-01-12 17:00:00,0,0,,0,0,0,0,-8.402362
2024-01-12 18:00:00,0,0,,0,0,0,0,-8.488173
2024-01-12 19:00:00,0,0,,0,0,0,0,-8.450946
2024-01-12 20:00:00,0,0,,0,0,0,0,-8.450021
2024-01-12 21:00:00,0.000871911,0,,0,0,0,0,-8.415544
2024-01-12 22:00:00,0.1736084,0,,0,0,0,0,-8.462956
2024-01-12 23:00:00,0.1209063,0,,0,0,0,0,-8.492159
2024-01-13 00:00:00,0.06125285,0,,0,0,0,0,-8.715683
2024-01-13 01:00:00,0.01300505,0,,0,0,0,0,-8.408573
2024-01-13 02:00:00,0,0,,0,0,0,0,-8.353812
2024-01-13 03:00:00,0,0,,0,0,0,0,-8.318718
2024-01-13 04:00:00,0,0,,0,0,0,0,-8.279055
2024-01-13 05:00:00,0,0,,0,0,0,0,-8.2931
2024-01-13 06:00:00,0,0,,0,0,0,0,-8.264598
2024-01-13 07:00:00,6.655653,0.008693333,,5.826194,0.02640872,0.01894841,0.9520416,-1.263524
2024-01-13 08:00:00,205.0677,139.7563,,175.4445,149.7337,181.0478,181.4978,968.9388
2024-01-13 09:00:00,319.0743,295.6931,,312.1365,296.8836,329.4113,340.8721,1875.599
2024-01-13 10:00:00,531.6093,579.0685,,595.7209,590.0903,574.8239,600.563,3447.02
2024-01-13 11:00:00,820.5505,807.0234,,817.6874,809.9328,823.0276,832.6265,4915.039
2024-01-13 12:00:00,856.7335,810.5981,,798.5661,833.1024,800.5712,812.2614,4939.211
2024-01-13 13:00:00,823.6522,805.2154,,806.9427,807.8925,828.9855,828.2253,4856.188
2024-01-13 14:00:00,703.4826,684.5063,,694.4584,704.6124,719.5577,717.1486,4197.466
2024-01-13 15:00:00,515.5034,490.4594,,501.149,510.8281,516.4822,512.16,3015.652
2024-01-13 16:00:00,214.196,148.4338,,188.3034,168.9512,168.0425,180.9153,983.798
2024-01-13 17:00:00,2.809158,3.717527,,6.675897,4.533753,3.952508,5.686813,20.90132
2024-01-13 18:00:00,0,0,,0,0,0,0,-8.415856
2024-01-13 19:00:00,0,0,,0,0,0,0,-8.356334
2024-01-13 20:00:00,0,0,,0,0,0,0,-8.308437
2024-01-13 21:00:00,0,0,,0,0,0,0,-8.297797
2024-01-13 22:00:00,0,0,,0,0,0,0,-8.307884
2024-01-13 23:00:00,0,0,,0,0,0,0,-8.329614
2024-01-14 00:00:00,0,0,,0,0,0,0,-8.326782
2024-01-14 01:00:00,0,0,,0,0,0,0,-8.303455
2024-01-14 02:00:00,0,0,,0,0,0,0,-8.31195
2024-01-14 03:00:00,0,0,,0,0,0,0,-8.357979
2024-01-14 04:00:00,0,0,,0,0,0,0,-8.329145
2024-01-14 05:00:00,0,0,,0,0,0,0,-8.430503
2024-01-14 06:00:00,0,0,,0,0,0,0,-8.427171
2024-01-14 07:00:00,5.911403,4.801578,,5.006415,6.71723,1.100832,1.596704,11.14508
2024-01-14 08:00:00,250.0025,161.7337,,195.5528,140.8804,187.2479,208.1008,1047.78
2024-01-14 09:00:00,514.2288,514.4559,,531.772,521.4538,555.7933,571.015,3238.453
2024-01-14 10:00:00,695.2659,702.3923,,715.8946,715.2095,751.9279,758.759,4376.363
2024-01-14 11:00:00,814.5159,807.0108,,816.1464,818.6815,832.0187,832.7017,4907.121
2024-01-14 12:00:00,861.4612,832.7641,,832.8795,832.909,832.9487,832.9304,4980.756
2024-01-14 13:00:00,817.4014,792.55,,805.0745,808.6351,823.8002,824.239,4825.008
2024-01-14 14:00:00,692.3323,671.8532,,681.5886,689.3945,706.5841,705.6508,4119.418
2024-01-14 15:00:00,495.1711,468.4831,,477.552,487.5178,492.6341,489.6897,2876.118
2024-01-14 16:00:00,182.2482,132.1513,,157.2464,147.9056,147.1855,155.0245,850.7872
2024-01-14 17:00:00,4.323764,5.469334,,7.466606,6.230223,5.980987,7.216964,29.86545
2024-01-14 18:00:00,0,0,,0,0,0,0,-8.340622
2024-01-14 19:00:00,0.002146341,0,,0,0,0,0,-8.311852
2024-01-14 20:00:00,0.3599049,0,,0,0,0,0,-8.32976
2024-01-14 21:00:00,0,0,,0,0,0,0,-8.343849
2024-01-14 22:00:00,0,0,,0,0,0,0,-8.345915
2024-01-14 23:00:00,0,0,,0,0,0,0,-8.339519
2024-01-15 00:00:00,0,0,,0,0,0,0,-8.365645
2024-01-15 01:00:00,0,0,,0,0,0,0,-8.370103
2024-01-15 02:00:00,0,0,,0,0,0,0,-8.355856
2024-01-15 03:00:00,0,0,,0,0,0,0,-8.314198
2024-01-15 04:00:00,0,0,,0,0,0,0,-8.329411
2024-01-15 05:00:00,0,0,,0,0,0,0,-8.335285
2024-01-15 06:00:00,0,0,,0,0,0,0,-8.415245
2024-01-15 07:00:00,2.005883,0.3846177,,0.3943465,0.3937792,0,0,-7.262268
2024-01-15 08:00:00,23.44399,16.00303,,22.50993,22.3769,19.77481,18.4825,110.1121
2024-01-15 09:00:00,69.78311,64.56629,,66.90961,66.73679,70.17005,70.09958,405.7305
2024-01-15 10:00:00,143.6134,125.3035,,128.9359,129.134,134.593,134.6876,788.8062
2024-01-15 11:00:00,124.6084,111.2065,,114.6505,114.7836,119.5865,120.0615,700.6849
2024-01-15 12:00:00,265.0316,235.7881,,245.8939,243.5254,257.2608,257.2589,1499.862
2024-01-15 13:00:00,420.0145,363.3491,,380.3764,381.9628,394.8047,394.5964,2300.896
2024-01-15 14:00:00,274.4683,231.6616,,240.2097,241.1311,249.8192,250.1519,1458.47
2024-01-15 15:00:00,225.7764,195.8601,,185.8675,186.4756,204.0258,204.0042,1211.127
2024-01-15 16:00:00,93.0554,67.29402,,71.12241,70.2257,74.41865,74.04978,424.2195
2024-01-15 17:00:00,4.259555,2.903447,,3.522629,3.41291,3.796227,3.657487,13.10476
2024-01-15 18:00:00,0,0,,0,0,0,0,-8.381474
2024-01-15 19:00:00,0,0,,0,0,0,0,-8.353822
2024-01-15 20:00:00,0,0,,0,0,0,0,-8.355564
2024-01-15 21:00:00,0,0,,0,0,0,0,-8.397286
2024-01-15 22:00:00,0,0,,0,0,0,0,-8.387853
2024-01-15 23:00:00,0,0,,0,0,0,0,-8.430895
2024-01-16 00:00:00,0,0,,0,0,0,0,-8.43908
2024-01-16 01:00:00,0,0,,0,0,0,0,-8.40204
2024-01-16 02:00:00,0,0,,0,0,0,0,-8.370791
2024-01-16 03:00:00,0,0,,0,0,0,0,-8.347073
2024-01-16 04:00:00,0,0,,0,0,0,0,-8.341862
2024-01-16 05:00:00,0,0,,0,0,0,0,-8.381968
2024-01-16 06:00:00,0,0,,0,0,0,0,-8.437003
2024-01-16 07:00:00,2.407341,0.5440085,,0.5932267,0.5883958,0.00996148,0,-6.757565
2024-01-16 08:00:00,38.24365,32.16023,,32.5447,33.24011,29.61092,27.90901,178.3926
2024-01-16 09:00:00,48.08688,45.15497,,46.77158,46.67409,48.58613,48.86766,281.3313
2024-01-16 10:00:00,28.94025,27.38168,,28.08911,28.24445,29.16578,29.22965,166.771
2024-01-16 11:00:00,87.74265,81.40343,,82.00966,83.02604,85.20316,85.397,504.1151
2024-01-16 12:00:00,189.2421,164.3157,,169.1763,169.5779,175.4989,175.4635,1031.627
2024-01-16 13:00:00,121.8271,105.0684,,109.3269,109.5719,113.5086,114.8079,665.8284
2024-01-16 14:00:00,47.54081,43.12602,,43.89301,44.09091,46.05324,45.96799,266.549
2024-01-16 15:00:00,76.59379,62.03249,,63.56919,63.92978,65.86607,66.16281,385.8562
2024-01-16 16:00:00,131.8099,56.47147,,102.1946,59.14175,103.2945,104.156,528.5339
2024-01-16 17:00:00,7.140773,6.870501,,7.181881,7.134152,7.350119,7.540217,35.93432
2024-01-16 18:00:00,0,0,,0,0,0,0,-8.48338
2024-01-16 19:00:00,0,0,,0,0,0,0,-8.487777
2024-01-16 20:00:00,0,0,,0,0,0,0,-8.47089
2024-01-16 21:00:00,0,0,,0,0,0,0,-8.497646
2024-01-16 22:00:00,0,0,,0,0,0,0,-8.499762
2024-01-16 23:00:00,0,0,,0,0,0,0,-8.528605
2024-01-17 00:00:00,0,0,,0,0,0,0,-8.460263
2024-01-17 01:00:00,0,0,,0,0,0,0,-8.392816
2024-01-17 02:00:00,0,0,,0,0,0,0,-8.453801
2024-01-17 03:00:00,0,0,,0,0,0,0,-8.402607
2024-01-17 04:00:00,0,0,,0,0,0,0,-8.446215
2024-01-17 05:00:00,0,0,,0,0,0,0,-8.427148
2024-01-17 06:00:00,0,0,,0,0,0,0,-8.537509
2024-01-17 07:00:00,6.274946,7.842219,,8.749931,7.551888,2.180678,3.141255,22.20804
2024-01-17 08:00:00,240.8102,193.7536,,234.5673,202.0513,227.2822,250.871,1308.547
2024-01-17 09:00:00,533.671,548.4143,,567.8694,559.5677,592.2894,608.1692,3452.622
2024-01-17 10:00:00,727.2634,743.5536,,759.6547,760.4061,793.5881,799.5564,4625.637
2024-01-17 11:00:00,847.7654,828.2684,,832.1462,832.3738,832.9614,833.0151,4980.68
2024-01-17 12:00:00,887.1114,832.8725,,832.8631,832.9875,832.9477,832.894,4983.05
2024-01-17 13:00:00,848.3114,822.4952,,827.791,829.193,832.8333,832.9059,4950.174
2024-01-17 14:00:00,729.7574,716.3211,,728.5675,734.7383,757.3958,753.9915,4396.573
2024-01-17 15:00:00,534.5775,519.2723,,527.8571,537.9113,545.2998,540.6916,3186.666
2024-01-17 16:00:00,233.7325,176.4463,,215.2733,197.7346,196.9885,209.1887,1153.08
2024-01-17 17:00:00,4.614893,5.981815,,9.50746,7.246143,6.214237,8.668102,36.03149
2024-01-17 18:00:00,0,0,,0,0,0,0,-8.3781
2024-01-17 19:00:00,0,0,,0,0,0,0,-8.438081
2024-01-17 20:00:00,0,0,,0,0,0,0,-8.448455
2024-01-17 21:00:00,0,0,,0,0,0,0,-8.512644
2024-01-17 22:00:00,0,0,,0,0,0,0,-8.500033
2024-01-17 23:00:00,0,0,,0,0,0,0,-8.477177
2024-01-18 00:00:00,0,0,,0,0,0,0,-8.483438
2024-01-18 01:00:00,0,0,,0,0,0,0,-8.459433
2024-01-18 02:00:00,0,0,,0,0,0,0,-8.436021
2024-01-18 03:00:00,0,0,,0,0,0,0,-8.40784
2024-01-18 04:00:00,0,0,,0,0,0,0,-8.440973
2024-01-18 05:00:00,0,0,,0,0,0,0,-7.745579
2024-01-18 06:00:00,0,0,,0,0,0,0,-7.777596
2024-01-18 07:00:00,5.645642,4.529802,,5.564898,4.994531,1.638584,2.150921,12.15415
2024-01-18 08:00:00,235.6611,184.9042,,223.4942,193.8574,214.7834,236.935,1242.931
2024-01-18 09:00:00,550.7964,530.758,,553.9628,545.4938,583.876,596.6115,3350.595
2024-01-18 10:00:00,715.707,719.2713,,734.1704,732.9072,772.0745,777.5203,4489.058
2024-01-18 11:00:00,835.0098,819.9573,,825.2394,826.3245,832.5033,832.8316,4952.264
2024-01-18 12:00:00,865.884,824.474,,822.0181,824.439,824.6248,826.3865,4947.141
2024-01-18 13:00:00,838.5897,813.0494,,818.912,822.2392,831.0191,830.6801,4907.212
2024-01-18 14:00:00,727.7291,712.1685,,713.4927,716.9348,733.7056,731.815,4354.462
2024-01-18 15:00:00,347.9886,308.8903,,315.0734,317.4979,321.5278,321.608,1918.416
2024-01-18 16:00:00,95.58308,72.85563,,75.48547,75.5903,78.02406,77.96072,451.5398
2024-01-18 17:00:00,5.84789,3.169239,,3.256114,3.176378,3.366021,3.391019,12.21004
2024-01-18 18:00:00,0,0,,0,0,0,0,-8.384664
2024-01-18 19:00:00,0,0,,0,0,0,0,-8.358309
2024-01-18 20:00:00,0,0,,0,0,0,0,-8.354301
2024-01-18 21:00:00,0,0,,0,0,0,0,-8.389368
2024-01-18 22:00:00,0,0,,0,0,0,0,-8.458565
2024-01-18 23:00:00,0,0,,0,0,0,0,-8.428611
2024-01-19 00:00:00,0,0,,0,0,0,0,-8.328398
2024-01-19 01:00:00,0.00813946,0,,0,0,0,0,-8.348155
2024-01-19 02:00:00,0.008697435,0,,0,0,0,0,-8.358185
2024-01-19 03:00:00,0.2791246,0,,0,0,0,0,-8.33714
2024-01-19 04:00:00,0.03162846,0,,0,0,0,0,-8.364772
2024-01-19 05:00:00,0,0,,0,0,0,0,-8.339579
2024-01-19 06:00:00,0,0,,0,0,0,0,-8.402752
2024-01-19 07:00:00,8.10378,4.265802,,5.746643,3.938041,1.921982,2.415481,9.62106
2024-01-19 08:00:00,198.9469,175.1604,,208.5203,175.6359,202.6406,222.9711,1163.344
2024-01-19 09:00:00,492.2408,497.9238,,516.4412,508.113,538.8714,553.4221,3140.152
2024-01-19 10:00:00,688.0754,686.7734,,703.1936,701.7401,740.5775,747.5695,4295.729
2024-01-19 11:00:00,828.6862,810.8475,,818.665,819.3446,831.8975,832.3267,4920.453
2024-01-19 12:00:00,946.5588,709.8344,,731.8083,702.1345,811.6127,794.2045,4412.637
2024-01-19 13:00:00,587.6384,415.4488,,418.1182,396.316,458.7526,465.1979,2642.415
2024-01-19 14:00:00,312.1167,233.0126,,304.2289,286.3773,313.9823,303.007,1568.383
2024-01-19 15:00:00,493.4539,505.6887,,490.0326,494.6226,490.8097,497.0902,3011.207
2024-01-19 16:00:00,258.2281,186.7191,,221.4431,207.6294,207.0631,217.0611,1208.747
2024-01-19 17:00:00,7.192005,7.635228,,11.8367,9.679193,8.323559,10.76472,44.89977
2024-01-19 18:00:00,0,0,,0,0,0,0,-8.371837
2024-01-19 19:00:00,0,0,,0,0,0,0,-8.376848
2024-01-19 20:00:00,0,0,,0,0,0,0,-8.368198
2024-01-19 21:00:00,0,0,,0,0,0,0,-8.400323
2024-01-19 22:00:00,0,0,,0,0,0,0,-8.477834
2024-01-19 23:00:00,0,0,,0,0,0,0,-8.485071
2024-01-20 00:00:00,0,0,,0,0,0,0,-8.37109
2024-01-20 01:00:00,0,0,,0,0,0,0,-8.375208
2024-01-20 02:00:00,0,0,,0,0,0,0,-8.356701
2024-01-20 03:00:00,0,0,,0,0,0,0,-8.35137
2024-01-20 04:00:00,0,0,,0,0,0,0,-8.434544
2024-01-20 05:00:00,0,0,,0,0,0,0,-8.436559
2024-01-20 06:00:00,0,0,,0,0,0,0,-8.435195
2024-01-20 07:00:00,7.240788,7.299277,,8.343174,6.577005,3.002342,4.218412,23.58399
2024-01-20 08:00:00,215.2966,194.4278,,230.9705,201.6919,225.3474,246.9647,1299.235
2024-01-20 09:00:00,524.7413,541.0818,,561.2659,553.3044,585.3211,600.315,3410.077
2024-01-20 10:00:00,725.457,745.2783,,762.6866,762.2178,794.1868,798.3777,4633.382
2024-01-20 11:00:00,852.8586,831.6613,,832.7755,832.9266,832.8741,832.9318,4993.949
2024-01-20 12:00:00,892.5621,832.8438,,832.9376,832.8407,821.7532,832.9374,4967.011
2024-01-20 13:00:00,802.6004,760.9564,,730.4012,744.5755,733.2164,740.5085,4494.845
2024-01-20 14:00:00,594.6901,603.6163,,595.7406,608.775,586.8505,599.817,3630.109
2024-01-20 15:00:00,533.796,555.6559,,550.0525,572.0776,550.5903,562.3593,3362.554
2024-01-20 16:00:00,273.2702,203.8477,,240.6754,225.9563,224.8295,236.1225,1316.247
2024-01-20 17:00:00,7.056989,8.458891,,11.64989,9.876199,8.333205,10.98979,50.05414
2024-01-20 18:00:00,0,0,,0,0,0,0,-8.504368
2024-01-20 19:00:00,0,0,,0,0,0,0,-8.434828
2024-01-20 20:00:00,0,0,,0,0,0,0,-8.457332
2024-01-20 21:00:00,0,0,,0,0,0,0,-8.543946
2024-01-20 22:00:00,0,0,,0,0,0,0,-8.467501
2024-01-20 23:00:00,0,0,,0,0,0,0,-8.478504
2024-01-21 00:00:00,0,0,,0,0,0,0,-8.470884
2024-01-21 01:00:00,0,0,,0,0,0,0,-8.442136
2024-01-21 02:00:00,0,0,,0,0,0,0,-8.520014
2024-01-21 03:00:00,0,0,,0,0,0,0,-8.53104
2024-01-21 04:00:00,0,0,,0,0,0,0,-8.459549
2024-01-21 05:00:00,0,0,,0,0,0,0,-8.544043
2024-01-21 06:00:00,0,0,,0,0,0,0,-7.861351
2024-01-21 07:00:00,7.520483,8.668188,,10.00482,8.366486,4.440602,6.264095,32.41456
2024-01-21 08:00:00,227.2833,205.6297,,243.0904,212.7613,238.6212,260.6405,1374.102
2024-01-21 09:00:00,535.1779,553.8796,,574.2162,566.4559,601.1284,614.6794,3491.47
2024-01-21 10:00:00,730.5469,748.3278,,765.5784,764.7595,799.3234,803.8316,4652.62
2024-01-21 11:00:00,855.8976,832.0811,,832.9292,832.9571,832.9232,832.8677,4987.159
2024-01-21 12:00:00,901.804,832.9852,,832.8811,832.9445,832.8588,833.0115,4981.709
2024-01-21 13:00:00,862.1763,829.3373,,831.7103,832.2316,832.9467,832.9649,4968.337
2024-01-21 14:00:00,745.8546,735.9647,,745.7385,754.7996,771.9769,769.9515,4499.085
2024-01-21 15:00:00,556.6962,539.7905,,548.0937,559.4995,566.7557,562.0268,3308.115
2024-01-21 16:00:00,272.2083,205.6397,,240.9521,227.6438,227.8091,237.007,1325.303
2024-01-21 17:00:00,3.164412,6.552431,,8.81848,7.296344,6.391333,8.282284,35.71443
2024-01-21 18:00:00,0,0,,0,0,0,0,-8.473719
2024-01-21 19:00:00,0,0,,0,0,0,0,-8.417915
2024-01-21 20:00:00,0,0,,0,0,0,0,-8.516354
2024-01-21 21:00:00,0,0,,0,0,0,0,-8.548634
2024-01-21 22:00:00,0,0,,0,0,0,0,-8.52062
2024-01-21 23:00:00,0,0,,0,0,0,0,-8.530356
2024-01-22 00:00:00,0,0,,0,0,0,0,-8.526817
2024-01-22 01:00:00,0,0,,0,0,0,0,-8.486749
2024-01-22 02:00:00,0,0,,0,0,0,0,-8.470197
2024-01-22 03:00:00,0,0,,0,0,0,0,-8.420178
2024-01-22 04:00:00,0,0,,0,0,0,0,-8.43164
2024-01-22 05:00:00,0,0,,0,0,0,0,-7.78878
2024-01-22 06:00:00,0,0,,0,0,0,0,-7.800151
2024-01-22 07:00:00,7.4194,9.456555,,9.966391,8.429714,4.01868,5.86606,33.56626
2024-01-22 08:00:00,265.4934,203.1235,,238.2643,209.4173,233.7847,254.8683,1349.976
2024-01-22 09:00:00,542.3117,523.4771,,542.4401,535.4006,568.4093,580.8961,3306.01
2024-01-22 10:00:00,700.5727,705.8787,,721.3947,720.6922,760.7363,766.2344,4413.578
2024-01-22 11:00:00,822.6382,811.1189,,819.1774,821.2242,832.7939,832.9058,4923.665
2024-01-22 12:00:00,870.2657,832.932,,832.9348,832.9606,832.9799,832.9254,4980.952
2024-01-22 13:00:00,822.3655,801.6288,,809.116,814.524,828.1769,828.2269,4860.327
2024-01-22 14:00:00,729.7555,705.3109,,714.8521,722.616,743.4185,741.2179,4318.445
2024-01-22 15:00:00,528.7183,507.8329,,515.9514,525.3206,533.3562,529.0449,3119.134
2024-01-22 16:00:00,266.8691,209.42,,242.0446,230.637,229.4323,238.8047,1338.117
2024-01-22 17:00:00,7.93503,9.966756,,13.00547,11.35939,9.369934,12.68053,58.04852
2024-01-22 18:00:00,0,0,,0,0,0,0,-8.38119
2024-01-22 19:00:00,0,0,,0,0,0,0,-8.389389
2024-01-22 20:00:00,0,0,,0,0,0,0,-8.475561
2024-01-22 21:00:00,0,0,,0,0,0,0,-8.482205
2024-01-22 22:00:00,0,0,,0,0,0,0,-8.44132
2024-01-22 23:00:00,0,0,,0,0,0,0,-8.410123
2024-01-23 00:00:00,0,0,,0,0,0,0,-8.406101
2024-01-23 01:00:00,0,0,,0,0,0,0,-8.396419
2024-01-23 02:00:00,0.2363429,0,,0,0,0,0,-8.458362
2024-01-23 03:00:00,0.02285421,0,,0,0,0,0,-8.456605
2024-01-23 04:00:00,0.391817,0,,0,0,0,0,-8.382256
2024-01-23 05:00:00,0.4989016,0,,0,0,0,0,-8.420468
2024-01-23 06:00:00,0.2847114,0,,0,0,0,0,-8.390615
2024-01-23 07:00:00,10.70611,2.283714,,2.398401,5.986601,0.873361,0.874371,4.306304
2024-01-23 08:00:00,97.8792,75.98612,,78.74332,78.3591,82.03388,82.59019,475.5392
2024-01-23 09:00:00,151.3985,132.0685,,136.19,135.883,141.7304,142.6683,830.975
2024-01-23 10:00:00,92.26215,87.37124,,89.67207,89.80209,93.52884,93.72468,547.0763
2024-01-23 11:00:00,108.2787,101.2316,,104.7016,104.4967,109.8816,109.7201,637.9095
2024-01-23 12:00:00,137.9941,123.7052,,127.3048,127.372,132.9516,133.3556,777.9955
2024-01-23 13:00:00,127.2318,113.9161,,118.0808,117.8754,123.7048,123.7958,719.3619
2024-01-23 14:00:00,115.8586,102.5028,,105.3589,105.5577,110.1903,110.445,644.2676
2024-01-23 15:00:00,32.74917,30.76852,,31.83172,31.73961,33.20882,33.29138,188.5087
2024-01-23 16:00:00,33.07087,27.3711,,28.34142,28.22093,29.72173,29.71864,167.4379
2024-01-23 17:00:00,5.88587,2.978327,,3.099401,3.032716,3.405471,3.385096,11.34241
2024-01-23 18:00:00,0,0,,0,0,0,0,-8.421839
2024-01-23 19:00:00,0,0,,0,0,0,0,-8.424916
2024-01-23 20:00:00,0,0,,0,0,0,0,-8.436267
2024-01-23 21:00:00,0,0,,0,0,0,0,-8.384458
2024-01-23 22:00:00,0,0,,0,0,0,0,-8.458056
2024-01-23 23:00:00,0,0,,0,0,0,0,-8.418745
2024-01-24 00:00:00,0.03515859,0,,0,0,0,0,-8.419579
2024-01-24 01:00:00,0,0,,0,0,0,0,-8.430314
2024-01-24 02:00:00,0,0,,0,0,0,0,-8.432797
2024-01-24 03:00:00,0,0,,0,0,0,0,-8.411267
2024-01-24 04:00:00,0,0,,0,0,0,0,-8.356574
2024-01-24 05:00:00,0,0,,0,0,0,0,-8.310544
2024-01-24 06:00:00,0.1193919,0,,0,0,0,0,-8.358562
2024-01-24 07:00:00,7.763981,2.296207,,2.456389,3.287346,0,0,-0.1176535
2024-01-24 08:00:00,54.36497,41.61665,,42.9924,42.86396,39.20283,39.18386,240.9588
2024-01-24 09:00:00,153.1868,124.3104,,128.3597,128.3551,134.6181,134.6736,784.0881
2024-01-24 10:00:00,283.9396,238.4859,,248.0947,247.3011,256.8437,256.8907,1500.927
2024-01-24 11:00:00,473.4905,445.368,,465.2938,460.3393,470.2355,479.9365,2768.822
2024-01-24 12:00:00,501.7363,422.4991,,435.0326,436.1264,466.9699,463.5535,2683.243
2024-01-24 13:00:00,270.255,229.2198,,234.5117,235.411,242.9382,244.8022,1431.552
2024-01-24 14:00:00,313.5598,266.3734,,264.806,265.7369,267.1032,268.0364,1622.319
2024-01-24 15:00:00,209.91,167.0193,,172.3696,172.8108,176.8798,178.1947,1042.056
2024-01-24 16:00:00,59.52983,46.4138,,47.36194,47.56932,49.32315,49.63787,285.3567
2024-01-24 17:00:00,9.211186,4.428346,,4.53031,4.476548,4.936714,4.942243,20.12594
2024-01-24 18:00:00,0,0,,0,0,0,0,-8.407224
2024-01-24 19:00:00,0,0,,0,0,0,0,-8.439304
2024-01-24 20:00:00,0,0,,0,0,0,0,-8.464575
2024-01-24 21:00:00,0,0,,0,0,0,0,-8.412454
2024-01-24 22:00:00,0,0,,0,0,0,0,-8.439396
2024-01-24 23:00:00,0,0,,0,0,0,0,-8.409535
2024-01-25 00:00:00,0,0,,0,0,0,0,-8.302838
2024-01-25 01:00:00,0,0,,0,0,0,0,-8.338284
2024-01-25 02:00:00,0,0,,0,0,0,0,-8.376045
2024-01-25 03:00:00,0,0,,0,0,0,0,-8.3533
2024-01-25 04:00:00,0,0,,0,0,0,0,-8.380981
2024-01-25 05:00:00,0,0,,0,0,0,0,-8.592598
2024-01-25 06:00:00,0,0,,0,0,0,0,-8.601342
2024-01-25 07:00:00,4.344522,0,,0,0,0,0,-8.647186
2024-01-25 08:00:00,19.92699,14.38508,,14.73435,14.34292,14.17279,13.68768,75.85448
2024-01-25 09:00:00,39.52488,34.04205,,35.10119,35.08542,36.80643,36.98957,210.0634
2024-01-25 10:00:00,110.7076,92.44668,,94.80694,95.10473,99.5152,99.52877,580.1885
2024-01-25 11:00:00,141.7646,121.7628,,125.531,126.0735,129.2424,130.1422,760.2874
2024-01-25 12:00:00,122.752,106.4645,,111.4371,111.9615,115.3366,116.0085,675.3356
2024-01-25 13:00:00,55.04128,50.72621,,51.9815,52.01205,53.78582,54.2809,313.3518
2024-01-25 14:00:00,34.68257,30.59943,,31.3141,31.39676,32.69432,32.72637,185.9993
2024-01-25 15:00:00,51.3544,44.9509,,46.08611,46.24772,48.15456,48.08247,276.305
2024-01-25 16:00:00,30.90317,26.15969,,27.23678,27.34453,28.13635,28.23789,157.2637
2024-01-25 17:00:00,2.907462,0.6279297,,1.017418,1.024602,1.045319,1.731601,-2.063128
2024-01-25 18:00:00,0,0,,0,0,0,0,-8.483849
2024-01-25 19:00:00,0.0164664,0,,0,0,0,0,-8.63192
2024-01-25 20:00:00,0.09408664,0,,0,0,0,0,-8.675653
2024-01-25 21:00:00,0,0,,0,0,0,0,-8.713314
2024-01-25 22:00:00,0.01791097,0,,0,0,0,0,-8.612928
2024-01-25 23:00:00,0,0,,0,0,0,0,-8.662346
2024-01-26 00:00:00,0,0,,0,0,0,0,-8.610607
2024-01-26 01:00:00,0,0,,0,0,0,0,-8.653183
2024-01-26 02:00:00,0.06402205,0,,0,0,0,0,-8.703445
2024-01-26 03:00:00,0.0697164,0,,0,0,0,0,-8.720148
2024-01-26 04:00:00,0,0,,0,0,0,0,-8.659823
2024-01-26 05:00:00,0,0,,0,0,0,0,-8.555657
2024-01-26 06:00:00,0,0,,0,0,0,0,-8.564062
2024-01-26 07:00:00,2.717335,0,,0,0,0,0,-8.674431
2024-01-26 08:00:00,30.01403,22.36904,,22.76711,23.59265,22.79066,22.81917,126.5808
2024-01-26 09:00:00,101.7639,84.07846,,84.74118,85.27032,87.7544,88.54969,520.5634
2024-01-26 10:00:00,143.026,108.3311,,115.4743,113.6945,123.3969,122.8266,697.8868
2024-01-26 11:00:00,202.3849,174.3593,,177.2139,175.0527,180.0913,184.8962,1085.846
2024-01-26 12:00:00,315.5782,244.6242,,251.969,251.3788,268.4857,265.4804,1543.526
2024-01-26 13:00:00,550.9868,454.2781,,478.7868,464.3731,517.5543,499.6865,2871.765
2024-01-26 14:00:00,327.8156,281.5772,,268.5291,269.1644,287.3883,279.4948,1713.908
2024-01-26 15:00:00,208.6988,169.0839,,182.3323,183.7466,189.2072,190.6521,1082.469
2024-01-26 16:00:00,101.9133,77.55366,,79.63487,80.10641,82.41333,82.67523,480.4892
2024-01-26 17:00:00,15.81456,11.26931,,11.66427,11.6768,12.25463,12.37262,63.75596
2024-01-26 18:00:00,0,0,,0,0,0,0,-8.330702
2024-01-26 19:00:00,0,0,,0,0,0,0,-8.384852
2024-01-26 20:00:00,0,0,,0,0,0,0,-8.432438
2024-01-26 21:00:00,0.01300505,0,,0,0,0,0,-8.4484
2024-01-26 22:00:00,0,0,,0,0,0,0,-8.503365
2024-01-26 23:00:00,0.01262767,0,,0,0,0,0,-8.422434
2024-01-27 00:00:00,0,0,,0,0,0,0,-8.361073
2024-01-27 01:00:00,0,0,,0,0,0,0,-8.405703
2024-01-27 02:00:00,0,0,,0,0,0,0,-8.459053
2024-01-27 03:00:00,0,0,,0,0,0,0,-8.694551
2024-01-27 04:00:00,0.04686071,0,,0,0,0,0,-8.694161
2024-01-27 05:00:00,0,0,,0,0,0,0,-8.650041
2024-01-27 06:00:00,0,0,,0,0,0,0,-8.599848
2024-01-27 07:00:00,5.186041,2.269476,,1.725883,2.295943,0,0.1354048,-1.85426
2024-01-27 08:00:00,63.22427,46.38033,,47.79245,47.78367,48.70364,47.93799,281.4354
2024-01-27 09:00:00,138.7753,112.8835,,116.6641,116.5851,122.6853,122.5695,711.0406
2024-01-27 10:00:00,266.0221,241.3291,,241.8138,243.5067,240.7319,244.9532,1491.352
2024-01-27 11:00:00,340.0634,306.2683,,302.0493,303.7878,311.0354,314.343,1872.655
2024-01-27 12:00:00,218.4914,184.7702,,189.321,189.8279,197.1007,197.6221,1157.262
2024-01-27 13:00:00,392.1489,221.4488,,228.6324,227.7507,234.8609,235.3004,1391.689
2024-01-27 14:00:00,325.0093,271.1267,,287.5645,284.5765,295.6957,298.0872,1726.17
2024-01-27 15:00:00,194.9695,162.3031,,168.5577,169.3172,176.6141,176.4701,1012.879
2024-01-27 16:00:00,11.17706,8.648639,,8.920298,8.941922,9.584723,9.714354,47.60277
2024-01-27 17:00:00,0.298004,0,,0,0,0,0,-8.350054
2024-01-27 18:00:00,0,0,,0,0,0,0,-8.360562
2024-01-27 19:00:00,0,0,,0,0,0,0,-8.396242
2024-01-27 20:00:00,0,0,,0,0,0,0,-8.435057
2024-01-27 21:00:00,0,0,,0,0,0,0,-8.699674
2024-01-27 22:00:00,0,0,,0,0,0,0,-8.721045
2024-01-27 23:00:00,0,0,,0,0,0,0,-8.733852
2024-01-28 00:00:00,0,0,,0,0,0,0,-8.738601
2024-01-28 01:00:00,0,0,,0,0,0,0,-8.684834
2024-01-28 02:00:00,0.3235472,0,,0,0,0,0,-8.650321
2024-01-28 03:00:00,0.2672308,0,,0,0,0,0,-8.626152
2024-01-28 04:00:00,0.4668288,0,,0,0,0,0,-8.631136
2024-01-28 05:00:00,0.1570382,0,,0,0,0,0,-8.625783
2024-01-28 06:00:00,0,0,,0,0,0,0,-8.602441
2024-01-28 07:00:00,16.02747,14.5188,,16.27412,15.1737,12.15975,5.313195,55.99422
2024-01-28 08:00:00,196.0322,184.9795,,188.929,175.1507,185.7496,198.8542,1141.041
2024-01-28 09:00:00,269.3806,295.3163,,264.1042,258.2841,238.8349,255.9698,1756.548
2024-01-28 10:00:00,379.274,206.4911,,212.2493,212.3677,221.2749,380.3805,1567.858
2024-01-28 11:00:00,478.0792,462.994,,477.2609,478.079,486.9891,490.6588,2877.697
2024-01-28 12:00:00,141.3148,123.6588,,127.5107,127.2392,132.9857,133.0381,772.8135
2024-01-28 13:00:00,58.51853,57.33177,,58.56255,58.64149,60.39383,60.8151,351.8749
2024-01-28 14:00:00,268.6351,256.414,,258.4583,252.9495,256.1859,262.7625,1573.494
2024-01-28 15:00:00,167.797,127.5439,,138.554,136.3355,172.0329,156.7756,836.6921
2024-01-28 16:00:00,56.40781,46.21053,,46.97879,47.20951,48.24332,48.76952,281.4596
2024-01-28 17:00:00,3.798448,1.685777,,2.002808,1.985006,2.049923,2.735814,4.335212
2024-01-28 18:00:00,0,0,,0,0,0,0,-8.325008
2024-01-28 19:00:00,0,0,,0,0,0,0,-8.321306
2024-01-28 20:00:00,0,0,,0,0,0,0,-8.323854
2024-01-28 21:00:00,0,0,,0,0,0,0,-8.370122
2024-01-28 22:00:00,0,0,,0,0,0,0,-8.409908
2024-01-28 23:00:00,0,0,,0,0,0,0,-8.455304
2024-01-29 00:00:00,0,0,,0,0,0,0,-8.381618
2024-01-29 01:00:00,0,0,,0,0,0,0,-8.397456
2024-01-29 02:00:00,0,0,,0,0,0,0,-8.576595
2024-01-29 03:00:00,0,0,,0,0,0,0,-8.542919
2024-01-29 04:00:00,0,0,,0,0,0,0,-8.569761
2024-01-29 05:00:00,0,0,,0,0,0,0,-8.586191
2024-01-29 06:00:00,0,0,,0,0,0,0,-8.633582
2024-01-29 07:00:00,8.028747,3.98083,,12.98743,11.23147,6.166405,10.64224,44.25484
2024-01-29 08:00:00,239.5804,222.3671,,251.3781,229.6644,249.8432,268.0116,1449.873
2024-01-29 09:00:00,528.5345,535.4199,,554.1703,548.3627,580.7142,592.3961,3376.454
2024-01-29 10:00:00,728.5554,732.332,,746.9714,746.2782,782.1908,776.0656,4535.943
2024-01-29 11:00:00,857.7789,830.1138,,832.0632,832.347,833.9058,832.9828,4975.259
2024-01-29 12:00:00,839.4924,742.8545,,555.0565,557.7303,755.5464,560.6253,3706.239
2024-01-29 13:00:00,664.5947,610.6652,,614.9108,621.9461,633.5883,647.2974,3780.204
2024-01-29 14:00:00,709.7486,654.8246,,659.1823,657.7328,681.8015,674.3367,4097.144
2024-01-29 15:00:00,579.4181,558.3683,,563.9922,573.8216,587.7849,579.6303,3429.105
2024-01-29 16:00:00,320.6363,250.7081,,277.98,271.5339,270.0902,278.1643,1585.385
2024-01-29 17:00:00,12.10843,17.35457,,22.06581,19.08916,15.19482,20.73689,102.68
2024-01-29 18:00:00,0,0,,0,0,0,0,-8.360384
2024-01-29 19:00:00,0,0,,0,0,0,0,-8.409336
2024-01-29 20:00:00,0,0,,0,0,0,0,-8.396365
2024-01-29 21:00:00,0,0,,0,0,0,0,-8.440517
2024-01-29 22:00:00,0.01300505,0,,0,0,0,0,-8.480551
2024-01-29 23:00:00,0,0,,0,0,0,0,-8.413303
2024-01-30 00:00:00,0,0,,0,0,0,0,-8.423942
2024-01-30 01:00:00,0,0,,0,0,0,0,-8.39584
2024-01-30 02:00:00,0,0,,0,0,0,0,-8.340764
2024-01-30 03:00:00,0,0,,0,0,0,0,-8.3694
2024-01-30 04:00:00,0,0,,0,0,0,0,-8.444457
2024-01-30 05:00:00,0,0,,0,0,0,0,-8.405691
2024-01-30 06:00:00,0,0,,0,0,0,0,-8.438181
2024-01-30 07:00:00,7.236016,12.75772,,15.05324,12.54381,9.497687,11.51134,60.83331
2024-01-30 08:00:00,279.4825,238.8379,,265.9506,245.6072,268.3953,282.8448,1548.138
2024-01-30 09:00:00,437.6292,430.4631,,441.589,438.2668,459.699,468.9513,2702.314
2024-01-30 10:00:00,581.6326,553.4793,,569.8768,565.2751,604.2999,606.0959,3490.535
2024-01-30 11:00:00,653.6835,624.0927,,637.7908,637.8091,667.3041,667.0712,3882.562
2024-01-30 12:00:00,864.0778,785.2066,,792.8316,794.4628,803.9731,806.4515,4756.428
2024-01-30 13:00:00,811.6155,741.4023,,746.5222,750.5932,756.4115,771.7685,4461.55
2024-01-30 14:00:00,721.1399,670.8944,,686.2744,694.5226,691.0611,719.5072,4091.854
2024-01-30 15:00:00,477.8407,471.5527,,490.5912,504.6245,467.6696,501.8204,2843.413
2024-01-30 16:00:00,299.9988,242.441,,262.3488,256.4453,240.3659,261.322,1485.665
2024-01-30 17:00:00,19.70558,18.98017,,23.28952,20.4358,16.49109,21.94407,111.3198
2024-01-30 18:00:00,0,0,,0,0,0,0,-8.378088
2024-01-30 19:00:00,0,0,,0,0,0,0,-8.337379
2024-01-30 20:00:00,0,0,,0,0,0,0,-8.310389
2024-01-30 21:00:00,0,0,,0,0,0,0,-8.381258
2024-01-30 22:00:00,0,0,,0,0,0,0,-8.457026
2024-01-30 23:00:00,0,0,,0,0,0,0,-8.438434
2024-01-31 00:00:00,0,0,,0,0,0,0,-8.418533
2024-01-31 01:00:00,0,0,,0,0,0,0,-8.384639
2024-01-31 02:00:00,0,0,,0,0,0,0,-8.357499
2024-01-31 03:00:00,0,0,,0,0,0,0,-8.321925
2024-01-31 04:00:00,0,0,,0,0,0,0,-8.346503
2024-01-31 05:00:00,0,0,,0,0,0,0,-8.323692
2024-01-31 06:00:00,0,0,,0,0,0,0,-8.354623
2024-01-31 07:00:00,1.890085,0.1432617,,0.1480397,0,0,0,-8.133148
2024-01-31 08:00:00,26.50397,20.87678,,22.10297,20.4318,21.65132,19.09921,115.1108
2024-01-31 09:00:00,79.82085,65.97805,,68.80883,68.40292,73.68583,72.63968,416.7133
2024-01-31 10:00:00,73.02683,63.57586,,66.01745,66.09626,69.82547,69.55331,398.5932
2024-01-31 11:00:00,96.08927,84.64241,,87.11492,87.51848,91.69736,91.35265,531.4245
2024-01-31 12:00:00,132.333,117.5319,,119.6798,120.2029,124.2605,125.6217,734.3438
2024-01-31 13:00:00,95.85439,84.54041,,87.41225,87.47272,92.48807,91.71405,531.9765
2024-01-31 14:00:00,154.5891,131.7945,,135.0395,135.5918,141.1604,141.2716,826.9792
2024-01-31 15:00:00,321.7921,319.0313,,326.58,331.86,318.4609,335.4101,1950.027
2024-01-31 16:00:00,185.5015,143.6384,,83.36316,155.7749,127.9536,153.8421,801.1603
2024-01-31 17:00:00,25.18068,16.93409,,19.65386,18.36566,9.389834,19.27136,92.62273
2024-01-31 18:00:00,0,0,,0,0,0,0,-8.363763
2024-01-31 19:00:00,0,0,,0,0,0,0,-8.383291
2024-01-31 20:00:00,0,0,,0,0,0,0,-8.362309
2024-01-31 21:00:00,0,0,,0,0,0,0,-8.403992
2024-01-31 22:00:00,0,0,,0,0,0,0,-8.469637
2024-01-31 23:00:00,0,0,,0,0,0,0,-8.504671
