Schell Solar Farm,Unnamed: 1,Unnamed: 2,Unnamed: 3,Unnamed: 4,Unnamed: 5
,,,,,
Timestamp,POA*,"SMA Kodiak SC-1850 - A1, AC Real Power","SMA Kodiak SC-1850 - B1, AC Real Power","SMA Kodiak SC-1850 - C1, AC Real Power",Production meter active power
,W/mÂ²,kW,kW,kW,kW
2024-01-01 00:00:00,0,0,0,0,-7.300835
2024-01-01 01:00:00,0,0,0,0,-7.267735
2024-01-01 02:00:00,0,0,0,0,-7.281591
2024-01-01 03:00:00,0,0,0,0,-7.28855
2024-01-01 04:00:00,0,0,0,0,-7.283123
2024-01-01 05:00:00,0,0,0,0,-7.292934
2024-01-01 06:00:00,0,0,0,0,-7.278318
2024-01-01 07:00:00,4.356954,4.5,4.25,5,7.30942
2024-01-01 08:00:00,71.08382,110.5,114,113.5,329.587
2024-01-01 09:00:00,118.229,200,206,201.5,602.8295
2024-01-01 10:00:00,135.9863,232.75,240.25,234.5,702.0859
2024-01-01 11:00:00,220.8465,372,384.5,374.25,1118.966
2024-01-01 12:00:00,142.7834,239.75,247.75,243,723.688
2024-01-01 13:00:00,194.7885,332.75,334.5,324.5,979.7851
2024-01-01 14:00:00,179.7361,284.25,291.25,287.5,849.1509
2024-01-01 15:00:00,109.2919,171.5,179,170.5,520.8843
2024-01-01 16:00:00,16.14075,25.5,26.5,26.5,74.07741
2024-01-01 17:00:00,0,0,0,0,-7.336695
2024-01-01 18:00:00,0,0,0,0,-7.330378
2024-01-01 19:00:00,0,0,0,0,-7.329978
2024-01-01 20:00:00,0,0,0,0,-7.33842
2024-01-01 21:00:00,0,0,0,0,-7.309817
2024-01-01 22:00:00,0,0,0,0,-7.284235
2024-01-01 23:00:00,0,0,0,0,-7.269765
2024-01-02 00:00:00,0,0,0,0,-7.287474
2024-01-02 01:00:00,0,0,0,0,-7.269538
2024-01-02 02:00:00,0,0,0,0,-7.246104
2024-01-02 03:00:00,0,0,0,0,-7.258952
2024-01-02 04:00:00,0,0,0,0,-7.271738
2024-01-02 05:00:00,0,0,0,0,-7.259343
2024-01-02 06:00:00,0,0,0,0,-7.231397
2024-01-02 07:00:00,37.26792,39.75,36.5,38,105.5225
2024-01-02 08:00:00,267.199,428.25,450.25,439.25,1299.663
2024-01-02 09:00:00,490.1627,1021.5,1053.5,1029.75,3071.981
2024-01-02 10:00:00,661.3926,1339.75,1380.75,1351.5,4025.912
2024-01-02 11:00:00,761.6622,1512.25,1560,1530.75,4549.245
2024-01-02 12:00:00,787.2828,1546.25,1596.25,1563.75,4650.509
2024-01-02 13:00:00,728.3443,1432,1477,1446.75,4306.603
2024-01-02 14:00:00,596.7512,1180.5,1218,1191.25,3556.908
2024-01-02 15:00:00,402.7057,732.5,761,725.75,2208.888
2024-01-02 16:00:00,142.7012,147.25,144,83.5,373.6571
2024-01-02 17:00:00,0.006021675,1,1.25,1.25,-3.156107
2024-01-02 18:00:00,0,0,0,0,-7.229149
2024-01-02 19:00:00,0,0,0,0,-7.183632
2024-01-02 20:00:00,0,0,0,0,-7.183541
2024-01-02 21:00:00,0,0,0,0,-7.175768
2024-01-02 22:00:00,0,0,0,0,-7.16265
2024-01-02 23:00:00,0,0,0,0,-7.160903
2024-01-03 00:00:00,0,0,0,0,-7.113701
2024-01-03 01:00:00,0,0,0,0,-7.115007
2024-01-03 02:00:00,0,0,0,0,-7.073956
2024-01-03 03:00:00,0.2378752,0,0,0,-7.118006
2024-01-03 04:00:00,0,0,0,0,-7.201789
2024-01-03 05:00:00,0,0,0,0,-7.174254
2024-01-03 06:00:00,0,0,0,0,-7.198962
2024-01-03 07:00:00,41.76748,40.25,37.5,38.5,107.6447
2024-01-03 08:00:00,310.9488,436.5,459.75,458.75,1336.421
2024-01-03 09:00:00,496.7246,1033,1059.75,1043.25,3109.404
2024-01-03 10:00:00,645.1597,1270,1309.25,1289,3844.137
2024-01-03 11:00:00,771.3662,1473.75,1518,1498.25,4435.394
2024-01-03 12:00:00,649.9274,1243.25,1277.25,1254.5,3735.032
2024-01-03 13:00:00,666.4902,1270,1316.75,1281.25,3759.224
2024-01-03 14:00:00,502.9347,954.75,982.5,964.25,2915.981
2024-01-03 15:00:00,141.7191,242,249.25,243,732.707
2024-01-03 16:00:00,20.3539,40.5,42,41.25,120.8372
2024-01-03 17:00:00,0,0,0,0,-7.145423
2024-01-03 18:00:00,0,0,0,0,-7.285364
2024-01-03 19:00:00,0,0,0,0,-7.245246
2024-01-03 20:00:00,0,0,0,0,-7.197378
2024-01-03 21:00:00,0,0,0,0,-7.187996
2024-01-03 22:00:00,0,0,0,0,-7.185745
2024-01-03 23:00:00,0,0,0,0,-7.18617
2024-01-04 00:00:00,0,0,0,0,-7.211284
2024-01-04 01:00:00,0,0,0,0,-7.193015
2024-01-04 02:00:00,0,0,0,0,-7.212183
2024-01-04 03:00:00,0,0,0,0,-7.215631
2024-01-04 04:00:00,0,0,0,0,-7.186697
2024-01-04 05:00:00,0,0,0,0,-7.194009
2024-01-04 06:00:00,0,0,0,0,-7.150492
2024-01-04 07:00:00,9.554952,12.25,12,12.25,30.13311
2024-01-04 08:00:00,135.6633,228,229.25,231.5,699.6327
2024-01-04 09:00:00,322.6753,640.25,673.75,674.25,1934.782
2024-01-04 10:00:00,420.5607,772.5,753.5,743.25,2203.602
2024-01-04 11:00:00,470.8116,852.5,850.25,846.25,2502.932
2024-01-04 12:00:00,419.4882,739,722,695,2177.599
2024-01-04 13:00:00,415.471,808.75,861.75,809.5,2678.643
2024-01-04 14:00:00,389.4811,754.5,813.75,798.75,2373.685
2024-01-04 15:00:00,157.647,222,230.25,228.25,683.4083
2024-01-04 16:00:00,95.4602,108.25,108.5,73.75,288.283
2024-01-04 17:00:00,0.2136977,1.5,1.75,1.5,-1.716035
2024-01-04 18:00:00,0,0,0,0,-7.289476
2024-01-04 19:00:00,0,0,0,0,-7.300863
2024-01-04 20:00:00,0,0,0,0,-7.29796
2024-01-04 21:00:00,0,0,0,0,-7.281441
2024-01-04 22:00:00,0,0,0,0,-7.233512
2024-01-04 23:00:00,0,0,0,0,-7.233432
2024-01-05 00:00:00,0,0,0,0,-7.238803
2024-01-05 01:00:00,0,0,0,0,-7.195638
2024-01-05 02:00:00,0,0,0,0,-7.219155
2024-01-05 03:00:00,0,0,0,0,-7.253558
2024-01-05 04:00:00,0,0,0,0,-7.2401
2024-01-05 05:00:00,0,0,0,0,-7.281571
2024-01-05 06:00:00,0,0,0,0,-7.281361
2024-01-05 07:00:00,67.30279,42,37.75,40.5,112.454
2024-01-05 08:00:00,355.3181,463.75,487.5,476.25,1408.755
2024-01-05 09:00:00,522.4547,1074.25,1105.75,1082.75,3229.179
2024-01-05 10:00:00,688.3339,1371.25,1412.5,1389,4129.185
2024-01-05 11:00:00,773.9554,1513.75,1559.5,1528.5,4544.561
2024-01-05 12:00:00,775.0933,1439.75,1512.5,1507.5,4464.318
2024-01-05 13:00:00,721.7201,1392,1437.75,1411.75,4196.601
2024-01-05 14:00:00,553.679,1057,1084.5,1059.75,3199.478
2024-01-05 15:00:00,316.8093,585.5,609.75,587.5,1781.752
2024-01-05 16:00:00,157.9864,174,169,108.25,449.79
2024-01-05 17:00:00,0,1,1,1,-3.745286
2024-01-05 18:00:00,0,0,0,0,-7.31152
2024-01-05 19:00:00,0,0,0,0,-7.275113
2024-01-05 20:00:00,0,0,0,0,-7.257695
2024-01-05 21:00:00,0,0,0,0,-7.262196
2024-01-05 22:00:00,0,0,0,0,-7.268545
2024-01-05 23:00:00,0,0,0,0,-7.25832
2024-01-06 00:00:00,0,0,0,0,-7.242787
2024-01-06 01:00:00,0,0,0,0,-7.290052
2024-01-06 02:00:00,0,0,0,0,-7.236777
2024-01-06 03:00:00,0,0,0,0,-7.32097
2024-01-06 04:00:00,0,0,0,0,-7.349335
2024-01-06 05:00:00,0,0,0,0,-7.359025
2024-01-06 06:00:00,0,0,0,0,-7.343001
2024-01-06 07:00:00,1.191399,0,0.25,0.25,-6.723504
2024-01-06 08:00:00,8.15703,12.25,13,12.75,33.1726
2024-01-06 09:00:00,20.62593,36.25,37.75,36,105.5127
2024-01-06 10:00:00,48.97161,90.5,93,90.75,265.6412
2024-01-06 11:00:00,116.3332,197.75,201.25,199.5,601.3332
2024-01-06 12:00:00,70.50568,127.75,131.5,125,363.7755
2024-01-06 13:00:00,36.58052,62,64,65.5,189.3961
2024-01-06 14:00:00,48.37241,85.25,87.25,86.25,251.6933
2024-01-06 15:00:00,112.5929,190,187,162,504.2199
2024-01-06 16:00:00,31.31915,38.75,39.75,41.5,115.1409
2024-01-06 17:00:00,1.651603,0.25,0.25,0.25,-6.534227
2024-01-06 18:00:00,0.2605681,0,0,0,-7.181162
2024-01-06 19:00:00,0,0,0,0,-7.188374
2024-01-06 20:00:00,0,0,0,0,-7.168846
2024-01-06 21:00:00,0,0,0,0,-7.133683
2024-01-06 22:00:00,0,0,0,0,-7.134894
2024-01-06 23:00:00,0,0,0,0,-7.123761
2024-01-07 00:00:00,0,0,0,0,-7.103281
2024-01-07 01:00:00,0,0,0,0,-7.111722
2024-01-07 02:00:00,0,0,0,0,-7.099102
2024-01-07 03:00:00,0,0,0,0,-7.143084
2024-01-07 04:00:00,0,0,0,0,-7.143398
2024-01-07 05:00:00,0,0,0,0,-7.118605
2024-01-07 06:00:00,0,0,0,0,-7.111827
2024-01-07 07:00:00,11.89841,13,12.75,12,32.94265
2024-01-07 08:00:00,100.2581,153.25,155.25,146.75,436.8336
2024-01-07 09:00:00,410.828,732.75,762,733.5,2210.963
2024-01-07 10:00:00,658.9926,1239.75,1252.5,1250.5,3851.703
2024-01-07 11:00:00,744.4479,1447,1488.25,1495.75,4449.409
2024-01-07 12:00:00,666.4181,1396.25,1392.5,1226.75,3758.346
2024-01-07 13:00:00,555.1089,1011.5,1057.5,1046.5,3121.057
2024-01-07 14:00:00,285.4588,523.75,536,495.75,1527.754
2024-01-07 15:00:00,192.1315,317.5,316.5,343.5,1009.235
2024-01-07 16:00:00,120.255,123,111.5,95.5,354.1062
2024-01-07 17:00:00,1.699425,3.5,3.75,3.75,5.1583
2024-01-07 18:00:00,0,0,0,0,-7.218157
2024-01-07 19:00:00,0,0,0,0,-7.214007
2024-01-07 20:00:00,0,0,0,0,-7.202328
2024-01-07 21:00:00,0,0,0,0,-7.097052
2024-01-07 22:00:00,0,0,0,0,-7.106005
2024-01-07 23:00:00,0,0,0,0,-7.137825
2024-01-08 00:00:00,0,0,0,0,-7.149983
2024-01-08 01:00:00,0,0,0,0,-7.157196
2024-01-08 02:00:00,0,0,0,0,-7.150168
2024-01-08 03:00:00,0,0,0,0,-7.144927
2024-01-08 04:00:00,0,0,0,0,-7.155995
2024-01-08 05:00:00,0,0,0,0,-7.154844
2024-01-08 06:00:00,0,0,0,0,-7.180846
2024-01-08 07:00:00,33.07391,45,43.25,43.5,124.966
2024-01-08 08:00:00,183.933,320.75,333.5,325.25,957.335
2024-01-08 09:00:00,413.691,842.25,861,846.25,2529.255
2024-01-08 10:00:00,559.0582,1122.25,1155.25,1131.75,3385.351
2024-01-08 11:00:00,668.6262,1318,1370,1349.75,3980.491
2024-01-08 12:00:00,766.7025,1501,1542.75,1507.5,4458.244
2024-01-08 13:00:00,750.1637,1450.75,1494.75,1464,4360.992
2024-01-08 14:00:00,607.8191,1188,1225.5,1199.75,3578.027
2024-01-08 15:00:00,415.0142,789.25,814.25,785,2380.177
2024-01-08 16:00:00,165.1049,175.5,171.25,113.25,475.2826
2024-01-08 17:00:00,0.1186912,2,2,2,-0.2955528
2024-01-08 18:00:00,0,0,0,0,-7.241386
2024-01-08 19:00:00,0,0,0,0,-7.190123
2024-01-08 20:00:00,0,0,0,0,-7.175459
2024-01-08 21:00:00,0,0,0,0,-7.190083
2024-01-08 22:00:00,0,0,0,0,-7.216729
2024-01-08 23:00:00,0,0,0,0,-7.172267
2024-01-09 00:00:00,0,0,0,0,-7.149831
2024-01-09 01:00:00,0,0,0,0,-7.128879
2024-01-09 02:00:00,0,0,0,0,-7.20109
2024-01-09 03:00:00,0,0,0,0,-7.203879
2024-01-09 04:00:00,0,0,0,0,-7.251098
2024-01-09 05:00:00,0,0,0,0,-7.22305
2024-01-09 06:00:00,0,0,0,0,-7.180632
2024-01-09 07:00:00,0.499408,0.25,0.25,-0.25,-6.530633
2024-01-09 08:00:00,7.781678,10.5,11.5,11.5,28.70976
2024-01-09 09:00:00,29.29865,53.75,55.75,54,158.1987
2024-01-09 10:00:00,33.1646,60.5,62.5,62.5,179.423
2024-01-09 11:00:00,36.79829,66,67.75,67.25,195.7974
2024-01-09 12:00:00,102.3183,172.25,181.25,169.25,512.9159
2024-01-09 13:00:00,38.53416,70.5,72.25,69,205.4326
2024-01-09 14:00:00,22.98376,35.5,36.75,38,110.6878
2024-01-09 15:00:00,16.47721,25.25,26,25.25,72.12246
2024-01-09 16:00:00,3.260193,3.5,3.75,3.75,5.188925
2024-01-09 17:00:00,0.2893845,0,0,0,-7.348479
2024-01-09 18:00:00,0.003726694,0,0,0,-7.442229
2024-01-09 19:00:00,0,0,0,0,-7.461538
2024-01-09 20:00:00,0,0,0,0,-7.383853
2024-01-09 21:00:00,0.833563,0,0,0,-7.34636
2024-01-09 22:00:00,0.1434097,0,0,0,-7.333869
2024-01-09 23:00:00,0,0,0,0,-7.324175
2024-01-10 00:00:00,0,0,0,0,-7.310446
2024-01-10 01:00:00,0,0,0,0,-7.160269
2024-01-10 02:00:00,0,0,0,0,-7.148736
2024-01-10 03:00:00,0,0,0,0,-7.103173
2024-01-10 04:00:00,0,0,0,0,-7.057279
2024-01-10 05:00:00,0.4858634,0,0,0,-7.043852
2024-01-10 06:00:00,0,0,0,0,-7.12907
2024-01-10 07:00:00,40.23145,39.5,36.25,35.25,104.5543
2024-01-10 08:00:00,277.2685,448.75,469,459.5,1351.953
2024-01-10 09:00:00,506.5525,1040.25,1071,1045.75,3122.093
2024-01-10 10:00:00,668.4412,1357.75,1405.75,1374.75,4003.332
2024-01-10 11:00:00,653.605,1149,1183.25,1151,3843.619
2024-01-10 12:00:00,464.7584,916,924.75,873,2624.893
2024-01-10 13:00:00,489.4251,1019.5,1080.75,920.5,2877.254
2024-01-10 14:00:00,692.7548,1299.25,1319.75,1345,3997.415
2024-01-10 15:00:00,416.9674,802.5,826.75,796.75,2412.165
2024-01-10 16:00:00,79.76367,115.25,119.5,112.75,337.2214
2024-01-10 17:00:00,0.26487,1,1,1,-4.003385
2024-01-10 18:00:00,0,0,0,0,-7.247278
2024-01-10 19:00:00,0,0,0,0,-7.247041
2024-01-10 20:00:00,0,0,0,0,-7.25625
2024-01-10 21:00:00,0,0,0,0,-7.251077
2024-01-10 22:00:00,0,0,0,0,-7.281308
2024-01-10 23:00:00,0,0,0,0,-7.266317
2024-01-11 00:00:00,0,0,0,0,-7.301034
2024-01-11 01:00:00,0,0,0,0,-7.299129
2024-01-11 02:00:00,0,0,0,0,-7.285753
2024-01-11 03:00:00,0,0,0,0,-7.279071
2024-01-11 04:00:00,0.01442631,0,0,0,-7.272333
2024-01-11 05:00:00,0,0,0,0,-7.305847
2024-01-11 06:00:00,0,0,0,0,-7.308756
2024-01-11 07:00:00,42.92786,43.5,40,41.5,116.3781
2024-01-11 08:00:00,300.3027,472.5,493.75,484.75,1429.833
2024-01-11 09:00:00,489.8562,1024.25,1056.5,873.5,2625.41
2024-01-11 10:00:00,673.7749,,,,0
2024-01-11 11:00:00,775.8174,,,,0
2024-01-11 12:00:00,798.8447,,,,0
2024-01-11 13:00:00,749.2783,,,,-0.05769537
2024-01-11 14:00:00,621.6492,988.25,1107.5,1081.5,3152.366
2024-01-11 15:00:00,428.9732,823.5,849,818,2476.61
2024-01-11 16:00:00,178.4726,195.5,194.5,128.75,519.6777
2024-01-11 17:00:00,0.1974304,3,3,3,2.702794
2024-01-11 18:00:00,0,0,0,0,-7.220343
2024-01-11 19:00:00,0,0,0,0,-7.225199
2024-01-11 20:00:00,0,0,0,0,-7.192756
2024-01-11 21:00:00,0,0,0,0,-7.195642
2024-01-11 22:00:00,0,0,0,0,-7.211463
2024-01-11 23:00:00,0,0,0,0,-7.215996
2024-01-12 00:00:00,0,0,0,0,-7.244213
2024-01-12 01:00:00,0,0,0,0,-7.246753
2024-01-12 02:00:00,0.1718447,0,0,0,-7.216549
2024-01-12 03:00:00,0,0,0,0,-7.247977
2024-01-12 04:00:00,0,0,0,0,-7.258358
2024-01-12 05:00:00,0,0,0,0,-7.254966
2024-01-12 06:00:00,0,0,0,0,-7.208362
2024-01-12 07:00:00,42.35168,50.75,49.25,49.25,137.3319
2024-01-12 08:00:00,126.3048,239.75,247.75,243,723.0275
2024-01-12 09:00:00,257.7032,392,378.75,400.25,1005.852
2024-01-12 10:00:00,356.4495,653.5,673.25,658.25,1969.349
2024-01-12 11:00:00,557.7046,1049.25,1087,1032.5,3095.844
2024-01-12 12:00:00,538.59,961.25,1000.25,987.5,2942.078
2024-01-12 13:00:00,480.9475,880,905.25,878,2703.076
2024-01-12 14:00:00,368.54,650,685.5,654.5,1929.719
2024-01-12 15:00:00,147.0373,239.25,246.25,241.5,725.3274
2024-01-12 16:00:00,28.8105,47.25,49.25,48,142.184
2024-01-12 17:00:00,0.582802,0.75,0.75,0.75,-4.323987
2024-01-12 18:00:00,0,0,0,0,-7.382064
2024-01-12 19:00:00,0.0866587,0,0,0,-7.396502
2024-01-12 20:00:00,0,0,0,0,-7.437992
2024-01-12 21:00:00,0,0,0,0,-7.410165
2024-01-12 22:00:00,0,0,0,0,-7.448641
2024-01-12 23:00:00,0,0,0,0,-7.403795
2024-01-13 00:00:00,0.1014922,0,0,0,-7.287208
2024-01-13 01:00:00,0.158574,0,0,0,-7.189015
2024-01-13 02:00:00,0.7610627,0,0,0,-7.181677
2024-01-13 03:00:00,1.890991,0,0,0,-7.165183
2024-01-13 04:00:00,1.061226,0,0,0,-7.136109
2024-01-13 05:00:00,0.9471665,0,0,0,-7.14523
2024-01-13 06:00:00,0,0,0,0,-7.083114
2024-01-13 07:00:00,33.19727,37.25,34.25,33.5,98.68957
2024-01-13 08:00:00,271.7773,442.75,460.5,452,1332.859
2024-01-13 09:00:00,509.1047,960.25,978,944.75,3068.872
2024-01-13 10:00:00,402.7695,683.75,682.75,579.5,2092.476
2024-01-13 11:00:00,500.8298,969.5,947.25,998.75,3006.659
2024-01-13 12:00:00,829.3231,1602.5,1650.5,1614.5,4801.684
2024-01-13 13:00:00,776.8927,1506.75,1552.75,1517.75,4522.731
2024-01-13 14:00:00,649.3008,1268.75,1308,1277.5,3817.368
2024-01-13 15:00:00,455.8477,887.25,914,884.5,2666.364
2024-01-13 16:00:00,203.1225,223,222.75,152,597.2849
2024-01-13 17:00:00,1.162531,3.75,3.75,3.25,4.823735
2024-01-13 18:00:00,0,0,0,0,-7.203462
2024-01-13 19:00:00,0,0,0,0,-7.212906
2024-01-13 20:00:00,0,0,0,0,-7.189024
2024-01-13 21:00:00,0,0,0,0,-7.191219
2024-01-13 22:00:00,0,0,0,0,-7.174779
2024-01-13 23:00:00,0,0,0,0,-7.17738
2024-01-14 00:00:00,0,0,0,0,-7.17871
2024-01-14 01:00:00,0,0,0,0,-7.176555
2024-01-14 02:00:00,0,0,0,0,-7.151062
2024-01-14 03:00:00,0,0,0,0,-7.126455
2024-01-14 04:00:00,0,0,0,0,-7.125552
2024-01-14 05:00:00,0,0,0,0,-7.243643
2024-01-14 06:00:00,0,0,0,0,-7.237899
2024-01-14 07:00:00,12.44029,19.75,19.25,18.75,49.56042
2024-01-14 08:00:00,267.8477,489,512.25,494,1470.226
2024-01-14 09:00:00,515.3771,1058.5,1090.75,1066.75,3179.4
2024-01-14 10:00:00,694.2927,1370,1413.5,1387,4121.56
2024-01-14 11:00:00,795.6391,1531.25,1580.5,1546,4600.32
2024-01-14 12:00:00,822.7471,1571,1621.25,1586.75,4718.395
2024-01-14 13:00:00,774.0782,1486.5,1532,1495.75,4460.574
2024-01-14 14:00:00,643.4918,1248,1286.5,1256.75,3753.08
2024-01-14 15:00:00,444.2603,860.5,886,859,2587.489
2024-01-14 16:00:00,168.1557,212,217.25,164.25,587.5635
2024-01-14 17:00:00,3.1592,7,7,7.25,18.05291
2024-01-14 18:00:00,0,0,0,0,-7.182921
2024-01-14 19:00:00,0.04871624,0,0,0,-7.187821
2024-01-14 20:00:00,0,0,0,0,-7.184457
2024-01-14 21:00:00,0,0,0,0,-7.197043
2024-01-14 22:00:00,0,0,0,0,-7.199735
2024-01-14 23:00:00,0,0,0,0,-7.170283
2024-01-15 00:00:00,0,0,0,0,-7.184292
2024-01-15 01:00:00,0,0,0,0,-7.182683
2024-01-15 02:00:00,0,0,0,0,-7.190348
2024-01-15 03:00:00,0,0,0,0,-7.16267
2024-01-15 04:00:00,0,0,0,0,-7.189836
2024-01-15 05:00:00,0,0,0,0,-7.191227
2024-01-15 06:00:00,0,0,0,0,-7.152832
2024-01-15 07:00:00,3.527057,3.5,3.5,3.5,3.747818
2024-01-15 08:00:00,21.25074,40,41.75,41,116.731
2024-01-15 09:00:00,67.56922,131.5,135.75,133,395.2491
2024-01-15 10:00:00,151.7321,275,283.5,278.75,837.4564
2024-01-15 11:00:00,185.4285,325,335.25,329.75,982.4468
2024-01-15 12:00:00,177.0607,312.25,322,315.25,943.5732
2024-01-15 13:00:00,131.6384,234.5,241,238.25,707.0782
2024-01-15 14:00:00,202.2561,336,347.25,340.5,1009.362
2024-01-15 15:00:00,195.4513,321.25,335,323.25,972.8514
2024-01-15 16:00:00,47.06364,72.25,74.75,72.75,216.6139
2024-01-15 17:00:00,0.9766011,1.5,1.75,1.75,-1.079791
2024-01-15 18:00:00,0,0,0,0,-7.159098
2024-01-15 19:00:00,0,0,0,0,-7.132943
2024-01-15 20:00:00,0,0,0,0,-7.125743
2024-01-15 21:00:00,0,0,0,0,-7.13326
2024-01-15 22:00:00,0,0,0,0,-7.183286
2024-01-15 23:00:00,0,0,0,0,-7.149516
2024-01-16 00:00:00,0,0,0,0,-7.150627
2024-01-16 01:00:00,0,0,0,0,-7.158243
2024-01-16 02:00:00,0,0,0,0,-7.130765
2024-01-16 03:00:00,0,0,0,0,-7.130612
2024-01-16 04:00:00,0,0,0,0,-7.119199
2024-01-16 05:00:00,0,0,0,0,-7.134014
2024-01-16 06:00:00,0,0,0,0,-7.089705
2024-01-16 07:00:00,8.491498,11,10.75,10,25.08864
2024-01-16 08:00:00,33.27763,60.25,61.75,61,178.1625
2024-01-16 09:00:00,57.99031,105.25,108.5,106.75,315.106
2024-01-16 10:00:00,77.3151,143.75,147.5,143,430.2932
2024-01-16 11:00:00,60.606,115.5,120,121.75,349.2128
2024-01-16 12:00:00,123.5559,221,227.75,223,662.6746
2024-01-16 13:00:00,53.76262,101.75,104.75,105.75,308.0969
2024-01-16 14:00:00,43.70485,83,86.5,84.25,248.1599
2024-01-16 15:00:00,37.39637,68.5,71,69,206.4989
2024-01-16 16:00:00,17.80073,28.5,29.75,29.75,85.38697
2024-01-16 17:00:00,0.7090949,0,0,0,-6.808496
2024-01-16 18:00:00,0,0,0,0,-7.227859
2024-01-16 19:00:00,0,0,0,0,-7.225803
2024-01-16 20:00:00,0,0,0,0,-7.292041
2024-01-16 21:00:00,0,0,0,0,-7.289975
2024-01-16 22:00:00,0,0,0,0,-7.304373
2024-01-16 23:00:00,0,0,0,0,-7.280414
2024-01-17 00:00:00,0,0,0,0,-7.291532
2024-01-17 01:00:00,0,0,0,0,-7.280112
2024-01-17 02:00:00,0,0,0,0,-7.280107
2024-01-17 03:00:00,0,0,0,0,-7.262697
2024-01-17 04:00:00,0,0,0,0,-7.233048
2024-01-17 05:00:00,0,0,0,0,-7.25112
2024-01-17 06:00:00,0,0,0,0,-7.262737
2024-01-17 07:00:00,45.2914,49.25,45.75,47.5,134.6794
2024-01-17 08:00:00,292.9706,520.5,542.25,528.75,1570.036
2024-01-17 09:00:00,528.458,1105.5,1138.5,1114.75,3321.625
2024-01-17 10:00:00,713.4202,1442.75,1488,1458,4339.493
2024-01-17 11:00:00,822.881,1623.5,1654.25,1638.5,4857.596
2024-01-17 12:00:00,854.7408,1664.5,1665.25,1665.75,4936.624
2024-01-17 13:00:00,803.2266,1574.75,1618.75,1590,4728.801
2024-01-17 14:00:00,675.0598,1338.25,1380.25,1349.5,4025.577
2024-01-17 15:00:00,476.0687,952.5,980.5,954.5,2869.345
2024-01-17 16:00:00,224.9279,285.25,287.75,204.5,780.9219
2024-01-17 17:00:00,3.350667,5.5,5.75,5.5,10.82202
2024-01-17 18:00:00,0,0,0,0,-7.181726
2024-01-17 19:00:00,0,0,0,0,-7.162459
2024-01-17 20:00:00,0,0,0,0,-7.170596
2024-01-17 21:00:00,0,0,0,0,-7.16842
2024-01-17 22:00:00,0,0,0,0,-7.192396
2024-01-17 23:00:00,0,0,0,0,-7.221075
2024-01-18 00:00:00,0,0,0,0,-7.205452
2024-01-18 01:00:00,0,0,0,0,-7.12824
2024-01-18 02:00:00,0,0,0,0,-7.147118
2024-01-18 03:00:00,0,0,0,0,-7.15591
2024-01-18 04:00:00,0,0,0,0,-7.120319
2024-01-18 05:00:00,0,0,0,0,-7.195352
2024-01-18 06:00:00,0,0,0,0,-7.18044
2024-01-18 07:00:00,46.61633,55,50.75,52.75,150.0021
2024-01-18 08:00:00,285.801,531.5,553,538.5,1603.886
2024-01-18 09:00:00,434.0391,908.5,943,876.25,2672.089
2024-01-18 10:00:00,663.1057,1288.25,1312.75,1322,3912.699
2024-01-18 11:00:00,759.6076,1393.5,1444.5,1440,4279.536
2024-01-18 12:00:00,809.1897,1518.75,1559,1547.5,4575.972
2024-01-18 13:00:00,695.9803,1313.5,1386.5,1325.25,3918.706
2024-01-18 14:00:00,623.2462,1148.75,1179.25,1151.25,3461.784
2024-01-18 15:00:00,373.0901,648.25,663.25,671,2033.294
2024-01-18 16:00:00,96.62647,132.75,136.75,132,400.5405
2024-01-18 17:00:00,2.11703,5.25,5.5,5.25,9.611952
2024-01-18 18:00:00,0,0,0,0,-7.175695
2024-01-18 19:00:00,0,0,0,0,-7.214775
2024-01-18 20:00:00,0,0,0,0,-7.234464
2024-01-18 21:00:00,0,0,0,0,-7.210938
2024-01-18 22:00:00,0,0,0,0,-7.248766
2024-01-18 23:00:00,0,0,0,0,-7.246586
2024-01-19 00:00:00,0,0,0,0,-7.242516
2024-01-19 01:00:00,0,0,0,0,-7.197903
2024-01-19 02:00:00,0,0,0,0,-7.23201
2024-01-19 03:00:00,0,0,0,0,-7.237045
2024-01-19 04:00:00,0,0,0,0,-7.1817
2024-01-19 05:00:00,0,0,0,0,-7.230572
2024-01-19 06:00:00,0,0,0,0,-7.244978
2024-01-19 07:00:00,7.600183,8.75,9.5,9,20.94118
2024-01-19 08:00:00,61.26936,96.5,99.75,101.25,290.1606
2024-01-19 09:00:00,200.5607,325,348.25,330.5,981.2983
2024-01-19 10:00:00,351.7543,648.5,648,648,1911.599
2024-01-19 11:00:00,636.3765,1214,1251.5,1205.5,3622.609
2024-01-19 12:00:00,245.0202,426.5,455.5,416,1263
2024-01-19 13:00:00,139.8846,239.25,246.5,240.5,726.2511
2024-01-19 14:00:00,166.2547,260.75,268,265.25,797.0183
2024-01-19 15:00:00,214.058,398.25,387.5,410.75,1283.572
2024-01-19 16:00:00,163.3232,214.5,249.5,174.5,612.649
2024-01-19 17:00:00,5.222106,7,7,6.25,14.98763
2024-01-19 18:00:00,0,0,0,0,-7.148348
2024-01-19 19:00:00,0,0,0,0,-7.127089
2024-01-19 20:00:00,0,0,0,0,-7.127078
2024-01-19 21:00:00,0,0,0,0,-7.164805
2024-01-19 22:00:00,0,0,0,0,-7.191045
2024-01-19 23:00:00,0,0,0,0,-7.175494
2024-01-20 00:00:00,0,0,0,0,-7.194169
2024-01-20 01:00:00,0,0,0,0,-7.160568
2024-01-20 02:00:00,0,0,0,0,-7.140955
2024-01-20 03:00:00,0,0,0,0,-7.139537
2024-01-20 04:00:00,0,0,0,0,-7.183755
2024-01-20 05:00:00,0,0,0,0,-7.183973
2024-01-20 06:00:00,0,0,0,0,-7.144385
2024-01-20 07:00:00,44.39091,49.25,46.5,47.5,135.5748
2024-01-20 08:00:00,282.8078,510.5,527.25,516.25,1532.1
2024-01-20 09:00:00,516.8942,1071.5,1099.5,1064.5,3213.109
2024-01-20 10:00:00,715.3905,1450,1492.5,1468,4363.412
2024-01-20 11:00:00,832.1603,1640.5,1660,1648.5,4889.48
2024-01-20 12:00:00,795.2173,1361.75,1359.5,1308.25,3971.302
2024-01-20 13:00:00,713.6983,1439,1441.5,1320.25,4293.726
2024-01-20 14:00:00,593.773,1169,1230.5,1174.75,3458.068
2024-01-20 15:00:00,506.3466,1006.5,1009.75,961.75,3007.25
2024-01-20 16:00:00,194.1651,297.75,302,248.25,850.9202
2024-01-20 17:00:00,2.432888,7.25,7.75,7,17.40781
2024-01-20 18:00:00,0,0,0,0,-7.170591
2024-01-20 19:00:00,0,0,0,0,-7.119225
2024-01-20 20:00:00,0,0,0,0,-7.130695
2024-01-20 21:00:00,0,0,0,0,-7.164782
2024-01-20 22:00:00,0,0,0,0,-7.233148
2024-01-20 23:00:00,0,0,0,0,-7.214522
2024-01-21 00:00:00,0,0,0,0,-7.197784
2024-01-21 01:00:00,0,0,0,0,-7.179482
2024-01-21 02:00:00,0,0,0,0,-7.137847
2024-01-21 03:00:00,0,0,0,0,-7.190374
2024-01-21 04:00:00,0,0,0,0,-7.216803
2024-01-21 05:00:00,0,0,0,0,-7.215931
2024-01-21 06:00:00,0,0,0,0,-7.253739
2024-01-21 07:00:00,48.92318,53.25,50.75,52.25,146.1569
2024-01-21 08:00:00,297.5582,549,569.25,556.75,1653.984
2024-01-21 09:00:00,535.7099,1122,1155.75,1130.5,3369.693
2024-01-21 10:00:00,721.3008,1472.5,1516.75,1484.75,4419.999
2024-01-21 11:00:00,833.2322,1653.25,1665.25,1658,4917.021
2024-01-21 12:00:00,863.5103,1665.5,1666.25,1666,4937.976
2024-01-21 13:00:00,813.6044,1589.5,1629.5,1605.25,4768.38
2024-01-21 14:00:00,685.1352,1357.5,1401.75,1371.5,4091.211
2024-01-21 15:00:00,489.4262,975,1005.25,981,2941.903
2024-01-21 16:00:00,239.5997,337.5,342.5,260.25,939.0773
2024-01-21 17:00:00,6.245843,9.75,7,6.5,17.86576
2024-01-21 18:00:00,0,0,0,0,-7.247026
2024-01-21 19:00:00,0,0,0,0,-7.21965
2024-01-21 20:00:00,0,0,0,0,-7.240801
2024-01-21 21:00:00,0,0,0,0,-7.274682
2024-01-21 22:00:00,0,0,0,0,-7.25839
2024-01-21 23:00:00,0,0,0,0,-7.274213
2024-01-22 00:00:00,0,0,0,0,-7.267569
2024-01-22 01:00:00,0,0,0,0,-7.213031
2024-01-22 02:00:00,0,0,0,0,-7.200743
2024-01-22 03:00:00,0,0,0,0,-7.209249
2024-01-22 04:00:00,0,0,0,0,-7.22146
2024-01-22 05:00:00,0,0,0,0,-7.2079
2024-01-22 06:00:00,0,0,0,0,-7.187254
2024-01-22 07:00:00,62.6824,57.75,54.5,55.75,159.9984
2024-01-22 08:00:00,331.1529,552.75,574.25,565.75,1668.923
2024-01-22 09:00:00,562.3942,1090.5,1122.75,1099.5,3273.58
2024-01-22 10:00:00,699.3956,1406,1449.5,1420.75,4232.143
2024-01-22 11:00:00,808.7125,1576.5,1629.5,1597,4740.774
2024-01-22 12:00:00,836.6663,1609.25,1652,1626.75,4818.328
2024-01-22 13:00:00,775.9623,1491.25,1539.25,1509.25,4496.163
2024-01-22 14:00:00,632.5237,1241.25,1279.25,1246.75,3716.825
2024-01-22 15:00:00,450.9142,889.5,915.5,898.75,2691.082
2024-01-22 16:00:00,222.2081,324.5,330.75,259,914.0842
2024-01-22 17:00:00,7.161349,10.5,8,7,20.31812
2024-01-22 18:00:00,0,0,0,0,-7.214874
2024-01-22 19:00:00,0,0,0,0,-7.176064
2024-01-22 20:00:00,0,0,0,0,-7.179016
2024-01-22 21:00:00,0,0,0,0,-7.163884
2024-01-22 22:00:00,0,0,0,0,-7.159548
2024-01-22 23:00:00,0,0,0,0,-7.221817
2024-01-23 00:00:00,0,0,0,0,-7.243246
2024-01-23 01:00:00,0,0,0,0,-7.165493
2024-01-23 02:00:00,0,0,0,0,-7.207035
2024-01-23 03:00:00,0,0,0,0,-7.228997
2024-01-23 04:00:00,0,0,0,0,-7.118845
2024-01-23 05:00:00,0,0,0,0,-7.144444
2024-01-23 06:00:00,0,0,0,0,-7.183501
2024-01-23 07:00:00,17.05793,22.5,23.25,23,62.24093
2024-01-23 08:00:00,86.68631,137.25,141.25,139.5,411.371
2024-01-23 09:00:00,158.0513,259.5,267.25,262,781.8665
2024-01-23 10:00:00,198.3091,345.75,356.5,350.25,1041.346
2024-01-23 11:00:00,288.5652,489.5,505,495.75,1478.258
2024-01-23 12:00:00,215.0867,385.75,397,388.5,1163.74
2024-01-23 13:00:00,183.1337,320.5,330.25,324.25,968.0964
2024-01-23 14:00:00,123.7063,226.75,234.25,229,684.5541
2024-01-23 15:00:00,76.76791,138,142.25,139,415.4316
2024-01-23 16:00:00,36.33746,66,68.5,67,197.2399
2024-01-23 17:00:00,2.992939,3.25,3,3.25,4.165786
2024-01-23 18:00:00,0,0,0,0,-7.206864
2024-01-23 19:00:00,0,0,0,0,-7.249246
2024-01-23 20:00:00,0,0,0,0,-7.286747
2024-01-23 21:00:00,0,0,0,0,-7.27811
2024-01-23 22:00:00,0,0,0,0,-7.286797
2024-01-23 23:00:00,0,0,0,0,-7.302473
2024-01-24 00:00:00,0,0,0,0,-7.35943
2024-01-24 01:00:00,0,0,0,0,-7.332356
2024-01-24 02:00:00,0,0,0,0,-7.221252
2024-01-24 03:00:00,0,0,0,0,-7.203894
2024-01-24 04:00:00,0,0,0,0,-7.213473
2024-01-24 05:00:00,0.01558816,0,0,0,-7.180855
2024-01-24 06:00:00,0,0,0,0,-7.084608
2024-01-24 07:00:00,17.12767,18.25,18.25,18.25,47.94641
2024-01-24 08:00:00,194.2718,347.25,360.25,354.5,1026.068
2024-01-24 09:00:00,290.4777,510.5,524.5,487.75,1562.13
2024-01-24 10:00:00,292.4214,488.75,505.5,504,1483.855
2024-01-24 11:00:00,466.7834,860.75,852.5,863,2582.918
2024-01-24 12:00:00,385.3304,657.25,679.75,667.25,1986.203
2024-01-24 13:00:00,622.3933,1032.25,1054.25,1109.5,3190.38
2024-01-24 14:00:00,449.4347,812.5,827,854.25,2477.77
2024-01-24 15:00:00,120.5433,193.5,200,196.25,591.5193
2024-01-24 16:00:00,106.7977,156.25,162.25,152.5,463.9893
2024-01-24 17:00:00,8.48751,18.75,18.75,18.25,51.22303
2024-01-24 18:00:00,0,0,0,0,-7.128929
2024-01-24 19:00:00,0,0,0,0,-7.127616
2024-01-24 20:00:00,0,0,0,0,-7.159708
2024-01-24 21:00:00,0,0,0,0,-7.171193
2024-01-24 22:00:00,0,0,0,0,-7.173823
2024-01-24 23:00:00,0,0,0,0,-7.222467
2024-01-25 00:00:00,0,0,0,0,-7.242038
2024-01-25 01:00:00,0,0,0,0,-7.262467
2024-01-25 02:00:00,0,0,0,0,-7.249083
2024-01-25 03:00:00,0,0,0,0,-7.227615
2024-01-25 04:00:00,0,0,0,0,-7.238389
2024-01-25 05:00:00,0,0,0,0,-7.205329
2024-01-25 06:00:00,0,0,0,0,-7.12132
2024-01-25 07:00:00,8.687533,8.75,9.25,9,21.30243
2024-01-25 08:00:00,91.42814,130.5,135,133.5,393.4401
2024-01-25 09:00:00,118.769,182.5,189.75,190,552.2067
2024-01-25 10:00:00,149.1205,243.75,254.75,248.25,741.5935
2024-01-25 11:00:00,122.7992,216.5,219,211.5,642.0923
2024-01-25 12:00:00,114.0929,190.25,197.5,194.5,575.2692
2024-01-25 13:00:00,131.9653,222.25,230,225.75,672.3004
2024-01-25 14:00:00,71.16552,130.25,133.75,129,389.6054
2024-01-25 15:00:00,41.70759,78,80.5,79.75,232.8907
2024-01-25 16:00:00,14.94938,25,26.25,25.75,73.18597
2024-01-25 17:00:00,1.094402,0.75,1,1,-3.713221
2024-01-25 18:00:00,0,0,0,0,-7.079438
2024-01-25 19:00:00,0,0,0,0,-7.083413
2024-01-25 20:00:00,0,0,0,0,-7.08731
2024-01-25 21:00:00,0,0,0,0,-7.096923
2024-01-25 22:00:00,0,0,0,0,-7.09901
2024-01-25 23:00:00,0.1690733,0,0,0,-7.119461
2024-01-26 00:00:00,0.2625807,0,0,0,-7.123283
2024-01-26 01:00:00,0.1203015,0,0,0,-7.141851
2024-01-26 02:00:00,0.6952406,0,0,0,-7.172643
2024-01-26 03:00:00,0.7081762,0,0,0,-7.1697
2024-01-26 04:00:00,0.696859,0,0,0,-7.175652
2024-01-26 05:00:00,0.661227,0,0,0,-7.150471
2024-01-26 06:00:00,0,0,0,0,-7.09832
2024-01-26 07:00:00,11.62993,13.25,13.75,13,33.60501
2024-01-26 08:00:00,94.55183,137.25,141.5,139.25,425.9853
2024-01-26 09:00:00,363.8098,566.25,595,611,1861.99
2024-01-26 10:00:00,265.178,440.25,470.5,481.25,1295.226
2024-01-26 11:00:00,170.6644,310.75,289.5,272,816.9503
2024-01-26 12:00:00,208.2222,321.25,298.25,333.25,909.6929
2024-01-26 13:00:00,260.067,422.75,452.25,440.75,1270.246
2024-01-26 14:00:00,445.344,780,861.5,810,2362.356
2024-01-26 15:00:00,300.9072,558.75,562.25,512.75,1635.884
2024-01-26 16:00:00,91.8336,137.25,142.75,125.5,397.9503
2024-01-26 17:00:00,9.144695,14.5,15.5,14.25,39.21949
2024-01-26 18:00:00,0,0,0,0,-7.108047
2024-01-26 19:00:00,0,0,0,0,-7.093849
2024-01-26 20:00:00,0,0,0,0,-7.124564
2024-01-26 21:00:00,0,0,0,0,-7.147249
2024-01-26 22:00:00,0,0,0,0,-7.184688
2024-01-26 23:00:00,0,0,0,0,-7.208617
2024-01-27 00:00:00,0,0,0,0,-7.228899
2024-01-27 01:00:00,0,0,0,0,-7.234996
2024-01-27 02:00:00,0,0,0,0,-7.238463
2024-01-27 03:00:00,0,0,0,0,-7.261968
2024-01-27 04:00:00,0.0123352,0,0,0,-7.249942
2024-01-27 05:00:00,0,0,0,0,-7.239716
2024-01-27 06:00:00,0,0,0,0,-7.218698
2024-01-27 07:00:00,46.53726,51,51.25,50,145.3828
2024-01-27 08:00:00,228.8701,469,495.75,468.75,1468.679
2024-01-27 09:00:00,411.3706,778.5,831.75,802.5,2459.921
2024-01-27 10:00:00,338.4892,596,627,616.25,2021.059
2024-01-27 11:00:00,240.8516,417.25,440.25,420.5,1257.66
2024-01-27 12:00:00,218.9457,364.5,386.25,369,1116.577
2024-01-27 13:00:00,171.9936,295.25,316,300.25,889.0705
2024-01-27 14:00:00,349.9484,604.25,635,610.25,1900.283
2024-01-27 15:00:00,215.8725,349,373,361,1082.293
2024-01-27 16:00:00,86.3719,128.25,139.25,124.5,387.9589
2024-01-27 17:00:00,4.802682,6,6.75,6.25,13.16535
2024-01-27 18:00:00,0,0,0,0,-7.135062
2024-01-27 19:00:00,0.3514723,0,0,0,-7.163139
2024-01-27 20:00:00,0.09332365,0,0,0,-7.14754
2024-01-27 21:00:00,0.1614505,0,0,0,-7.169382
2024-01-27 22:00:00,0.8093064,0,0,0,-7.187501
2024-01-27 23:00:00,0.1815415,0,0,0,-7.19371
2024-01-28 00:00:00,0,0,0,0,-7.229586
2024-01-28 01:00:00,0,0,0,0,-7.243313
2024-01-28 02:00:00,0,0,0,0,-7.249193
2024-01-28 03:00:00,0,0,0,0,-7.277106
2024-01-28 04:00:00,0,0,0,0,-7.273779
2024-01-28 05:00:00,0,0,0,0,-7.291131
2024-01-28 06:00:00,0,0,0,0,-7.275912
2024-01-28 07:00:00,3.804535,2,2,2,-0.4593357
2024-01-28 08:00:00,83.18643,127,133.25,124,375.8903
2024-01-28 09:00:00,147.4261,235.75,244.25,230,703.309
2024-01-28 10:00:00,196.9852,324.5,343.75,328,986.243
2024-01-28 11:00:00,232.2356,381.5,405.25,387.75,1169.69
2024-01-28 12:00:00,295.2485,477.25,503,478.25,1454.281
2024-01-28 13:00:00,194.942,323.5,342.75,325.25,964.2301
2024-01-28 14:00:00,276.0973,438,464.25,443.25,1325.167
2024-01-28 15:00:00,152.8836,243.75,261,249.5,746.1131
2024-01-28 16:00:00,71.01872,126.75,136.5,129.25,374.2615
2024-01-28 17:00:00,3.175307,4.25,4.5,4.25,7.623905
2024-01-28 18:00:00,0,0,0,0,-7.18653
2024-01-28 19:00:00,0,0,0,0,-7.184243
2024-01-28 20:00:00,0,0,0,0,-7.174039
2024-01-28 21:00:00,0,0,0,0,-7.193599
2024-01-28 22:00:00,0,0,0,0,-7.182184
2024-01-28 23:00:00,0,0,0,0,-7.135124
2024-01-29 00:00:00,0,0,0,0,-7.146577
2024-01-29 01:00:00,0,0,0,0,-7.152168
2024-01-29 02:00:00,0,0,0,0,-7.157547
2024-01-29 03:00:00,0,0,0,0,-7.153427
2024-01-29 04:00:00,0,0,0,0,-7.137287
2024-01-29 05:00:00,0,0,0,0,-7.097326
2024-01-29 06:00:00,0,0,0,0,-7.061142
2024-01-29 07:00:00,32.34166,41.25,43,42.25,120.889
2024-01-29 08:00:00,290.6943,570,606.25,576.75,1727.904
2024-01-29 09:00:00,532.1089,1071.75,1134.25,1057.5,3248.243
2024-01-29 10:00:00,681.4116,1255.25,1374.75,1195,3648.826
2024-01-29 11:00:00,649.4404,1083.75,1238.75,1274.5,3256.915
2024-01-29 12:00:00,716.9741,1258.25,1129.5,1029.25,3696.958
2024-01-29 13:00:00,698.4291,1265.75,1296,1278.25,4011.646
2024-01-29 14:00:00,702.3905,1333.75,1381.25,1314,4060.251
2024-01-29 15:00:00,507.1992,954,977,936.75,2813.73
2024-01-29 16:00:00,265.067,427.25,452.5,362.75,1239.931
2024-01-29 17:00:00,20.92159,23.25,16,11,46.06433
2024-01-29 18:00:00,0,0,0,0,-7.116929
2024-01-29 19:00:00,0,0,0,0,-7.088959
2024-01-29 20:00:00,0,0,0,0,-7.060495
2024-01-29 21:00:00,0,0,0,0,-7.054249
2024-01-29 22:00:00,0,0,0,0,-7.072108
2024-01-29 23:00:00,0,0,0,0,-7.111345
2024-01-30 00:00:00,0,0,0,0,-7.08968
2024-01-30 01:00:00,0,0,0,0,-7.094225
2024-01-30 02:00:00,0,0,0,0,-7.086693
2024-01-30 03:00:00,0,0,0,0,-7.063975
2024-01-30 04:00:00,0.03240718,0,0,0,-7.09362
2024-01-30 05:00:00,0.05402355,0,0,0,-7.254854
2024-01-30 06:00:00,0,0,0,0,-7.261594
2024-01-30 07:00:00,76.87021,74.25,74.25,73.25,206.1138
2024-01-30 08:00:00,322.1583,606,645.25,614,1842.755
2024-01-30 09:00:00,535.9609,1090,1155,1099,3301.298
2024-01-30 10:00:00,710.7111,1390.75,1463.25,1392.75,4184.205
2024-01-30 11:00:00,709.7114,1351.5,1430.25,1366.5,4075.706
2024-01-30 12:00:00,798.2338,1488.75,1558.25,1508.25,4486.889
2024-01-30 13:00:00,755.0488,1389,1467.25,1409.5,4187.036
2024-01-30 14:00:00,666.9368,1228.25,1312,1255.25,3788.083
2024-01-30 15:00:00,332.5712,580.5,607.75,575.5,1869.719
2024-01-30 16:00:00,181.7229,307.75,323.75,297.25,958.4388
2024-01-30 17:00:00,18.11069,24.25,24.5,21.25,66.03654
2024-01-30 18:00:00,0,0,0,0,-7.116775
2024-01-30 19:00:00,0,0,0,0,-7.155778
2024-01-30 20:00:00,0,0,0,0,-7.139366
2024-01-30 21:00:00,0,0,0,0,-7.138174
2024-01-30 22:00:00,0,0,0,0,-7.151197
2024-01-30 23:00:00,0,0,0,0,-7.158482
2024-01-31 00:00:00,0,0,0,0,-7.165006
2024-01-31 01:00:00,0,0,0,0,-7.174021
2024-01-31 02:00:00,0,0,0,0,-7.185297
2024-01-31 03:00:00,0,0,0,0,-7.165147
2024-01-31 04:00:00,0,0,0,0,-7.181148
2024-01-31 05:00:00,0,0,0,0,-7.163576
2024-01-31 06:00:00,0,0,0,0,-7.196596
2024-01-31 07:00:00,4.803615,6.5,7.25,7,14.76301
2024-01-31 08:00:00,38.9553,67,72.25,69.25,201.5232
2024-01-31 09:00:00,130.6678,229.75,244,233.75,697.9334
2024-01-31 10:00:00,155.9122,281,297.5,282.25,854.7529
2024-01-31 11:00:00,199.049,339.75,361,344.5,1032.847
2024-01-31 12:00:00,273.9173,461.25,490.75,470,1411.522
2024-01-31 13:00:00,409.6393,703.5,749.25,717,2143.967
2024-01-31 14:00:00,336.3061,570.25,594.5,576.75,1712.116
2024-01-31 15:00:00,339.5476,586.5,623.25,614.75,1675.844
2024-01-31 16:00:00,169.4462,278.5,312.5,301.75,840.6127
2024-01-31 17:00:00,7.257672,9.75,10.75,10,25.53062
2024-01-31 18:00:00,0,0,0,0,-7.163421
2024-01-31 19:00:00,0,0,0,0,-7.106327
2024-01-31 20:00:00,0,0,0,0,-7.100015
2024-01-31 21:00:00,0,0,0,0,-7.155325
2024-01-31 22:00:00,0,0,0,0,-7.126513
2024-01-31 23:00:00,0,0,0,0,-7.121621
