Red Oak Solar Farm,Unnamed: 1,Unnamed: 2,Unnamed: 3,Unnamed: 4,Unnamed: 5,Unnamed: 6,Unnamed: 7,Unnamed: 8
,,,,,,,,
Timestamp,POA*,"SMA SC-800CP-US - A1, Pac","SMA SC-800CP-US - A2, Pac","SMA SC-800CP-US - B1, Pac","SMA SC-800CP-US - B2, Pac","SMA SC-800CP-US - C1, Pac","SMA SC-800CP-US - C2, Pac",Production meter active power
,W/mÂ²,kW,kW,kW,kW,kW,kW,kW
2024-01-01 00:00:00,0,0,0,0,0,0,0,-8.794471
2024-01-01 01:00:00,0,0,0,0,0,0,0,-8.773701
2024-01-01 02:00:00,0,0,0,0,0,0,0,-8.778647
2024-01-01 03:00:00,0,0,0,0,0,0,0,-8.784815
2024-01-01 04:00:00,0,0,0,0,0,0,0,-8.774312
2024-01-01 05:00:00,0,0,0,0,0,0,0,-8.709984
2024-01-01 06:00:00,0,0,0,0,0,0,0,-8.66516
2024-01-01 07:00:00,9.149691,1.795163,5.004185,2.021277,2.070451,2.116901,2.018268,6.593441
2024-01-01 08:00:00,200.0595,124.4348,125.7758,129.6864,134.3927,140.3686,134.4868,815.2444
2024-01-01 09:00:00,284.5732,228.6984,219.8404,229.7325,242.1468,242.4737,233.7688,1434.794
2024-01-01 10:00:00,147.2175,122.2777,118.9332,128.5569,131.7074,134.5315,131.3829,777.2945
2024-01-01 11:00:00,170.3188,141.0462,137.1867,149.4401,152.8766,155.6294,152.1903,899.1851
2024-01-01 12:00:00,308.9688,272.5887,260.1496,261.5037,266.7093,274.5607,275.619,1680.225
2024-01-01 13:00:00,293.6017,237.631,233.4345,260.3531,260.5345,262.1343,256.8581,1521.786
2024-01-01 14:00:00,328.1726,279.5992,269.6276,319.8438,316.0651,314.5388,311.7826,1832.038
2024-01-01 15:00:00,144.4421,112.0288,107.5824,132.924,133.3837,127.5318,126.8286,729.2016
2024-01-01 16:00:00,13.98374,11.30287,11.01258,12.01236,12.00288,12.69831,12.2837,64.87319
2024-01-01 17:00:00,0,0,0,0,0,0,0,-8.666403
2024-01-01 18:00:00,0,0,0,0,0,0,0,-8.758529
2024-01-01 19:00:00,0,0,0,0,0,0,0,-8.716243
2024-01-01 20:00:00,0,0,0,0,0,0,0,-8.660848
2024-01-01 21:00:00,0,0,0,0,0,0,0,-8.639134
2024-01-01 22:00:00,0,0,0,0,0,0,0,-8.673515
2024-01-01 23:00:00,0,0,0,0,0,0,0,-8.682824
2024-01-02 00:00:00,0,0,0,0,0,0,0,-8.709335
2024-01-02 01:00:00,0,0,0,0,0,0,0,-8.731598
2024-01-02 02:00:00,0,0,0,0,0,0,0,-8.661557
2024-01-02 03:00:00,0,0,0,0,0,0,0,-8.655461
2024-01-02 04:00:00,0,0,0,0,0,0,0,-8.704791
2024-01-02 05:00:00,0,0,0,0,0,0,0,-8.669884
2024-01-02 06:00:00,0,0,0,0,0,0,0,-8.648784
2024-01-02 07:00:00,18.5285,4.0598,13.54389,9.147782,12.22027,9.331742,6.924498,48.45702
2024-01-02 08:00:00,291.8888,115.6521,147.8778,155.4352,163.6832,167.1169,158.3963,918.2642
2024-01-02 09:00:00,515.9943,457.4459,440.2645,471.8669,507.3033,493.1719,458.2783,2866.121
2024-01-02 10:00:00,682.7562,678.3024,655.5062,707.8342,720.8493,740.6855,720.8591,4254.581
2024-01-02 11:00:00,779.955,769.4108,744.0776,804.3225,818.0161,827.2457,816.5197,4786.487
2024-01-02 12:00:00,801.448,780.6168,758.1401,822.1518,831.1318,832.9452,832.2807,4860.313
2024-01-02 13:00:00,744.561,727.4446,709.1942,772.6004,786.6419,801.5068,787.139,4591.265
2024-01-02 14:00:00,607.785,593.8323,565.9685,644.8963,653.4559,658.98,653.842,3785.919
2024-01-02 15:00:00,399.156,251.922,233.4214,316.7915,322.9867,295.0094,292.9387,1727.84
2024-01-02 16:00:00,59.41985,70.32816,67.69795,84.9203,75.86118,83.23457,85.94871,467.8526
2024-01-02 17:00:00,0.05662687,0.6064147,0.5880395,0.4981253,0.6867368,0.7751315,0.7616584,-4.479037
2024-01-02 18:00:00,0,0,0,0,0,0,0,-8.642185
2024-01-02 19:00:00,0,0,0,0,0,0,0,-8.64611
2024-01-02 20:00:00,0,0,0,0,0,0,0,-8.630801
2024-01-02 21:00:00,0,0,0,0,0,0,0,-8.697754
2024-01-02 22:00:00,0,0,0,0,0,0,0,-8.709653
2024-01-02 23:00:00,0,0,0,0,0,0,0,-8.691098
2024-01-03 00:00:00,0,0,0,0,0,0,0,-8.651922
2024-01-03 01:00:00,0,0,0,0,0,0,0,-8.625518
2024-01-03 02:00:00,0.196961,0,0,0,0,0,0,-8.770174
2024-01-03 03:00:00,0,0,0,0,0,0,0,-8.72809
2024-01-03 04:00:00,0,0,0,0,0,0,0,-8.6981
2024-01-03 05:00:00,0,0,0,0,0,0,0,-8.710579
2024-01-03 06:00:00,0,0,0,0,0,0,0,-8.810273
2024-01-03 07:00:00,24.655,5.653715,14.86863,10.43432,13.9817,10.85086,8.049435,56.45961
2024-01-03 08:00:00,334.3069,119.3731,153.9223,161.7452,170.1635,172.8117,164.6877,955.5092
2024-01-03 09:00:00,510.7942,458.3236,443.2721,470.7566,509.4833,491.0677,457.641,2876.999
2024-01-03 10:00:00,675.3682,660.0081,640.0581,691.3848,707.8029,718.4036,700.6884,4141.22
2024-01-03 11:00:00,732.7132,696.3297,674.5958,731.8229,746.4527,758.2877,740.0186,4355.013
2024-01-03 12:00:00,760.3051,711.5399,691.5435,748.5766,755.992,775.0744,762.9571,4444.451
2024-01-03 13:00:00,631.784,601.8632,583.5598,643.2709,655.3613,661.4964,651.0009,3792.006
2024-01-03 14:00:00,353.9922,314.1248,304.6872,340.1708,346.0931,350.7694,343.9163,2014.142
2024-01-03 15:00:00,116.1443,92.43684,89.92001,98.92657,100.5109,102.2503,99.82652,584.9142
2024-01-03 16:00:00,22.58981,19.26389,18.78428,20.47676,20.85856,21.66608,21.05171,116.8499
2024-01-03 17:00:00,0,0,0,0,0,0,0,-8.624385
2024-01-03 18:00:00,0,0,0,0,0,0,0,-8.656102
2024-01-03 19:00:00,0,0,0,0,0,0,0,-8.669976
2024-01-03 20:00:00,0,0,0,0,0,0,0,-8.663974
2024-01-03 21:00:00,0,0,0,0,0,0,0,-8.712858
2024-01-03 22:00:00,0,0,0,0,0,0,0,-8.784871
2024-01-03 23:00:00,0,0,0,0,0,0,0,-8.664226
2024-01-04 00:00:00,0,0,0,0,0,0,0,-8.714815
2024-01-04 01:00:00,0,0,0,0,0,0,0,-8.721513
2024-01-04 02:00:00,0,0,0,0,0,0,0,-8.710489
2024-01-04 03:00:00,0,0,0,0,0,0,0,-8.659316
2024-01-04 04:00:00,0,0,0,0,0,0,0,-8.652998
2024-01-04 05:00:00,0,0,0,0,0,0,0,-8.708944
2024-01-04 06:00:00,0,0,0,0,0,0,0,-8.67557
2024-01-04 07:00:00,19.90722,4.344913,13.03853,7.10393,8.792615,7.455045,5.749598,39.54046
2024-01-04 08:00:00,275.4224,114.9652,142.3104,149.8635,157.5569,159.6258,152.3331,887.8575
2024-01-04 09:00:00,498.845,437.3304,423.8877,452.6331,485.1488,473.422,441.9511,2751.738
2024-01-04 10:00:00,479.5497,456.2456,432.0635,450.9708,439.0641,483.1139,485.0615,2821.266
2024-01-04 11:00:00,697.955,596.3235,592.8531,631.6223,653.6231,646.1448,630.384,3774.806
2024-01-04 12:00:00,369.4802,306.9345,297.1942,305.8929,298.6624,325.9252,310.308,1814.928
2024-01-04 13:00:00,398.2689,374.3911,373.1368,378.8724,392.8764,359.9464,378.1455,2322.229
2024-01-04 14:00:00,344.3674,305.4175,287.9597,323.9528,330.7462,337.3907,330.2802,1910.626
2024-01-04 15:00:00,355.0593,247.2956,222.7363,293.5305,288.8693,287.7787,285.006,1629.549
2024-01-04 16:00:00,60.40398,47.40004,45.98856,56.95447,53.69379,56.35171,57.27993,314.8863
2024-01-04 17:00:00,1.109643,1.182611,1.181693,1.15852,1.405576,1.490513,1.372802,-0.655305
2024-01-04 18:00:00,0,0,0,0,0,0,0,-8.66715
2024-01-04 19:00:00,0,0,0,0,0,0,0,-8.72199
2024-01-04 20:00:00,0,0,0,0,0,0,0,-8.699805
2024-01-04 21:00:00,0,0,0,0,0,0,0,-8.741377
2024-01-04 22:00:00,0,0,0,0,0,0,0,-8.646028
2024-01-04 23:00:00,0,0,0,0,0,0,0,-8.672313
2024-01-05 00:00:00,0,0,0,0,0,0,0,-8.697125
2024-01-05 01:00:00,0,0,0,0,0,0,0,-8.777685
2024-01-05 02:00:00,0,0,0,0,0,0,0,-8.759535
2024-01-05 03:00:00,0,0,0,0,0,0,0,-8.752198
2024-01-05 04:00:00,0,0,0,0,0,0,0,-8.738199
2024-01-05 05:00:00,0,0,0,0,0,0,0,-8.723432
2024-01-05 06:00:00,0,0,0,0,0,0,0,-8.789294
2024-01-05 07:00:00,24.42061,4.878862,13.86815,9.897682,13.86144,10.42,7.580729,53.02523
2024-01-05 08:00:00,371.2656,119.959,155.4533,163.8724,173.0939,175.3172,167.202,967.6618
2024-01-05 09:00:00,542.1033,484.5416,469.7246,502.6242,539.9487,524.4772,489.0057,3049.814
2024-01-05 10:00:00,701.2492,695.5845,673.309,726.0212,743.8581,756.66,738.7966,4361.232
2024-01-05 11:00:00,785.6727,766.5327,742.2527,802.6158,819.3972,825.9227,813.1715,4772.062
2024-01-05 12:00:00,799.9252,771.5281,743.7383,805.6899,815.1807,823.3873,814.7852,4771.078
2024-01-05 13:00:00,706.4667,687.2334,661.1507,724.4904,742.0854,746.0065,734.0502,4284.558
2024-01-05 14:00:00,576.9929,543.6382,530.9406,600.9345,612.8064,613.6993,600.2711,3514.969
2024-01-05 15:00:00,417.0468,286.707,266.4675,348.2177,352.4094,329.1451,329.0565,1935.572
2024-01-05 16:00:00,71.10391,82.78416,80.01633,98.74146,88.33109,97.45932,100.2417,549.8525
2024-01-05 17:00:00,0.1154891,0.5439262,0.6796123,0.6161237,0.774337,0.8053735,0.807784,-4.356896
2024-01-05 18:00:00,0,0,0,0,0,0,0,-8.603634
2024-01-05 19:00:00,0,0,0,0,0,0,0,-8.6933
2024-01-05 20:00:00,0,0,0,0,0,0,0,-8.65372
2024-01-05 21:00:00,0,0,0,0,0,0,0,-8.589138
2024-01-05 22:00:00,0,0,0,0,0,0,0,-8.670134
2024-01-05 23:00:00,0,0,0,0,0,0,0,-8.687045
2024-01-06 00:00:00,0,0,0,0,0,0,0,-8.742109
2024-01-06 01:00:00,0,0,0,0,0,0,0,-8.755678
2024-01-06 02:00:00,0,0,0,0,0,0,0,-8.768641
2024-01-06 03:00:00,0,0,0,0,0,0,0,-8.748991
2024-01-06 04:00:00,0,0,0,0,0,0,0,-8.775446
2024-01-06 05:00:00,0,0,0,0,0,0,0,-8.80243
2024-01-06 06:00:00,0,0,0,0,0,0,0,-8.780504
2024-01-06 07:00:00,0.3603562,0,0,0,0,0,0,-8.766419
2024-01-06 08:00:00,6.142532,0,3.261127,0,0,2.602557,0,-2.695244
2024-01-06 09:00:00,23.76332,18.77516,19.137,20.01382,20.40518,23.07001,20.43058,115.876
2024-01-06 10:00:00,90.30713,78.60963,75.50522,81.75423,83.64768,84.10086,82.80553,488.9466
2024-01-06 11:00:00,63.36774,55.86024,54.43064,57.5311,59.77142,60.9837,58.96391,349.4612
2024-01-06 12:00:00,46.28272,40.70198,40.58939,42.09878,42.62438,44.97245,43.62741,256.018
2024-01-06 13:00:00,92.71063,80.01303,75.07554,84.61835,92.30759,85.19135,83.62341,471.1789
2024-01-06 14:00:00,52.01925,46.60912,44.71455,48.27246,49.73743,50.3263,49.52356,290.1479
2024-01-06 15:00:00,70.23212,53.67157,51.3369,56.74747,58.69834,58.8452,57.25383,332.4578
2024-01-06 16:00:00,23.42339,15.05978,14.78027,16.22631,16.21776,17.44694,17.63616,88.12669
2024-01-06 17:00:00,1.674826,0.065251,0.09991555,0.07788528,0.06245098,0.09849537,0.061257,-8.252613
2024-01-06 18:00:00,0,0,0,0,0,0,0,-8.630876
2024-01-06 19:00:00,0,0,0,0,0,0,0,-8.618699
2024-01-06 20:00:00,0,0,0,0,0,0,0,-8.610674
2024-01-06 21:00:00,0,0,0,0,0,0,0,-8.593942
2024-01-06 22:00:00,0,0,0,0,0,0,0,-8.611218
2024-01-06 23:00:00,0,0,0,0,0,0,0,-8.648643
2024-01-07 00:00:00,0,0,0,0,0,0,0,-8.691153
2024-01-07 01:00:00,0,0,0,0,0,0,0,-8.689727
2024-01-07 02:00:00,0,0,0,0,0,0,0,-8.704113
2024-01-07 03:00:00,0,0,0,0,0,0,0,-8.752995
2024-01-07 04:00:00,0,0,0,0,0,0,0,-8.73638
2024-01-07 05:00:00,0,0,0,0,0,0,0,-8.661974
2024-01-07 06:00:00,0,0,0,0,0,0,0,-8.610689
2024-01-07 07:00:00,10.66129,0.739833,5.205514,1.516979,1.764089,1.410246,1.458451,4.280272
2024-01-07 08:00:00,175.8842,103.4202,106.922,111.481,125.1864,113.7589,115.7769,682.3152
2024-01-07 09:00:00,502.6244,446.9373,439.4646,466.7519,500.8787,481.7295,450.7276,2817.401
2024-01-07 10:00:00,677.0516,657.2248,644.3566,687.7402,702.9619,723.6365,702.6896,4149.277
2024-01-07 11:00:00,784.0092,746.0954,740.7272,794.3787,813.0441,824.0452,802.9119,4740.856
2024-01-07 12:00:00,809.9441,756.5744,774.8307,809.0524,816.274,786.5745,786.1061,4736.96
2024-01-07 13:00:00,602.9777,517.9364,493.7531,549.3019,508.2572,537.3928,524.392,3023.481
2024-01-07 14:00:00,372.0549,317.3707,289.7448,311.1278,313.11,334.5453,329.2691,1902.035
2024-01-07 15:00:00,425.1364,274.9672,266.8536,368.3366,382.5019,343.8927,350.7621,1965.716
2024-01-07 16:00:00,68.34608,52.40065,56.10998,64.16187,61.19666,64.86784,65.53773,363.1596
2024-01-07 17:00:00,0.4220208,0.7076163,0.7594503,0.8989173,1.009415,1.026984,1.017264,-2.975466
2024-01-07 18:00:00,0,0,0,0,0,0,0,-8.681238
2024-01-07 19:00:00,0,0,0,0,0,0,0,-8.763825
2024-01-07 20:00:00,0,0,0,0,0,0,0,-8.743598
2024-01-07 21:00:00,0,0,0,0,0,0,0,-8.703973
2024-01-07 22:00:00,0,0,0,0,0,0,0,-8.770201
2024-01-07 23:00:00,0,0,0,0,0,0,0,-8.820866
2024-01-08 00:00:00,0,0,0,0,0,0,0,-8.834311
2024-01-08 01:00:00,0,0,0,0,0,0,0,-8.843715
2024-01-08 02:00:00,0,0,0,0,0,0,0,-8.782329
2024-01-08 03:00:00,0,0,0,0,0,0,0,-8.701419
2024-01-08 04:00:00,0,0,0,0,0,0,0,-8.785568
2024-01-08 05:00:00,0,0,0,0,0,0,0,-8.788188
2024-01-08 06:00:00,0,0,0,0,0,0,0,-8.702924
2024-01-08 07:00:00,22.66228,8.207123,15.37772,10.62392,9.888855,11.00302,9.598013,59.16932
2024-01-08 08:00:00,228.8971,126.2397,139.5662,148.2687,155.7315,155.1626,149.0557,884.4001
2024-01-08 09:00:00,407.6435,356.4131,348.4528,378.0691,399.7141,394.9279,375.368,2269.182
2024-01-08 10:00:00,573.9658,544.4278,529.7135,572.6171,584.1985,592.4548,579.2949,3451.521
2024-01-08 11:00:00,684.4803,633.5056,618.039,684.9307,707.5564,718.4873,697.8636,4029.897
2024-01-08 12:00:00,673.6459,646.0416,626.3887,696.4828,709.5877,715.6048,693.9662,4066.047
2024-01-08 13:00:00,757.3209,734.5053,712.0824,781.9093,794.0034,801.0601,790.7908,4616.394
2024-01-08 14:00:00,618.2834,604.1518,580.5283,651.1871,662.2206,669.6141,660.5584,3843.446
2024-01-08 15:00:00,417.2509,290.5525,267.7074,361.327,364.809,338.874,340.0894,1982.483
2024-01-08 16:00:00,80.06454,82.85618,78.1886,96.26765,86.65736,96.60522,97.71479,541.2505
2024-01-08 17:00:00,0.378333,1.083231,1.067623,1.208268,1.388229,1.423769,1.397027,-0.7269887
2024-01-08 18:00:00,0,0,0,0,0,0,0,-8.694546
2024-01-08 19:00:00,0,0,0,0,0,0,0,-8.619009
2024-01-08 20:00:00,0,0,0,0,0,0,0,-8.704276
2024-01-08 21:00:00,0,0,0,0,0,0,0,-8.776105
2024-01-08 22:00:00,0,0,0,0,0,0,0,-8.740602
2024-01-08 23:00:00,0,0,0,0,0,0,0,-8.760167
2024-01-09 00:00:00,0,0,0,0,0,0,0,-8.716187
2024-01-09 01:00:00,0,0,0,0,0,0,0,-8.615635
2024-01-09 02:00:00,0,0,0,0,0,0,0,-8.689784
2024-01-09 03:00:00,0,0,0,0,0,0,0,-8.743708
2024-01-09 04:00:00,0,0,0,0,0,0,0,-8.752851
2024-01-09 05:00:00,0,0,0,0,0,0,0,-8.641692
2024-01-09 06:00:00,0,0,0,0,0,0,0,-8.663661
2024-01-09 07:00:00,0.4817325,0,0,0,0,0,0,-8.732247
2024-01-09 08:00:00,12.89703,5.616595,8.605835,5.098035,5.198559,5.309509,5.177632,26.24557
2024-01-09 09:00:00,27.61947,23.50182,22.31643,24.61204,25.18324,25.5514,24.87151,141.0401
2024-01-09 10:00:00,35.64668,31.12029,30.21559,33.251,33.79588,34.67486,33.67441,193.1542
2024-01-09 11:00:00,86.85667,71.00069,69.41138,77.39052,78.88417,79.95309,77.97707,452.7119
2024-01-09 12:00:00,69.78287,58.24939,56.70723,62.07705,65.25443,64.63728,63.10846,369.2756
2024-01-09 13:00:00,20.83024,16.13214,15.43314,16.46934,16.71297,17.72474,17.23114,96.62311
2024-01-09 14:00:00,22.10089,12.2152,15.19328,13.36914,13.75133,13.71621,13.17551,69.98137
2024-01-09 15:00:00,20.61419,15.248,15.39132,17.21729,17.76944,17.82219,17.40022,95.5296
2024-01-09 16:00:00,2.915015,0.3807065,0.4622279,0.04183007,0.4899991,1.108825,0.446077,-5.289027
2024-01-09 17:00:00,0.1998387,0,0,0,0,0.005512592,0,-8.522736
2024-01-09 18:00:00,0,0,0,0,0,0,0,-8.57267
2024-01-09 19:00:00,0,0,0,0,0,0,0,-7.465313
2024-01-09 20:00:00,0,0,0,0,0,0,0,-8.309317
2024-01-09 21:00:00,1.236484,0,0,0,0,0,0,-8.320154
2024-01-09 22:00:00,0.3304689,0,0,0,0,0,0,-8.336067
2024-01-09 23:00:00,0,0,0,0,0,0,0,-8.388766
2024-01-10 00:00:00,0,0,0,0,0,0,0,-8.398006
2024-01-10 01:00:00,0,0,0,0,0,0,0,-8.231163
2024-01-10 02:00:00,0,0,0,0,0,0,0,-8.313142
2024-01-10 03:00:00,0,0,0,0,0,0,0,-8.289931
2024-01-10 04:00:00,0,0,0,0,0,0,0,-8.271697
2024-01-10 05:00:00,0.1763521,0,0,0,0,0,0,-8.267846
2024-01-10 06:00:00,0.7467617,0,0,0,0,0,0,-8.282572
2024-01-10 07:00:00,16.17497,3.759978,13.26377,7.201592,9.038153,7.672313,5.841897,39.41796
2024-01-10 08:00:00,291.3518,115.4569,136.9177,142.7231,152.852,154.8564,144.5485,858.8486
2024-01-10 09:00:00,524.2584,477.0377,471.4718,500.9886,530.7621,522.223,489.738,3031.402
2024-01-10 10:00:00,672.6959,645.8589,679.8079,705.804,743.313,725.9315,720.3753,4339.354
2024-01-10 11:00:00,851.6973,813.0579,772.9901,813.6143,774.9282,833.7134,810.5686,4686.511
2024-01-10 12:00:00,632.7579,628.0413,656.8692,663.0418,665.2941,629.9011,675.2271,3887.704
2024-01-10 13:00:00,796.5237,776.4822,749.2692,801.3314,794.8089,803.3998,813.856,4701.967
2024-01-10 14:00:00,633.4938,623.8558,603.3743,672.8485,681.0483,691.8669,682.499,3970.62
2024-01-10 15:00:00,361.4972,280.9309,260.4848,348.1243,349.5656,327.7123,331.788,1912.644
2024-01-10 16:00:00,72.82432,51.02086,49.35431,55.30147,56.05901,57.17174,56.11293,323.8537
2024-01-10 17:00:00,0.6407251,0.8558483,0.7464862,0.9488355,0.9479025,1.045863,0.9720312,-2.9758
2024-01-10 18:00:00,0,0,0,0,0,0,0,-8.56911
2024-01-10 19:00:00,0,0,0,0,0,0,0,-8.511042
2024-01-10 20:00:00,0,0,0,0,0,0,0,-8.50026
2024-01-10 21:00:00,0,0,0,0,0,0,0,-8.583991
2024-01-10 22:00:00,0,0,0,0,0,0,0,-8.5859
2024-01-10 23:00:00,0,0,0,0,0,0,0,-8.566933
2024-01-11 00:00:00,0,0,0,0,0,0,0,-8.580847
2024-01-11 01:00:00,0,0,0,0,0,0,0,-8.540905
2024-01-11 02:00:00,0,0,0,0,0,0,0,-8.558358
2024-01-11 03:00:00,0,0,0,0,0,0,0,-8.613531
2024-01-11 04:00:00,0,0,0,0,0,0,0,-8.577117
2024-01-11 05:00:00,0,0,0,0,0,0,0,-8.556299
2024-01-11 06:00:00,0,0,0,0,0,0,0,-8.620517
2024-01-11 07:00:00,18.32995,3.550247,14.81159,6.70982,7.544357,8.772082,6.016115,44.96804
2024-01-11 08:00:00,289.2429,126.4863,152.9445,158.9543,170.9408,172.3998,160.9034,958.4993
2024-01-11 09:00:00,485.8328,475.99,472.4956,501.9907,531.6718,523.0742,492.1455,3038.855
2024-01-11 10:00:00,685.3451,672.2286,652.847,699.8801,717.6815,730.765,710.8328,4212.81
2024-01-11 11:00:00,780.5931,755.9432,733.5952,791.3035,809.3287,818.7162,801.6079,4718.157
2024-01-11 12:00:00,804.9661,771.7377,750.7254,813.1716,830.3615,832.796,824.3854,4827.896
2024-01-11 13:00:00,748.734,719.2818,701.2394,766.0974,781.2579,789.4554,776.4368,4539.975
2024-01-11 14:00:00,619.4772,602.9691,585.507,651.5969,662.7176,667.6801,659.6118,3846.949
2024-01-11 15:00:00,425.9284,317.0806,293.1026,390.056,395.0042,366.9355,370.4761,2147.562
2024-01-11 16:00:00,93.31992,89.56613,87.02381,105.9588,95.42007,105.965,107.2015,595.6474
2024-01-11 17:00:00,0.6645818,1.534914,1.510184,1.504684,1.853146,1.973024,1.819419,2.103311
2024-01-11 18:00:00,0,0,0,0,0,0,0,-8.619691
2024-01-11 19:00:00,0,0,0,0,0,0,0,-8.558192
2024-01-11 20:00:00,0,0,0,0,0,0,0,-8.566955
2024-01-11 21:00:00,0,0,0,0,0,0,0,-8.59739
2024-01-11 22:00:00,0,0,0,0,0,0,0,-8.627881
2024-01-11 23:00:00,0,0,0,0,0,0,0,-8.671596
2024-01-12 00:00:00,0,0,0,0,0,0,0,-8.620312
2024-01-12 01:00:00,0,0,0,0,0,0,0,-8.542161
2024-01-12 02:00:00,0,0,0,0,0,0,0,-8.559047
2024-01-12 03:00:00,0,0,0,0,0,0,0,-8.657713
2024-01-12 04:00:00,0,0,0,0,0,0,0,-8.60985
2024-01-12 05:00:00,0,0,0,0,0,0,0,-8.594924
2024-01-12 06:00:00,0,0,0,0,0,0,0,-8.620764
2024-01-12 07:00:00,26.73997,9.083222,20.18903,13.38947,14.38366,13.67655,12.38436,76.91746
2024-01-12 08:00:00,304.9293,168.522,178.1269,187.9252,198.2689,200.2309,189.3736,1143.104
2024-01-12 09:00:00,510.4596,433.4509,427.8552,458.8707,476.5047,480.9046,457.8985,2778.922
2024-01-12 10:00:00,502.3103,447.948,438.064,464.555,480.5567,482.068,473.2452,2845.857
2024-01-12 11:00:00,549.5045,502.566,490.7086,513.9807,538.862,537.7042,527.2571,3185.395
2024-01-12 12:00:00,498.7439,443.7379,423.2885,466.2635,478.5351,483.2937,470.7315,2756.009
2024-01-12 13:00:00,340.9313,289.4164,281.6479,307.3849,315.0865,316.1286,308.3519,1841.609
2024-01-12 14:00:00,367.1145,318.6969,318.8877,337.1721,349.7977,352.1884,344.566,2075.968
2024-01-12 15:00:00,158.6875,122.8913,119.4744,130.9846,133.7653,135.6033,132.4606,783.3488
2024-01-12 16:00:00,77.78792,54.19402,52.76693,57.09672,58.41399,59.97897,58.59779,345.1108
2024-01-12 17:00:00,1.25828,0.7511553,0.7295023,0.1038919,0.8415485,0.873518,0.8470138,-4.259592
2024-01-12 18:00:00,0.8199553,0,0,0,0,0,0,-8.683975
2024-01-12 19:00:00,0.1965514,0,0,0,0,0,0,-8.647264
2024-01-12 20:00:00,0,0,0,0,0,0,0,-8.603091
2024-01-12 21:00:00,0.01247403,0,0,0,0,0,0,-8.435266
2024-01-12 22:00:00,0,0,0,0,0,0,0,-8.442184
2024-01-12 23:00:00,0,0,0,0,0,0,0,-8.471578
2024-01-13 00:00:00,0,0,0,0,0,0,0,-8.464363
2024-01-13 01:00:00,0.04015284,0,0,0,0,0,0,-8.447117
2024-01-13 02:00:00,0.3566519,0,0,0,0,0,0,-8.41295
2024-01-13 03:00:00,2.059948,0,0,0,0,0,0,-8.42639
2024-01-13 04:00:00,0.4029467,0,0,0,0,0,0,-8.403363
2024-01-13 05:00:00,0,0,0,0,0,0,0,-8.354344
2024-01-13 06:00:00,0,0,0,0,0,0,0,-8.328219
2024-01-13 07:00:00,11.87022,2.283468,11.35138,6.20802,0,6.505823,5.588895,24.98528
2024-01-13 08:00:00,285.9352,128.5771,149.1433,154.5602,150.116,166.8773,155.5623,915.8459
2024-01-13 09:00:00,525.4185,475.9067,476.8063,506.3477,532.9623,527.9355,498.9923,3054.918
2024-01-13 10:00:00,592.9311,552.0175,545.1501,575.5691,599.2371,595.0648,580.776,3450.873
2024-01-13 11:00:00,757.6334,660.0355,654.8812,668.8871,697.473,691.2542,670.7007,3987.402
2024-01-13 12:00:00,848.8256,820.6573,799.9379,832.8994,832.916,832.9727,832.9935,4950.153
2024-01-13 13:00:00,787.8126,767.9478,749.0493,811.997,819.6678,825.0886,819.5575,4796.183
2024-01-13 14:00:00,653.1625,640.3735,621.7385,688.9623,697.7695,711.0232,700.2338,4072.4
2024-01-13 15:00:00,456.3373,347.7125,322.9523,424.9885,427.524,403.9141,406.4661,2350.881
2024-01-13 16:00:00,124.1199,97.4394,94.23413,114.486,102.1553,115.5201,116.1813,645.1426
2024-01-13 17:00:00,1.694605,1.786953,1.716405,2.008688,2.385592,2.175492,2.249211,4.209732
2024-01-13 18:00:00,0,0,0,0,0,0,0,-8.627863
2024-01-13 19:00:00,0,0,0,0,0,0,0,-8.6025
2024-01-13 20:00:00,0,0,0,0,0,0,0,-8.54925
2024-01-13 21:00:00,0,0,0,0,0,0,0,-8.55223
2024-01-13 22:00:00,0,0,0,0,0,0,0,-8.560283
2024-01-13 23:00:00,0,0,0,0,0,0,0,-8.570148
2024-01-14 00:00:00,0,0,0,0,0,0,0,-8.545898
2024-01-14 01:00:00,0,0,0,0,0,0,0,-8.545343
2024-01-14 02:00:00,0,0,0,0,0,0,0,-8.609771
2024-01-14 03:00:00,0,0,0,0,0,0,0,-8.571262
2024-01-14 04:00:00,0,0,0,0,0,0,0,-8.552004
2024-01-14 05:00:00,0,0,0,0,0,0,0,-8.632292
2024-01-14 06:00:00,0,0,0,0,0,0,0,-8.559537
2024-01-14 07:00:00,10.33212,2.384728,7.958489,3.703215,3.927317,3.683862,3.36883,17.2526
2024-01-14 08:00:00,276.4993,136.0227,153.5885,158.7615,173.6097,171.9318,159.992,970.9813
2024-01-14 09:00:00,531.608,492.3813,495.8527,525.3441,553.5808,548.1208,519.4332,3176.091
2024-01-14 10:00:00,703.7624,693.3022,676.4226,724.0607,742.9656,754.013,735.5851,4353.731
2024-01-14 11:00:00,803.8134,782.2785,758.0526,816.9197,828.499,831.3798,824.0427,4846.869
2024-01-14 12:00:00,827.6244,802.5531,779.455,832.9108,832.9338,832.9168,832.9197,4917.247
2024-01-14 13:00:00,777.2664,754.0954,734.7249,803.1978,812.1003,819.5447,811.8575,4741.63
2024-01-14 14:00:00,643.3895,625.784,609.8597,676.4993,686.5409,694.2658,685.9667,3993.066
2024-01-14 15:00:00,447.2561,350.0372,326.9178,426.0967,428.5839,405.3772,408.3004,2363.199
2024-01-14 16:00:00,113.4786,85.99609,84.54336,97.92618,92.04484,100.657,99.2354,565.461
2024-01-14 17:00:00,2.139979,2.49008,2.56795,3.120317,3.158719,3.25012,3.110233,9.835018
2024-01-14 18:00:00,0,0,0,0,0,0,0,-8.53239
2024-01-14 19:00:00,0,0,0,0,0,0,0,-8.531897
2024-01-14 20:00:00,0,0,0,0,0,0,0,-8.554073
2024-01-14 21:00:00,0,0,0,0,0,0,0,-8.560758
2024-01-14 22:00:00,0,0,0,0,0,0,0,-8.599285
2024-01-14 23:00:00,0,0,0,0,0,0,0,-8.61263
2024-01-15 00:00:00,0,0,0,0,0,0,0,-8.649262
2024-01-15 01:00:00,0,0,0,0,0,0,0,-8.691332
2024-01-15 02:00:00,0,0,0,0,0,0,0,-8.675574
2024-01-15 03:00:00,0,0,0,0,0,0,0,-8.611991
2024-01-15 04:00:00,0,0,0,0,0,0,0,-8.570126
2024-01-15 05:00:00,0,0,0,0,0,0,0,-8.541219
2024-01-15 06:00:00,0,0,0,0,0,0,0,-8.607119
2024-01-15 07:00:00,7.54485,1.783206,3.458329,1.858233,0,1.935352,1.879297,2.68079
2024-01-15 08:00:00,43.24492,35.04961,34.58616,37.48129,31.18488,39.18426,38.0791,214.0234
2024-01-15 09:00:00,88.74371,78.14236,75.10319,81.69743,82.44838,85.21894,83.08233,490.7719
2024-01-15 10:00:00,264.8922,226.0763,221.6502,234.3465,241.1752,245.72,240.0777,1441.637
2024-01-15 11:00:00,370.1412,313.0079,300.6864,332.2865,338.6193,347.0987,335.5049,1970.554
2024-01-15 12:00:00,215.3598,181.7074,176.724,191.6505,195.9952,200.5398,195.2911,1160.276
2024-01-15 13:00:00,251.0086,206.8795,200.7464,218.892,223.779,227.1317,222.291,1320.558
2024-01-15 14:00:00,410.4693,343.8105,335.5175,378.4358,384.5485,392.2021,374.0523,2229.807
2024-01-15 15:00:00,242.6477,197.1129,193.087,213.4579,221.509,224.7289,220.8392,1280.672
2024-01-15 16:00:00,65.48752,44.58001,43.43279,47.87371,48.62954,49.54742,48.52917,281.6654
2024-01-15 17:00:00,1.769839,1.66393,1.50935,1.934863,1.942931,2.032899,1.957653,3.220876
2024-01-15 18:00:00,0,0,0,0,0,0,0,-8.620691
2024-01-15 19:00:00,0,0,0,0,0,0,0,-8.604891
2024-01-15 20:00:00,0,0,0,0,0,0,0,-8.605305
2024-01-15 21:00:00,0,0,0,0,0,0,0,-8.661542
2024-01-15 22:00:00,0,0,0,0,0,0,0,-8.710195
2024-01-15 23:00:00,0,0,0,0,0,0,0,-8.655095
2024-01-16 00:00:00,0,0,0,0,0,0,0,-8.690434
2024-01-16 01:00:00,0,0,0,0,0,0,0,-8.694789
2024-01-16 02:00:00,0,0,0,0,0,0,0,-8.676529
2024-01-16 03:00:00,0,0,0,0,0,0,0,-8.652216
2024-01-16 04:00:00,0,0,0,0,0,0,0,-8.573448
2024-01-16 05:00:00,0,0,0,0,0,0,0,-8.635527
2024-01-16 06:00:00,0,0,0,0,0,0,0,-8.657018
2024-01-16 07:00:00,15.65308,0.9257023,5.993951,1.092894,1.082957,1.085251,1.042622,2.742404
2024-01-16 08:00:00,55.93,42.39714,40.94339,44.24866,44.83194,47.28706,45.57,264.7389
2024-01-16 09:00:00,58.36399,52.05304,50.64559,55.81073,56.87481,57.74957,56.58048,330.6396
2024-01-16 10:00:00,65.49062,60.20785,57.25004,62.51785,63.74259,65.71051,63.91975,374.7888
2024-01-16 11:00:00,69.9744,63.41388,61.73668,66.79916,69.09704,70.0696,68.20959,400.4868
2024-01-16 12:00:00,131.1279,109.7676,104.769,115.7477,118.6812,121.9443,118.169,698.3715
2024-01-16 13:00:00,44.91284,41.98004,39.84354,43.45845,43.17666,46.01954,44.37048,264.5015
2024-01-16 14:00:00,75.96101,65.33662,62.5901,67.51616,70.40823,70.8606,69.03842,408.9955
2024-01-16 15:00:00,39.13936,33.00809,32.06958,34.88916,35.71445,36.5747,35.65469,206.2428
2024-01-16 16:00:00,12.49055,7.873666,7.872898,8.646043,8.943589,9.248677,8.995733,44.86597
2024-01-16 17:00:00,3.691787,1.918278,2.010481,2.125286,2.298993,2.391376,2.244304,5.178792
2024-01-16 18:00:00,0,0,0,0,0,0,0,-8.672721
2024-01-16 19:00:00,0,0,0,0,0,0,0,-8.693459
2024-01-16 20:00:00,0,0,0,0,0,0,0,-8.721374
2024-01-16 21:00:00,0,0,0,0,0,0,0,-8.70671
2024-01-16 22:00:00,0,0,0,0,0,0,0,-8.740253
2024-01-16 23:00:00,0,0,0,0,0,0,0,-8.679042
2024-01-17 00:00:00,0,0,0,0,0,0,0,-8.675111
2024-01-17 01:00:00,0,0,0,0,0,0,0,-8.617282
2024-01-17 02:00:00,0,0,0,0,0,0,0,-8.631771
2024-01-17 03:00:00,0,0,0,0,0,0,0,-8.660824
2024-01-17 04:00:00,0,0,0,0,0,0,0,-8.679768
2024-01-17 05:00:00,0,0,0,0,0,0,0,-8.760588
2024-01-17 06:00:00,0,0,0,0,0,0,0,-8.676127
2024-01-17 07:00:00,16.73126,6.86961,18.57251,13.05185,15.49839,12.68497,10.27586,69.62962
2024-01-17 08:00:00,316.0045,162.2513,176.9441,180.5189,200.2027,196.5812,179.0686,1110.033
2024-01-17 09:00:00,559.5291,526.881,535.6408,565.7511,589.9734,594.384,568.1097,3427.844
2024-01-17 10:00:00,735.6797,736.6999,716.5519,766.605,782.3127,796.8388,780.3027,4606.696
2024-01-17 11:00:00,842.0519,827.5649,812.9141,832.9323,832.9546,832.9579,832.9058,4978.276
2024-01-17 12:00:00,866.3538,832.9425,828.2493,833.0174,832.9547,832.9058,832.8522,4995.531
2024-01-17 13:00:00,811.4479,799.0339,777.8355,827.4352,830.838,832.3654,830.1219,4901.751
2024-01-17 14:00:00,676.6629,671.6779,654.3452,721.9781,733.2207,744.6967,733.3286,4273.91
2024-01-17 15:00:00,476.2333,400.8633,376.443,481.6304,481.4485,464.1559,467.4421,2692.489
2024-01-17 16:00:00,170.7157,113.0854,109.5792,132.1238,121.7883,133.7502,133.1455,750.0602
2024-01-17 17:00:00,4.080062,2.093582,2.562927,4.099762,3.941676,3.512488,3.935936,12.60184
2024-01-17 18:00:00,0,0,0,0,0,0,0,-8.636528
2024-01-17 19:00:00,0,0,0,0,0,0,0,-8.578504
2024-01-17 20:00:00,0,0,0,0,0,0,0,-8.67295
2024-01-17 21:00:00,0,0,0,0,0,0,0,-8.718534
2024-01-17 22:00:00,0,0,0,0,0,0,0,-8.76749
2024-01-17 23:00:00,0,0,0,0,0,0,0,-8.717783
2024-01-18 00:00:00,0,0,0,0,0,0,0,-8.697052
2024-01-18 01:00:00,0,0,0,0,0,0,0,-8.654745
2024-01-18 02:00:00,0,0,0,0,0,0,0,-8.605346
2024-01-18 03:00:00,0,0,0,0,0,0,0,-8.598233
2024-01-18 04:00:00,0,0,0,0,0,0,0,-8.610771
2024-01-18 05:00:00,0,0,0,0,0,0,0,-8.672409
2024-01-18 06:00:00,0,0,0,0,0,0,0,-8.67276
2024-01-18 07:00:00,15.68151,6.402857,16.81433,12.48337,14.18044,12.12107,10.00667,65.0397
2024-01-18 08:00:00,298.3669,156.7389,173.1994,178.9476,198.1888,194.1129,176.6476,1095.074
2024-01-18 09:00:00,522.1253,368.3459,376.3972,396.9791,415.6127,337.4521,312.475,1125.488
2024-01-18 10:00:00,646.9983,665.6188,260.9511,568.6434,583.9277,591.4314,,2133.304
2024-01-18 11:00:00,820.4454,786.3424,806.9924,818.7126,827.1891,830.1093,748.2201,4836.077
2024-01-18 12:00:00,854.1517,825.6378,828.9827,831.3932,832.3295,832.2188,831.6303,4979.757
2024-01-18 13:00:00,761.8632,736.0294,760.5203,783.0434,798.021,798.6952,792.3582,4661.717
2024-01-18 14:00:00,674.2643,657.3003,680.1895,704.9536,717.2813,724.5051,715.0476,4209.277
2024-01-18 15:00:00,344.3069,319.5573,319.5498,342.6419,350.0612,345.1327,344.9958,2041.389
2024-01-18 16:00:00,148.8613,102.8632,107.6972,112.2794,114.322,115.5037,113.0593,681.0814
2024-01-18 17:00:00,3.094627,2.933382,3.086483,3.167076,3.269295,3.355917,3.312725,11.02779
2024-01-18 18:00:00,0,0,0,0,0,0,0,-8.884742
2024-01-18 19:00:00,0,0,0,0,0,0,0,-8.834839
2024-01-18 20:00:00,0,0,0,0,0,0,0,-8.855248
2024-01-18 21:00:00,0,0,0,0,0,0,0,-8.903044
2024-01-18 22:00:00,0,0,0,0,0,0,0,-8.854562
2024-01-18 23:00:00,0,0,0,0,0,0,0,-8.798607
2024-01-19 00:00:00,0,0,0,0,0,0,0,-8.733414
2024-01-19 01:00:00,0,0,0,0,0,0,0,-8.746317
2024-01-19 02:00:00,0,0,0,0,0,0,0,-8.751276
2024-01-19 03:00:00,0,0,0,0,0,0,0,-8.699471
2024-01-19 04:00:00,0,0,0,0,0,0,0,-8.663028
2024-01-19 05:00:00,0,0,0,0,0,0,0,-8.66071
2024-01-19 06:00:00,0,0,0,0,0,0,0,-8.786165
2024-01-19 07:00:00,11.56492,0.8965705,0.9205313,1.036625,1.051989,1.055218,0.9987775,-2.856542
2024-01-19 08:00:00,79.72165,57.66,59.39203,60.71995,62.20532,63.38005,61.65773,365.7433
2024-01-19 09:00:00,213.3185,171.7648,178.856,181.3766,186.6735,186.643,183.6482,1108.708
2024-01-19 10:00:00,458.9178,439.5082,427.5691,420.1367,434.3578,470.8728,454.126,2657.637
2024-01-19 11:00:00,800.8054,771.9234,795.6348,800.4865,812.3179,813.7582,806.464,4818.837
2024-01-19 12:00:00,452.1735,432.3845,398.3965,405.0097,415.0823,397.9006,401.7552,2361.33
2024-01-19 13:00:00,497.8672,443.4316,470.687,459.8676,489.1209,441.6858,475.443,2982.581
2024-01-19 14:00:00,160.9093,130.6431,133.3273,138.4333,137.7204,144.9396,139.9553,829.3671
2024-01-19 15:00:00,236.6129,177.118,180.6042,222.1275,219.9816,199.0586,206.7057,1229.21
2024-01-19 16:00:00,158.8671,90.9601,88.49152,105.8388,98.91299,109.5808,106.5366,604.1476
2024-01-19 17:00:00,5.686175,3.206725,3.526421,5.344228,5.145277,4.970011,5.159182,19.52813
2024-01-19 18:00:00,0,0,0,0,0,0,0,-8.697161
2024-01-19 19:00:00,0,0,0,0,0,0,0,-8.642408
2024-01-19 20:00:00,0,0,0,0,0,0,0,-8.70279
2024-01-19 21:00:00,0,0,0,0,0,0,0,-8.721109
2024-01-19 22:00:00,0,0,0,0,0,0,0,-8.769013
2024-01-19 23:00:00,0,0,0,0,0,0,0,-8.76116
2024-01-20 00:00:00,0,0,0,0,0,0,0,-8.771159
2024-01-20 01:00:00,0,0,0,0,0,0,0,-8.766194
2024-01-20 02:00:00,0,0,0,0,0,0,0,-8.715231
2024-01-20 03:00:00,0,0,0,0,0,0,0,-8.684138
2024-01-20 04:00:00,0,0,0,0,0,0,0,-8.791854
2024-01-20 05:00:00,0,0,0,0,0,0,0,-8.746766
2024-01-20 06:00:00,0,0,0,0,0,0,0,-8.795667
2024-01-20 07:00:00,16.315,7.836458,14.09906,14.16903,15.61756,13.26945,11.47789,69.16145
2024-01-20 08:00:00,311.3349,169.0806,197.7288,184.529,207.7241,200.2737,181.539,1160.061
2024-01-20 09:00:00,549.1429,522.2654,567.9688,563.824,583.3679,591.5932,568.9839,3439.652
2024-01-20 10:00:00,730.4666,735.5972,759.3195,762.2558,779.3137,793.6934,775.3466,4630.418
2024-01-20 11:00:00,841.532,828.4961,832.8167,832.861,830.6334,832.9183,832.8038,4998.252
2024-01-20 12:00:00,863.8401,808.65,804.9753,800.278,760.3145,823.2227,826.1486,4859.703
2024-01-20 13:00:00,817.7625,775.4044,756.0704,773.8839,782.1584,802.319,799.4863,4719.261
2024-01-20 14:00:00,717.8787,716.4409,742.7781,766.2215,777.2634,786.9804,777.5964,4576.707
2024-01-20 15:00:00,433.4425,394.0576,400.0367,458.9549,472.4409,437.7328,452.2905,2738.837
2024-01-20 16:00:00,194.6437,119.0294,123.3792,140.3525,127.1901,142.0383,139.9139,800.4067
2024-01-20 17:00:00,6.648118,3.960498,4.677802,6.584855,7.044927,6.132189,6.479414,26.68677
2024-01-20 18:00:00,0,0,0,0,0,0,0,-8.814321
2024-01-20 19:00:00,0,0,0,0,0,0,0,-8.743103
2024-01-20 20:00:00,0,0,0,0,0,0,0,-8.732214
2024-01-20 21:00:00,0,0,0,0,0,0,0,-8.770016
2024-01-20 22:00:00,0,0,0,0,0,0,0,-8.835945
2024-01-20 23:00:00,0,0,0,0,0,0,0,-8.822476
2024-01-21 00:00:00,0,0,0,0,0,0,0,-8.798661
2024-01-21 01:00:00,0,0,0,0,0,0,0,-8.74536
2024-01-21 02:00:00,0,0,0,0,0,0,0,-8.740805
2024-01-21 03:00:00,0,3.543647,3.53235,0,0,0,0,-7.960586
2024-01-21 04:00:00,0,,,0,0,0,,-8.160845
2024-01-21 05:00:00,0,,,0,0,0,,-8.189825
2024-01-21 06:00:00,0,,,0,0,0,,-8.305919
2024-01-21 07:00:00,18.09969,,,16.38476,18.83148,15.82335,,66.42793
2024-01-21 08:00:00,312.8571,,,194.056,218.1092,208.9751,,1004.687
2024-01-21 09:00:00,558.4498,,,578.0385,596.8715,607.5046,,2939.957
2024-01-21 10:00:00,738.1526,,,767.1739,783.7125,797.7259,,3873.394
2024-01-21 11:00:00,848.1765,832.9059,833.061,832.9109,832.9976,832.8303,0,4161.434
2024-01-21 12:00:00,878.4224,832.9387,832.9561,832.9427,832.9568,832.9476,801.6764,4971.216
2024-01-21 13:00:00,825.5549,808.3703,822.9545,831.6525,832.6545,832.9999,832.7411,4960.393
2024-01-21 14:00:00,695.7713,691.0477,713.4193,740.3924,749.7926,763.2291,752.7354,4417.181
2024-01-21 15:00:00,496.543,447.3787,452.2203,523.9083,521.1732,516.0371,519.2091,3000.113
2024-01-21 16:00:00,217.043,127.0664,130.6078,150.8538,140.9715,149.7181,147.3263,855.2471
2024-01-21 17:00:00,7.488879,3.72272,4.28922,6.963069,6.033746,6.149257,6.490854,25.97182
2024-01-21 18:00:00,0,0,0,0,0,0,0,-8.716812
2024-01-21 19:00:00,0,0,0,0,0,0,0,-8.721615
2024-01-21 20:00:00,0,0,0,0,0,0,0,-8.711418
2024-01-21 21:00:00,0,0,0,0,0,0,0,-8.781574
2024-01-21 22:00:00,0,0,0,0,0,0,0,-8.781073
2024-01-21 23:00:00,0,0,0,0,0,0,0,-8.733282
2024-01-22 00:00:00,0,0,0,0,0,0,0,-8.764577
2024-01-22 01:00:00,0,0,0,0,0,0,0,-8.676137
2024-01-22 02:00:00,0,0,0,0,0,0,0,-8.718238
2024-01-22 03:00:00,0,0,0,0,0,0,0,-8.721858
2024-01-22 04:00:00,0,0,0,0,0,0,0,-8.7563
2024-01-22 05:00:00,0,0,0,0,0,0,0,-8.713593
2024-01-22 06:00:00,0,0,0,0,0,0,0,-8.706695
2024-01-22 07:00:00,24.63416,9.734825,18.42788,17.7278,20.32303,16.77904,13.84586,91.10437
2024-01-22 08:00:00,376.7539,181.0085,211.7628,199.7199,224.0529,216.3277,194.2296,1246.767
2024-01-22 09:00:00,556.5775,518.8193,562.3391,560.1854,578.0594,587.8607,569.8577,3419.882
2024-01-22 10:00:00,708.6245,705.1024,730.4388,733.8247,753.4317,765.8393,746.955,4465.64
2024-01-22 11:00:00,814.2349,801.4151,821.9398,825.5673,831.762,832.6918,829.6401,4945.755
2024-01-22 12:00:00,843.2974,818.9628,830.5644,831.4333,832.9205,832.8668,831.7684,4978.003
2024-01-22 13:00:00,800.6722,775.1487,802.0669,818.5351,826.3577,828.3707,824.8856,4877.558
2024-01-22 14:00:00,662.6618,647.8123,673.6949,698.6568,710.137,715.7244,708.2272,4166.501
2024-01-22 15:00:00,462.077,422.9628,428.1724,491.0741,489.7988,484.9437,487.7305,2820.879
2024-01-22 16:00:00,202.6872,121.8239,126.0775,146.7074,140.3095,143.771,141.6434,825.8846
2024-01-22 17:00:00,7.538892,5.00787,5.631358,7.445524,6.709997,7.203689,7.164272,31.86571
2024-01-22 18:00:00,0,0,0,0,0,0,0,-8.586233
2024-01-22 19:00:00,0,0,0,0,0,0,0,-8.595323
2024-01-22 20:00:00,0,0,0,0,0,0,0,-8.569117
2024-01-22 21:00:00,0,0,0,0,0,0,0,-8.636644
2024-01-22 22:00:00,0,0,0,0,0,0,0,-8.663837
2024-01-22 23:00:00,0,0,0,0,0,0,0,-8.644305
2024-01-23 00:00:00,0,0,0,0,0,0,0,-8.591133
2024-01-23 01:00:00,0,0,0,0,0,0,0,-8.624163
2024-01-23 02:00:00,0,0,0,0,0,0,0,-8.657692
2024-01-23 03:00:00,0,0,0,0,0,0,0,-8.675724
2024-01-23 04:00:00,0.2732289,0,0,0,0,0,0,-8.636224
2024-01-23 05:00:00,0.1545935,0,0,0,0,0,0,-8.632896
2024-01-23 06:00:00,0,0,0,0,0,0,0,-8.663877
2024-01-23 07:00:00,11.18602,2.851573,2.750848,2.796365,2.96047,3.06769,2.892432,9.22171
2024-01-23 08:00:00,51.53731,42.72091,44.08866,45.15158,46.11533,47.43078,46.16158,270.9424
2024-01-23 09:00:00,153.8475,130.2561,134.3992,136.8114,139.9776,142.6509,139.5949,834.8616
2024-01-23 10:00:00,344.8409,295.296,302.9969,306.5839,313.7981,322.2761,313.7261,1883.502
2024-01-23 11:00:00,293.7473,247.6492,254.5484,259.5479,265.6247,269.8558,264.1522,1585.604
2024-01-23 12:00:00,264.7062,221.3958,228.0867,232.5192,238.2289,242.3421,237.1795,1420.825
2024-01-23 13:00:00,185.0074,158.0505,162.4642,165.1756,168.8502,172.8733,168.6958,1009.743
2024-01-23 14:00:00,122.7214,105.3718,108.6448,111.0176,115.6251,115.6428,113.0467,674.1116
2024-01-23 15:00:00,87.96811,73.97276,76.46131,78.14837,79.83712,81.53951,79.58418,472.5223
2024-01-23 16:00:00,21.67094,22.72954,23.48347,23.92817,24.73947,25.12433,24.4267,140.0543
2024-01-23 17:00:00,0.3892588,0.9139655,1.207604,0.4240822,1.25189,1.37287,1.005358,-2.058259
2024-01-23 18:00:00,0,0,0,0,0,0,0,-8.673134
2024-01-23 19:00:00,0,0,0,0,0,0,0,-8.662004
2024-01-23 20:00:00,0,0,0,0,0,0,0,-8.709456
2024-01-23 21:00:00,0,0,0,0,0,0,0,-8.652595
2024-01-23 22:00:00,0,0,0,0,0,0,0,-8.643519
2024-01-23 23:00:00,0,0,0,0,0,0,0,-8.670764
2024-01-24 00:00:00,0,0,0,0,0,0,0,-8.638558
2024-01-24 01:00:00,0,0,0,0,0,0,0,-8.662284
2024-01-24 02:00:00,0,0,0,0,0,0,0,-8.640564
2024-01-24 03:00:00,0,0,0,0,0,0,0,-8.598625
2024-01-24 04:00:00,0,0,0,0,0,0,0,-8.671803
2024-01-24 05:00:00,0,0,0,0,0,0,0,-8.590165
2024-01-24 06:00:00,0,0,0,0,0,0,0,-8.568784
2024-01-24 07:00:00,15.90829,3.294533,3.37217,4.27072,4.384003,4.423432,4.217662,16.51037
2024-01-24 08:00:00,91.09007,64.30479,66.17963,67.37037,68.97189,70.13102,68.57571,407.4964
2024-01-24 09:00:00,149.875,115.2209,118.9479,121.1991,124.0763,126.0799,123.4608,738.4286
2024-01-24 10:00:00,165.2937,133.7151,137.7127,140.8977,143.8841,147.0668,143.7178,858.723
2024-01-24 11:00:00,329.8684,278.3295,293.0423,298.1678,306.723,300.7054,303.5793,1809.76
2024-01-24 12:00:00,759.1478,644.517,643.8876,650.9869,660.1758,673.9526,646.7496,3884.847
2024-01-24 13:00:00,625.9754,579.3691,581.1559,615.2335,618.3112,620.4873,595.4323,3586.75
2024-01-24 14:00:00,260.983,213.5893,226.3338,244.0025,252.2334,235.851,234.7706,1410.815
2024-01-24 15:00:00,232.116,178.1783,182.5408,200.5695,205.7174,196.1672,192.1945,1150.317
2024-01-24 16:00:00,91.99652,65.7424,67.786,69.68449,70.63232,72.46552,70.85605,417.6259
2024-01-24 17:00:00,6.496883,3.085568,3.199578,3.418962,3.458365,3.645944,3.469337,12.28747
2024-01-24 18:00:00,0,0,0,0,0,0,0,-8.628978
2024-01-24 19:00:00,0,0,0,0,0,0,0,-8.69995
2024-01-24 20:00:00,0,0,0,0,0,0,0,-8.732902
2024-01-24 21:00:00,0,0,0,0,0,0,0,-8.731629
2024-01-24 22:00:00,0,0,0,0,0,0,0,-8.769071
2024-01-24 23:00:00,0,0,0,0,0,0,0,-8.731629
2024-01-25 00:00:00,0,0,0,0,0,0,0,-8.730402
2024-01-25 01:00:00,0,0,0,0,0,0,0,-8.715307
2024-01-25 02:00:00,0,0,0,0,0,0,0,-8.725047
2024-01-25 03:00:00,0,0,0,0,0,0,0,-8.705996
2024-01-25 04:00:00,0,0,0,0,0,0,0,-8.639612
2024-01-25 05:00:00,0,0,0,0,0,0,0,-8.648236
2024-01-25 06:00:00,0,0,0,0,0,0,0,-8.610329
2024-01-25 07:00:00,10.22126,1.145979,1.197858,1.282101,1.299467,1.320352,1.278166,0.116628
2024-01-25 08:00:00,61.35984,46.08527,47.52866,48.79584,49.76459,50.99465,49.85033,291.7718
2024-01-25 09:00:00,100.2192,77.71043,79.13483,81.53046,82.79835,85.97626,83.14849,490.5988
2024-01-25 10:00:00,194.6951,150.9447,153.7553,156.903,153.7598,164.9003,160.3913,956.7073
2024-01-25 11:00:00,169.1204,134.871,139.1476,142.3886,146.2924,148.0505,145.0365,867.5308
2024-01-25 12:00:00,163.7814,132.1383,135.784,138.2016,140.1704,145.3854,141.9997,846.2939
2024-01-25 13:00:00,161.0403,131.168,132.8236,137.6185,139.8022,142.7662,140.031,825.3909
2024-01-25 14:00:00,143.1266,113.7313,119.0675,122.4412,124.4391,127.3027,124.4155,739.9276
2024-01-25 15:00:00,35.91128,32.02623,32.96505,33.5444,34.20164,35.08497,34.15886,198.7414
2024-01-25 16:00:00,14.56172,10.9711,11.54936,11.36856,11.91424,12.34056,11.90472,63.82623
2024-01-25 17:00:00,1.592027,0,0.0813112,0,0,0.7532033,0,-7.825353
2024-01-25 18:00:00,0,0,0,0,0,0,0,-8.710114
2024-01-25 19:00:00,0,0,0,0,0,0,0,-8.746508
2024-01-25 20:00:00,0,0,0,0,0,0,0,-8.630127
2024-01-25 21:00:00,0,0,0,0,0,0,0,-8.702323
2024-01-25 22:00:00,0,0,0,0,0,0,0,-8.71594
2024-01-25 23:00:00,0.0672212,0,0,0,0,0,0,-8.730077
2024-01-26 00:00:00,0.01096428,0,0,0,0,0,0,-8.695172
2024-01-26 01:00:00,2.219738e-05,0,0,0,0,0,0,-8.757259
2024-01-26 02:00:00,0.2438155,0,0,0,0,0,0,-8.804498
2024-01-26 03:00:00,0.3293164,0,0,0,0,0,0,-8.757749
2024-01-26 04:00:00,0.2981021,0,0,0,0,0,0,-8.721301
2024-01-26 05:00:00,0.03316085,0,0,0,0,0,0,-8.617616
2024-01-26 06:00:00,0,0,0,0,0,0,0,-8.597758
2024-01-26 07:00:00,10.79806,0.1433513,0.14192,0.1361111,0.1334414,0.135966,0.1269412,-7.696895
2024-01-26 08:00:00,59.2206,43.18465,43.83348,45.09506,45.27184,47.18148,46.10482,269.4362
2024-01-26 09:00:00,294.5695,267.094,265.2569,251.3861,249.5854,270.2549,255.1191,1551.605
2024-01-26 10:00:00,415.6001,345.0421,344.2855,386.2101,378.2144,376.8051,385.2532,2240.282
2024-01-26 11:00:00,360.1942,316.153,317.4147,305.5403,304.7075,336.5352,322.0916,1880.61
2024-01-26 12:00:00,329.8527,231.708,233.281,218.2378,224.9857,276.1768,255.0109,1495.632
2024-01-26 13:00:00,450.6057,379.7082,402.2082,365.084,314.207,408.3836,383.1998,2327.364
2024-01-26 14:00:00,493.2384,422.9242,465.7047,457.7834,441.0893,470.8811,461.6191,2770.844
2024-01-26 15:00:00,254.828,206.2219,230.3259,245.6203,248.4558,254.2979,255.3394,1443.555
2024-01-26 16:00:00,102.4134,65.32897,72.2868,76.54282,77.33197,77.95165,77.03195,447.5983
2024-01-26 17:00:00,10.64124,6.539368,7.444861,7.580712,7.648822,8.13202,7.907544,37.84982
2024-01-26 18:00:00,0,0,0,0,0,0,0,-8.620093
2024-01-26 19:00:00,0,0,0,0,0,0,0,-8.678386
2024-01-26 20:00:00,0,0,0,0,0,0,0,-8.719716
2024-01-26 21:00:00,0,0,0,0,0,0,0,-8.752686
2024-01-26 22:00:00,0,0,0,0,0,0,0,-8.676836
2024-01-26 23:00:00,0,0,0,0,0,0,0,-8.718457
2024-01-27 00:00:00,0,0,0,0,0,0,0,-8.767406
2024-01-27 01:00:00,0,0,0,0,0,0,0,-8.701627
2024-01-27 02:00:00,0,0,0,0,0,0,0,-8.727827
2024-01-27 03:00:00,0,0,0,0,0,0,0,-8.745879
2024-01-27 04:00:00,0.0329671,0,0,0,0,0,0,-8.7419
2024-01-27 05:00:00,0,0,0,0,0,0,0,-8.690163
2024-01-27 06:00:00,0,0,0,0,0,0,0,-8.631987
2024-01-27 07:00:00,22.05462,11.00491,16.11689,15.85007,12.89537,15.4385,14.14248,83.52018
2024-01-27 08:00:00,168.0677,129.9383,144.3392,143.7438,143.9117,147.2227,144.7358,867.438
2024-01-27 09:00:00,215.2722,174.0959,177.81,179.2166,183.6999,191.0517,183.7354,1106.824
2024-01-27 10:00:00,182.3613,146.5082,151.2042,154.5159,158.843,160.6165,157.2138,941.4368
2024-01-27 11:00:00,274.3682,223.2234,242.9151,245.7596,278.2725,254.5842,248.6736,1502.721
2024-01-27 12:00:00,295.0135,251.9191,251.8784,253.2577,240.3656,262.4029,253.9373,1565.13
2024-01-27 13:00:00,332.9553,271.3482,282.7815,292.0038,297.0986,309.5169,303.0155,1775.882
2024-01-27 14:00:00,652.0228,599.413,615.7668,639.0793,650.6656,658.5796,647.0579,3838.475
2024-01-27 15:00:00,318.472,276.1659,292.5379,307.1453,314.6613,317.9955,309.3811,1831.577
2024-01-27 16:00:00,48.68057,37.1943,38.77441,39.4383,40.11814,41.01778,39.81748,233.3488
2024-01-27 17:00:00,1.470549,0.6758725,0.8852344,0.285141,0.5931712,0.9785342,0.8114785,-4.278808
2024-01-27 18:00:00,0.3033616,0,0,0,0,0,0,-8.598098
2024-01-27 19:00:00,0,0,0,0,0,0,0,-8.631131
2024-01-27 20:00:00,0.1201478,0,0,0,0,0,0,-8.661146
2024-01-27 21:00:00,1.764471,0,0,0,0,0,0,-8.71265
2024-01-27 22:00:00,0.6528625,0,0,0,0,0,0,-8.753396
2024-01-27 23:00:00,0.2473036,0,0,0,0,0,0,-8.719295
2024-01-28 00:00:00,0.1488708,0,0,0,0,0,0,-8.67743
2024-01-28 01:00:00,0,0,0,0,0,0,0,-8.71207
2024-01-28 02:00:00,0,0,0,0,0,0,0,-8.732217
2024-01-28 03:00:00,0,0,0,0,0,0,0,-8.727806
2024-01-28 04:00:00,0,0,0,0,0,0,0,-8.739668
2024-01-28 05:00:00,0,0,0,0,0,0,0,-8.739944
2024-01-28 06:00:00,0,0,0,0,0,0,0,-8.710675
2024-01-28 07:00:00,25.14916,8.68624,9.427327,10.73022,10.24862,12.57576,11.60567,54.18061
2024-01-28 08:00:00,178.777,108.8747,121.8743,116.7918,123.1725,128.5399,121.354,714.0538
2024-01-28 09:00:00,303.1284,245.6385,256.5736,265.9613,255.4876,278.0858,277.1329,1603.563
2024-01-28 10:00:00,382.5526,306.2082,310.4357,328.6501,334.6473,354.8851,335.0505,1998.533
2024-01-28 11:00:00,742.0571,688.3114,683.9477,657.9481,643.6965,720.7538,676.0876,4092.892
2024-01-28 12:00:00,788.4846,667.9272,650.8328,708.5726,731.6878,746.0092,730.9179,4226.952
2024-01-28 13:00:00,592.1226,497.2554,500.2817,510.8274,551.3961,537.4477,508.3249,3090.113
2024-01-28 14:00:00,314.2567,273.9282,271.2796,256.3488,242.5605,285.8759,277.0801,1622.557
2024-01-28 15:00:00,155.4179,120.078,120.797,122.3802,124.0496,127.4208,125.1433,747.9978
2024-01-28 16:00:00,55.39753,41.07422,43.52327,44.08227,44.49629,45.9257,44.71788,262.2075
2024-01-28 17:00:00,4.119571,2.540386,2.661893,2.741688,2.739938,3.022805,2.798868,8.670716
2024-01-28 18:00:00,0,0,0,0,0,0,0,-8.563278
2024-01-28 19:00:00,0,0,0,0,0,0,0,-8.565486
2024-01-28 20:00:00,0,0,0,0,0,0,0,-8.5562
2024-01-28 21:00:00,0,0,0,0,0,0,0,-8.606022
2024-01-28 22:00:00,0,0,0,0,0,0,0,-8.628098
2024-01-28 23:00:00,0,0,0,0,0,0,0,-8.663707
2024-01-29 00:00:00,0,0,0,0,0,0,0,-8.701847
2024-01-29 01:00:00,0,0,0,0,0,0,0,-8.68708
2024-01-29 02:00:00,0,0,0,0,0,0,0,-8.693208
2024-01-29 03:00:00,0,0,0,0,0,0,0,-8.680965
2024-01-29 04:00:00,0,0,0,0,0,0,0,-8.585973
2024-01-29 05:00:00,0,0,0,0,0,0,0,-8.589762
2024-01-29 06:00:00,0,0,0,0,0,0,0,-8.618971
2024-01-29 07:00:00,16.42311,11.93934,19.68539,19.73109,20.71325,18.99767,16.78476,102.0451
2024-01-29 08:00:00,303.5156,206.5082,244.1155,230.3378,252.4861,247.9851,227.197,1431.632
2024-01-29 09:00:00,551.8215,524.7136,562.5462,558.6495,575.8304,589.4219,572.0062,3421.734
2024-01-29 10:00:00,730.5664,719.0399,740.1917,743.8176,759.9131,778.1349,758.9938,4523.253
2024-01-29 11:00:00,843.8438,820.3339,829.0298,831.0656,832.8918,832.992,832.7142,4980.013
2024-01-29 12:00:00,875.0774,832.6592,832.9722,832.9419,832.9235,832.9108,833.0037,4998.424
2024-01-29 13:00:00,824.7263,786.4624,756.9227,759.983,755.4799,778.9527,764.9258,4619.623
2024-01-29 14:00:00,651.725,624.3376,643.6442,653.2255,679.2936,667.2231,659.1088,3943.183
2024-01-29 15:00:00,509.1493,489.2975,504.3426,537.423,540.0659,550.8246,545.5558,3187.244
2024-01-29 16:00:00,255.5307,152.4055,156.3791,202.7785,185.1966,188.8384,192.4816,1087.537
2024-01-29 17:00:00,26.6268,11.04264,11.88384,15.95483,12.9663,15.18539,15.24453,75.76033
2024-01-29 18:00:00,0,0,0,0,0,0,0,-8.948296
2024-01-29 19:00:00,0,0,0,0,0,,0,-8.580128
2024-01-29 20:00:00,0,0,0,0,0,,0,-8.224383
2024-01-29 21:00:00,0,0,0,0,0,,0,-8.27032
2024-01-29 22:00:00,0,0,0,0,0,,0,-8.306993
2024-01-29 23:00:00,0,0,0,0,0,,0,-8.36626
2024-01-30 00:00:00,0,0,0,0,0,,0,-8.369995
2024-01-30 01:00:00,0,0,0,0,0,,0,-8.35681
2024-01-30 02:00:00,0,0,0,0,0,,0,-8.304577
2024-01-30 03:00:00,0,0,0,0,0,,0,-8.248065
2024-01-30 04:00:00,0,0,0,0,0,,0,-8.345154
2024-01-30 05:00:00,0,0,0,0,0,,0,-8.308569
2024-01-30 06:00:00,0,0,0,0,0,,0,-8.276875
2024-01-30 07:00:00,22.44556,15.73103,26.92255,27.14604,31.04586,,22.73657,143.0984
2024-01-30 08:00:00,307.5658,222.898,261.5059,248.0594,272.0732,,245.3819,1539.078
2024-01-30 09:00:00,538.3495,517.4019,551.1314,550.6722,569.5192,,563.5528,3365.107
2024-01-30 10:00:00,697.4733,666.6697,685.4774,691.0528,716.158,,706.0728,4212.789
2024-01-30 11:00:00,739.0868,705.0621,726.7118,734.3156,753.0514,,746.0908,4425.858
2024-01-30 12:00:00,752.0594,709.4652,735.4554,753.1715,769.3366,,763.2914,4500.924
2024-01-30 13:00:00,733.7155,729.2012,700.5414,720.8357,718.2583,,715.735,4280.388
2024-01-30 14:00:00,662.836,605.3118,644.6508,657.0842,666.7285,,672.8432,3969.214
2024-01-30 15:00:00,502.5832,464.2074,478.0089,497.8116,499.3726,,506.8958,2985.452
2024-01-30 16:00:00,180.5408,127.0641,132.4893,156.8084,156.1372,,140.9183,877.5557
2024-01-30 17:00:00,31.40145,19.72109,20.88969,24.72116,22.30951,,24.1861,131.244
2024-01-30 18:00:00,0,0,0,0,0,,0,-8.686454
2024-01-30 19:00:00,0,0,0,0,0,,0,-8.640309
2024-01-30 20:00:00,0,0,0,0,0,,0,-8.575098
2024-01-30 21:00:00,0,0,0,0,0,,0,-8.598589
2024-01-30 22:00:00,0,0,0,0,0,,0,-8.719385
2024-01-30 23:00:00,0,0,0,0,0,,0,-8.649908
2024-01-31 00:00:00,0,0,0,0,0,,0,-8.68207
2024-01-31 01:00:00,0,0,0,0,0,,0,-8.696358
2024-01-31 02:00:00,0,0,0,0,0,,0,-8.701961
2024-01-31 03:00:00,0,0,0,0,0,,0,-8.654204
2024-01-31 04:00:00,0,0,0,0,0,,0,-8.580416
2024-01-31 05:00:00,0,0,0,0,0,,0,-8.627848
2024-01-31 06:00:00,0,0,0,0,0,,0,-8.705873
2024-01-31 07:00:00,7.304588,0,0,1.326588,0,,0,-7.265213
2024-01-31 08:00:00,36.19451,24.84156,25.26898,32.01762,27.36559,,26.3904,158.4765
2024-01-31 09:00:00,50.49411,45.67915,47.09739,48.05723,48.47213,,48.97339,288.6995
2024-01-31 10:00:00,107.1222,90.77556,92.57104,94.41829,96.13715,,96.76997,578.9395
2024-01-31 11:00:00,129.2569,113.579,116.6359,118.406,120.673,,121.5957,723.6803
2024-01-31 12:00:00,272.7206,229.9986,237.3024,239.6635,246.6693,,243.5541,1467.45
2024-01-31 13:00:00,391.3396,330.1616,336.3685,347.5555,351.504,,355.5854,2117.017
2024-01-31 14:00:00,458.0926,305.2787,336.6355,341.8997,349.1436,335.8786,372.3053,1893.872
2024-01-31 15:00:00,169.476,161.3211,146.0231,163.6132,170.8865,166.1847,162.7938,969.3788
2024-01-31 16:00:00,140.1925,107.4411,109.4561,132.1649,123.9966,128.5775,132.7092,741.5486
2024-01-31 17:00:00,23.66018,13.16301,13.89435,15.1105,14.72543,15.69272,15.56672,82.29356
2024-01-31 18:00:00,0,0,0,0,0,0,0,-8.585768
2024-01-31 19:00:00,0,0,0,0,0,0,0,-8.462835
2024-01-31 20:00:00,0,0,0,0,0,0,0,-8.444122
2024-01-31 21:00:00,0,0,0,0,0,0,0,-8.524117
2024-01-31 22:00:00,0,0,0,0,0,0,0,-8.585845
2024-01-31 23:00:00,0,0,0,0,0,0,0,-8.556321
