Turkey Hill Solar,Unnamed: 1,Unnamed: 2,Unnamed: 3,Unnamed: 4,Unnamed: 5,Unnamed: 6
,,,,,,
Timestamp,POA*,"TMEIC 2.7MW Inverter 1.1.1, Active Power P","TMEIC 2.7MW Inverter 1.2.1, Active Power P","TMEIC 2.7MW Inverter 1.3.1, Active Power P","TMEIC 2.7MW Inverter 1.4.1, Active Power P",Production meter active power
,W/mÂ²,kW,kW,kW,kW,kW
2024-01-01 00:00:00,-0.1435426,0,0,0,0,-14.65908
2024-01-01 01:00:00,-0.2065402,0,0,0,0,-14.675
2024-01-01 02:00:00,-0.2204556,0,0,0,0,-14.709
2024-01-01 03:00:00,-0.0704975,0,0,0,0,-14.67883
2024-01-01 04:00:00,-0.1978031,0,0,0,0,-14.6425
2024-01-01 05:00:00,-0.08201333,0,0,0,0,-14.59433
2024-01-01 06:00:00,-0.1514377,0,0,0,0,-14.492
2024-01-01 07:00:00,5.506881,0.6916667,0.685,0.68,0.7083333,19.25382
2024-01-01 08:00:00,97.80643,120.6033,119.7983,119.3867,120.26,467.502
2024-01-01 09:00:00,152.4093,268.365,259.5617,262.5667,262.8883,1044.266
2024-01-01 10:00:00,186.4955,447.205,450.1383,440.0683,432.3683,1761.53
2024-01-01 11:00:00,227.3477,663.6117,664.9167,669.8116,668.6,2659.86
2024-01-01 12:00:00,220.3843,690.5516,695.69,713.1483,724.0933,2819.243
2024-01-01 13:00:00,256.6229,680.6317,752.0267,836.7234,844.1816,3099.255
2024-01-01 14:00:00,319.2504,643.1467,707.8118,752.5016,749.2949,2844.099
2024-01-01 15:00:00,183.2154,263.8233,275.095,286.2633,305.6783,1112.823
2024-01-01 16:00:00,17.68008,23.49333,21.92,20.73833,20.56334,89.88001
2024-01-01 17:00:00,-0.1041791,0,0,0,0,-14.30464
2024-01-01 18:00:00,-0.1785251,0,0,0,0,-14.361
2024-01-01 19:00:00,-0.1808457,0,0,0,0,-14.4095
2024-01-01 20:00:00,-0.1336593,0,0,0,0,-14.49433
2024-01-01 21:00:00,-0.05874156,0,0,0,0,-14.55534
2024-01-01 22:00:00,-0.1046778,0,0,0,0,-14.56983
2024-01-01 23:00:00,-0.1699111,0,0,0,0,-14.61133
2024-01-02 00:00:00,-0.0581438,0,0,0,0,-14.64721
2024-01-02 01:00:00,-0.2102303,0,0,0,0,-14.442
2024-01-02 02:00:00,-0.04224027,0,0,0,0,-14.36367
2024-01-02 03:00:00,-0.1828099,0,0,0,0,-14.33934
2024-01-02 04:00:00,-0.209832,0,0,0,0,-14.4435
2024-01-02 05:00:00,-0.2274395,0,0,0,0,-14.42767
2024-01-02 06:00:00,-0.2099149,0,0,0,0,-14.3975
2024-01-02 07:00:00,6.41917,0,0,0,0,15.04967
2024-01-02 08:00:00,16.63905,32.36833,32.15166,32.21167,32.285,170.913
2024-01-02 09:00:00,50.62185,115.4467,114.17,116.6883,116.9667,450.2917
2024-01-02 10:00:00,160.8429,415.3683,419.7717,431.7116,434.2667,1697.87
2024-01-02 11:00:00,233.0745,676.9583,680.77,686.6583,684.35,2716.639
2024-01-02 12:00:00,129.4836,394.48,394.1967,394.2933,391.9933,1564.894
2024-01-02 13:00:00,207.8991,523.6667,520.4533,520.2484,509.9383,2057.041
2024-01-02 14:00:00,69.77502,159.1284,158.445,160.3417,160.4117,625.3193
2024-01-02 15:00:00,34.20103,74.59999,73.59166,73.28167,73.51167,292.4785
2024-01-02 16:00:00,2.392946,0,0,0,0,-13.14017
2024-01-02 17:00:00,-0.2152998,0,0,0,0,-14.63284
2024-01-02 18:00:00,-0.0734535,0,0,0,0,-14.7245
2024-01-02 19:00:00,-0.04915728,0,0,0,0,-14.74
2024-01-02 20:00:00,-0.2263394,0,0,0,0,-14.79513
2024-01-02 21:00:00,-0.2060377,0,0,0,0,-14.82883
2024-01-02 22:00:00,-0.1766305,0,0,0,0,-14.69734
2024-01-02 23:00:00,-0.2307767,0,0,0,0,-14.482
2024-01-03 00:00:00,-0.1902529,0,0,0,0,-14.33461
2024-01-03 01:00:00,-0.1711234,0,0,0,0,-14.50167
2024-01-03 02:00:00,-0.127829,0,0,0,0,-14.58717
2024-01-03 03:00:00,-0.216225,0,0,0,0,-14.5395
2024-01-03 04:00:00,-0.241341,0,0,0,0,-14.51167
2024-01-03 05:00:00,-0.1787951,0,0,0,0,-14.51217
2024-01-03 06:00:00,-0.1095835,0,0,0,0,-14.59333
2024-01-03 07:00:00,4.399099,0,0,0,0,-12.1915
2024-01-03 08:00:00,38.37252,66.47666,65.38999,66.96165,69.74833,281.2383
2024-01-03 09:00:00,288.1666,539.9783,527.0134,546.81,627.8768,2242.03
2024-01-03 10:00:00,479.6376,1086.518,1125.407,942.0582,804.3317,3929.288
2024-01-03 11:00:00,298.9484,827.2316,843.8151,813.4767,800.4166,3301.027
2024-01-03 12:00:00,234.6674,742.4449,730.1633,732.8484,724.0133,2955.854
2024-01-03 13:00:00,156.1088,400.43,395.9233,393.09,386.785,1558.725
2024-01-03 14:00:00,142.4656,330.11,334.6767,331.7967,338,1304.66
2024-01-03 15:00:00,115.2806,170.3867,174.2333,177.475,186.1783,697.7977
2024-01-03 16:00:00,33.45208,40.62833,40.13333,40.90167,41.67666,171.2907
2024-01-03 17:00:00,-0.1058359,0,0,0,0,-14.40067
2024-01-03 18:00:00,-0.2185368,0,0,0,0,-14.55733
2024-01-03 19:00:00,-0.2304083,0,0,0,0,-14.41084
2024-01-03 20:00:00,-0.1728804,0,0,0,0,-14.4156
2024-01-03 21:00:00,-0.1264913,0,0,0,0,-14.4645
2024-01-03 22:00:00,-0.2619389,0,0,0,0,-14.53117
2024-01-03 23:00:00,-0.1450049,0,0,0,0,-14.55383
2024-01-04 00:00:00,-0.1489587,0,0,0,0,-14.51466
2024-01-04 01:00:00,-0.2026846,0,0,0,0,-14.4255
2024-01-04 02:00:00,-0.1451198,0,0,0,0,-14.45916
2024-01-04 03:00:00,-0.1213295,0,0,0,0,-14.4625
2024-01-04 04:00:00,-0.2019414,0,0,0,0,-14.39124
2024-01-04 05:00:00,-0.06637343,0,0,0,0,-14.4095
2024-01-04 06:00:00,-0.2145538,0,0,0,0,-14.7995
2024-01-04 07:00:00,4.782186,0,0,0,0,-7.2225
2024-01-04 08:00:00,159.1963,63.33667,65.35835,66.88499,72.46666,290.4814
2024-01-04 09:00:00,179.0846,153.3067,154.4317,156.18,161.7467,614.9035
2024-01-04 10:00:00,306.0607,558.7667,584.0833,588.26,601.38,2355.09
2024-01-04 11:00:00,227.6056,666.9667,669.2733,680.565,674.7867,2690.161
2024-01-04 12:00:00,220.5826,668.26,669.8783,667.0683,659.9333,2652.053
2024-01-04 13:00:00,173.4652,451.035,451.935,454.9084,450.51,1799.543
2024-01-04 14:00:00,119.1255,230.7483,234.3,240.6167,244.3483,937.0118
2024-01-04 15:00:00,112.8515,174,172.8483,172.2816,170.8683,678.0472
2024-01-04 16:00:00,22.6922,27.725,27.26,26.93167,27.07167,113.5538
2024-01-04 17:00:00,-0.219823,0,0,0,0,-14.66433
2024-01-04 18:00:00,-0.3304934,0,0,0,0,-14.69783
2024-01-04 19:00:00,-0.2509189,0,0,0,0,-14.6417
2024-01-04 20:00:00,-0.1578242,0,0,0,0,-14.6545
2024-01-04 21:00:00,0.02893613,0,0,0,0,-14.67983
2024-01-04 22:00:00,-0.2259714,0,0,0,0,-14.71284
2024-01-04 23:00:00,-0.1987449,0,0,0,0,-14.49317
2024-01-05 00:00:00,-0.179464,0,0,0,0,-14.54917
2024-01-05 01:00:00,-0.1269715,0,0,0,0,-14.573
2024-01-05 02:00:00,-0.08929947,0,0,0,0,-14.50333
2024-01-05 03:00:00,-0.2310972,0,0,0,0,-14.381
2024-01-05 04:00:00,-0.1713134,0,0,0,0,-14.3495
2024-01-05 05:00:00,-0.1889833,0,0,0,0,-14.69417
2024-01-05 06:00:00,-0.1712362,0,0,0,0,-14.78866
2024-01-05 07:00:00,9.011454,9.338332,11.33167,11.60833,11.335,51.92851
2024-01-05 08:00:00,459.3233,624.08,608.7599,643.8232,627.9634,2510.013
2024-01-05 09:00:00,715.1962,1677.943,1697.725,1707.41,1691.805,6763.059
2024-01-05 10:00:00,637.6313,1567.506,1567.193,1577.964,1570.262,6264.076
2024-01-05 11:00:00,502.6844,1384.688,1382.117,1389.062,1378.303,5516.113
2024-01-05 12:00:00,483.9712,1355.918,1356.175,1359.733,1352.422,5401.037
2024-01-05 13:00:00,586.0535,1507.97,1513.89,1515.59,1509.907,6015.591
2024-01-05 14:00:00,558.9431,1203.757,1205.323,1210.658,1201.41,4800.955
2024-01-05 15:00:00,359.6967,572.4467,568.52,571.27,574.06,2262.981
2024-01-05 16:00:00,64.2487,132.67,127.9483,130.6417,130.305,515.0914
2024-01-05 17:00:00,-0.08552366,0,0,0,0,-14.269
2024-01-05 18:00:00,-0.1447206,0,0,0,0,-14.33733
2024-01-05 19:00:00,-0.2152613,0,0,0,0,-14.44083
2024-01-05 20:00:00,-0.1389973,0,0,0,0,-14.46066
2024-01-05 21:00:00,-0.2420548,0,0,0,0,-14.49817
2024-01-05 22:00:00,-0.1794066,0,0,0,0,-14.59266
2024-01-05 23:00:00,-0.2115041,0,0,0,0,-14.546
2024-01-06 00:00:00,-0.2073267,0,0,0,0,-14.44217
2024-01-06 01:00:00,-0.08070616,0,0,0,0,-14.47267
2024-01-06 02:00:00,-0.1830984,0,0,0,0,-14.41716
2024-01-06 03:00:00,-0.1137869,0,0,0,0,-14.44866
2024-01-06 04:00:00,-0.2205976,0,0,0,0,-14.37967
2024-01-06 05:00:00,-0.1074032,0,0,0,0,-14.45584
2024-01-06 06:00:00,-0.170288,0,0,0,0,-14.45584
2024-01-06 07:00:00,3.887877,0,0,0,0,-14.50616
2024-01-06 08:00:00,31.19408,0,0,0,0,-13.36333
2024-01-06 09:00:00,42.28437,0,0,0,0,-13.20883
2024-01-06 10:00:00,145.5596,0,0,0,0,25.49483
2024-01-06 11:00:00,268.9454,9.31,11.04,11.62,11.97,96.04316
2024-01-06 12:00:00,329.9672,19.68167,22.24,25.51333,30.25833,153.8583
2024-01-06 13:00:00,598.4535,86.38167,89.89333,92.49001,93.83666,354.5056
2024-01-06 14:00:00,755.1702,901.0332,900.0449,999.1949,962.6666,3746.492
2024-01-06 15:00:00,583.8104,1104.217,1075.082,1167.677,1181.7,4556.011
2024-01-06 16:00:00,74.07821,141.665,132.3867,153.0667,157.5117,592.2496
2024-01-06 17:00:00,0.02469949,0,0,0,0,-14.59267
2024-01-06 18:00:00,-0.08534226,0,0,0,0,-14.59467
2024-01-06 19:00:00,-0.2106629,0,0,0,0,-14.65301
2024-01-06 20:00:00,-0.09182037,0,0,0,0,-14.67767
2024-01-06 21:00:00,-0.05490617,0,0,0,0,-14.52617
2024-01-06 22:00:00,-0.1989048,0,0,0,0,-14.54633
2024-01-06 23:00:00,-0.2339269,0,0,0,0,-14.6735
2024-01-07 00:00:00,-0.2069651,0,0,0,0,-14.54867
2024-01-07 01:00:00,-0.134013,0,0,0,0,-14.54033
2024-01-07 02:00:00,-0.1960561,0,0,0,0,-14.5315
2024-01-07 03:00:00,-0.1570408,0,0,0,0,-14.53166
2024-01-07 04:00:00,-0.1713345,0,0,0,0,-14.49783
2024-01-07 05:00:00,-0.1447638,0,0,0,0,-14.426
2024-01-07 06:00:00,-0.1006444,0,0,0,0,-14.45067
2024-01-07 07:00:00,6.133043,0,0,0,0,14.801
2024-01-07 08:00:00,222.302,270.6433,257.4966,265.295,260.4733,1052.886
2024-01-07 09:00:00,421.8336,753.5284,749.2417,828.6718,864.2451,3144.197
2024-01-07 10:00:00,507.4538,1090.917,1061.964,1107.797,1133.947,4405.912
2024-01-07 11:00:00,448.5868,1247.016,1192.735,1258.035,1230.582,4964.816
2024-01-07 12:00:00,426.2709,1304.135,1290.202,1380.537,1403.18,5350.996
2024-01-07 13:00:00,648.6667,1596.479,1551.317,1533.187,1483.433,6215.658
2024-01-07 14:00:00,561.3604,1107.622,1091.405,1089.96,1079.898,4324.978
2024-01-07 15:00:00,504.2608,887.9134,813.5499,750.61,717.1617,3272.659
2024-01-07 16:00:00,87.83862,218.38,209.145,209.6317,201.7183,842.4816
2024-01-07 17:00:00,0.07275589,0,0,0,0,-14.59616
2024-01-07 18:00:00,-0.1821864,0,0,0,0,-14.45767
2024-01-07 19:00:00,-0.07594609,0,0,0,0,-14.56717
2024-01-07 20:00:00,-0.07805797,0,0,0,0,-14.56884
2024-01-07 21:00:00,-0.08224034,0,0,0,0,-14.55
2024-01-07 22:00:00,-0.1586201,0,0,0,0,-14.63017
2024-01-07 23:00:00,-0.1142932,0,0,0,0,-14.61567
2024-01-08 00:00:00,-0.123222,0,0,0,0,-14.60917
2024-01-08 01:00:00,-0.2196945,0,0,0,0,-14.6225
2024-01-08 02:00:00,-0.1697193,0,0,0,0,-14.62117
2024-01-08 03:00:00,-0.1214926,0,0,0,0,-14.584
2024-01-08 04:00:00,-0.1170128,0,0,0,0,-14.44441
2024-01-08 05:00:00,-0.2022198,0,0,0,0,-14.49017
2024-01-08 06:00:00,-0.09033198,0,0,0,0,-14.48733
2024-01-08 07:00:00,7.001362,0,0,0,0,-8.050835
2024-01-08 08:00:00,175.423,65.50667,64.56501,63.55832,63.24667,263.2581
2024-01-08 09:00:00,248.64,162.71,160.4417,160.4667,160.47,634.0767
2024-01-08 10:00:00,275.8224,306.4316,306.1,311.8533,306.685,1222.403
2024-01-08 11:00:00,333.5924,944.1368,946.2365,963.9283,957.0399,3804.329
2024-01-08 12:00:00,286.4118,899.7067,906.9468,904.8668,900.8683,3605.394
2024-01-08 13:00:00,283.9395,764.735,774.515,778.1133,781.68,3087.149
2024-01-08 14:00:00,238.4215,473.38,478.4817,479.9233,482.5634,1904.374
2024-01-08 15:00:00,162.4639,246.08,249.4183,250.17,251.605,985.3168
2024-01-08 16:00:00,47.00871,66.61001,67.25168,66.65667,66.57334,261.7773
2024-01-08 17:00:00,0.002484833,0,0,0,0,-14.315
2024-01-08 18:00:00,-0.1819825,0,0,0,0,-14.3735
2024-01-08 19:00:00,-0.1580814,0,0,0,0,-14.42583
2024-01-08 20:00:00,-0.1220173,0,0,0,0,-14.48149
2024-01-08 21:00:00,-0.1233867,0,0,0,0,-14.5755
2024-01-08 22:00:00,-0.05888736,0,0,0,0,-14.392
2024-01-08 23:00:00,-0.08194508,0,0,0,0,-14.35011
2024-01-09 00:00:00,-0.01156633,0,0,0,0,-14.3125
2024-01-09 01:00:00,-0.080653,0,0,0,0,-14.37067
2024-01-09 02:00:00,-0.06782666,0,0,0,0,-14.47633
2024-01-09 03:00:00,0.1091136,0,0,0,0,-14.444
2024-01-09 04:00:00,-0.04200394,0,0,0,0,-14.40383
2024-01-09 05:00:00,-0.06194558,0,0,0,0,-14.32733
2024-01-09 06:00:00,-0.03169772,0,0,0,0,-14.5965
2024-01-09 07:00:00,5.628119,0,0,0,0,-5.390118
2024-01-09 08:00:00,54.58516,24.13166,24.755,23.57167,24.74333,121.4002
2024-01-09 09:00:00,479.286,1063.575,1070.202,1022.458,1069.183,4124.065
2024-01-09 10:00:00,578.9828,1381.22,1368.033,1352.005,1357.887,5468.525
2024-01-09 11:00:00,288.3074,885.235,888.6982,869.965,854.4017,3463.706
2024-01-09 12:00:00,384.6411,1217.182,1228.298,1222.093,1187.382,4890.484
2024-01-09 13:00:00,521.9367,1365.725,1359.839,1345.153,1352.212,5451.233
2024-01-09 14:00:00,445.5314,913.7566,919.1333,936.5583,888.5634,3712.805
2024-01-09 15:00:00,165.9771,280.2183,275.495,276.0083,265.9767,1083.981
2024-01-09 16:00:00,13.60717,14.91833,14.855,14.39167,15.125,64.99518
2024-01-09 17:00:00,-0.00384014,0,0,0,0,-14.336
2024-01-09 18:00:00,-0.1789495,0,0,0,0,-14.6455
2024-01-09 19:00:00,-0.1975869,0,0,0,0,-14.791
2024-01-09 20:00:00,-0.1913058,0,0,0,0,-14.84055
2024-01-09 21:00:00,-0.1915648,0,0,0,0,-14.89933
2024-01-09 22:00:00,-0.01050584,0,0,0,0,-14.78683
2024-01-09 23:00:00,-0.1281479,0,0,0,0,-14.58883
2024-01-10 00:00:00,-0.04091273,0,0,0,0,-14.63667
2024-01-10 01:00:00,-0.1319159,0,0,0,0,-14.58417
2024-01-10 02:00:00,-0.09607059,0,0,0,0,-14.56534
2024-01-10 03:00:00,-0.1493538,0,0,0,0,-14.56217
2024-01-10 04:00:00,-0.03123843,0,0,0,0,-14.57817
2024-01-10 05:00:00,0.1465908,0,0,0,0,-14.418
2024-01-10 06:00:00,0.02666446,0,0,0,0,-14.54784
2024-01-10 07:00:00,6.61365,0,0,0,0,-14.66283
2024-01-10 08:00:00,65.22726,0,0,0,0,4.247
2024-01-10 09:00:00,161.6833,1.535,1.483333,1.243333,1.306666,111.629
2024-01-10 10:00:00,178.0555,47.615,46.35167,47.97167,47.48,185.4252
2024-01-10 11:00:00,206.1241,74.09,71.31166,72.68333,72.30332,275.6577
2024-01-10 12:00:00,406.9616,205.1067,180.3033,187.4417,181.6183,748.0299
2024-01-10 13:00:00,381.9711,646.7383,572.1801,599.7783,561.0133,2371.637
2024-01-10 14:00:00,255.6253,523.81,525.9533,534.0234,534.535,2111.261
2024-01-10 15:00:00,186.7638,291.9417,292.76,293.265,292.7867,1159.576
2024-01-10 16:00:00,50.96678,74.91335,75.08334,74.915,75.165,300.2105
2024-01-10 17:00:00,0.0929029,0,0,0,0,-15.046
2024-01-10 18:00:00,-0.115196,0,0,0,0,-14.40333
2024-01-10 19:00:00,-0.1629797,0,0,0,0,-14.533
2024-01-10 20:00:00,-0.02729685,0,0,0,0,-14.58633
2024-01-10 21:00:00,0.07633737,0,0,0,0,-14.6585
2024-01-10 22:00:00,-0.05664663,0,0,0,0,-14.48067
2024-01-10 23:00:00,-0.1043368,0,0,0,0,-14.581
2024-01-11 00:00:00,-0.04903438,0,0,0,0,-14.41145
2024-01-11 01:00:00,-0.1015929,0,0,0,0,-14.79817
2024-01-11 02:00:00,-0.241625,0,0,0,0,-14.8555
2024-01-11 03:00:00,-0.1688473,0,0,0,0,-14.89933
2024-01-11 04:00:00,-0.2197515,0,0,0,0,-14.85116
2024-01-11 05:00:00,-0.0302649,0,0,0,0,-14.84416
2024-01-11 06:00:00,-0.1266888,0,0,0,0,-14.86417
2024-01-11 07:00:00,7.766512,6.596667,6.84,7.231668,8.198333,35.28767
2024-01-11 08:00:00,126.0928,138.7,141.1833,143.11,145.735,557.7003
2024-01-11 09:00:00,183.8337,337.515,342.525,348.49,358.4933,1384.648
2024-01-11 10:00:00,226.4426,572.0667,575.9533,576.4183,585.79,2310.058
2024-01-11 11:00:00,233.0498,738.0366,747.535,747.8217,757.7583,2990.28
2024-01-11 12:00:00,329.1089,1061.843,1077.42,1076.195,1088.558,4308.907
2024-01-11 13:00:00,279.9327,785.0683,794.0083,790.1066,793.5217,3153.211
2024-01-11 14:00:00,224.2971,478.6683,482.03,481.2267,484.7683,1921.432
2024-01-11 15:00:00,96.88831,155.4633,155.285,153.5,153.68,603.491
2024-01-11 16:00:00,61.56149,71.68,71.83166,70.45333,70.03333,300.1648
2024-01-11 17:00:00,0.08841203,0,0,0,0,-14.62083
2024-01-11 18:00:00,-0.2033186,0,0,0,0,-14.52166
2024-01-11 19:00:00,-0.08433241,0,0,0,0,-14.54016
2024-01-11 20:00:00,-0.07298899,0,0,0,0,-14.50284
2024-01-11 21:00:00,-0.1082008,0,0,0,0,-14.48617
2024-01-11 22:00:00,-0.1675164,0,0,0,0,-14.49317
2024-01-11 23:00:00,-0.1410013,0,0,0,0,-14.44795
2024-01-12 00:00:00,-0.1676689,0,0,0,0,-14.753
2024-01-12 01:00:00,-0.1413764,0,0,0,0,-14.5275
2024-01-12 02:00:00,-0.09919645,0,0,0,0,-14.48883
2024-01-12 03:00:00,-0.1025105,0,0,0,0,-14.72733
2024-01-12 04:00:00,-0.1684407,0,0,0,0,-14.46367
2024-01-12 05:00:00,-0.1495233,0,0,0,0,-14.63267
2024-01-12 06:00:00,-0.135809,0,0,0,0,-14.68917
2024-01-12 07:00:00,7.153944,1.725,1.718333,2.163333,2.205,6.799665
2024-01-12 08:00:00,132.0312,156.2483,157.6066,157.355,159.06,618.4697
2024-01-12 09:00:00,182.6669,324.7583,331.145,337.55,345.445,1331.531
2024-01-12 10:00:00,297.9673,694.0233,736.695,754.2382,804.6434,2924.314
2024-01-12 11:00:00,251.1295,779.7883,794.87,796.3067,798.3817,3169.435
2024-01-12 12:00:00,270.4631,871.0166,878.7683,868.2666,866.1716,3475.521
2024-01-12 13:00:00,195.0258,522.415,511.16,494.8484,482.17,1988.06
2024-01-12 14:00:00,232.6004,428.9384,406.5733,384.7633,364.29,1571.823
2024-01-12 15:00:00,131.0659,198.545,185.4917,171.425,160.2983,701.6042
2024-01-12 16:00:00,20.59833,23.68834,23.62166,23.16167,23.41167,110.2872
2024-01-12 17:00:00,0.047392,0,0,0,0,-14.84216
2024-01-12 18:00:00,-0.1679999,0,0,0,0,-14.823
2024-01-12 19:00:00,-0.2985687,0,0,0,0,-14.56667
2024-01-12 20:00:00,-0.1785774,0,0,0,0,-14.695
2024-01-12 21:00:00,0.0470418,0,0,0,0,-14.78711
2024-01-12 22:00:00,0.1176599,0,0,0,0,-14.82117
2024-01-12 23:00:00,-0.0347738,0,0,0,0,-14.6425
2024-01-13 00:00:00,-0.1308507,0,0,0,0,-14.92266
2024-01-13 01:00:00,-0.1148925,0,0,0,0,-14.84583
2024-01-13 02:00:00,-0.1236217,0,0,0,0,-14.773
2024-01-13 03:00:00,-0.1822237,0,0,0,0,-14.7845
2024-01-13 04:00:00,-0.1074982,0,0,0,0,-14.71083
2024-01-13 05:00:00,-0.1632392,0,0,0,0,-14.84
2024-01-13 06:00:00,-0.1270346,0,0,0,0,-14.72435
2024-01-13 07:00:00,7.410068,0,0,0,0,-14.767
2024-01-13 08:00:00,21.52748,0,0,0,0,-14.7805
2024-01-13 09:00:00,70.82919,0,0,22.11667,42.18167,90.97951
2024-01-13 10:00:00,97.57991,11.13833,39.56667,76.91668,103.855,251.0453
2024-01-13 11:00:00,117.0648,86.46499,108.2617,154.905,210.8817,548.2392
2024-01-13 12:00:00,102.828,160.36,182.1767,233.1217,297.435,863.7125
2024-01-13 13:00:00,71.02122,93.16502,98.56667,117.915,146.1284,441.1219
2024-01-13 14:00:00,141.9627,193.9417,191.7784,220.855,260.805,852.2444
2024-01-13 15:00:00,51.14694,98.38166,98.27834,105.655,114.925,403.8812
2024-01-13 16:00:00,52.52886,72.62999,71.98166,74.82096,80.51998,302.0519
2024-01-13 17:00:00,0.2596875,0,0,0,0,-14.83434
2024-01-13 18:00:00,-0.0204516,0,0,0,0,-14.76933
2024-01-13 19:00:00,-0.09476671,0,0,0,0,-14.88367
2024-01-13 20:00:00,-0.01737883,0,0,0,0,-14.86234
2024-01-13 21:00:00,-0.2195139,0,0,0,0,-14.53034
2024-01-13 22:00:00,-0.2156015,0,0,0,0,-14.67083
2024-01-13 23:00:00,-0.1378166,0,0,0,0,-14.8625
2024-01-14 00:00:00,-0.09379274,0,0,0,0,-14.78383
2024-01-14 01:00:00,-0.2138536,0,0,0,0,-14.92183
2024-01-14 02:00:00,-0.306572,0,0,0,0,-14.8375
2024-01-14 03:00:00,-0.2607094,0,0,0,0,-14.78016
2024-01-14 04:00:00,-0.1180146,0,0,0,0,-14.70716
2024-01-14 05:00:00,-0.1924203,0,0,0,0,-14.60384
2024-01-14 06:00:00,-0.102519,0,0,0,0,-14.575
2024-01-14 07:00:00,9.19185,0,0,0,0,16.85433
2024-01-14 08:00:00,114.4235,144.485,143.905,141.2567,141.8533,563.0007
2024-01-14 09:00:00,231.3003,413.2133,409.4366,402.76,400.44,1616.95
2024-01-14 10:00:00,546.6078,1295.472,1257.698,1206.787,1172.803,4915.322
2024-01-14 11:00:00,392.1589,1189.478,1169.542,1143.1,1113.352,4597.856
2024-01-14 12:00:00,402.8224,1204.825,1240.307,1204.815,1173.222,4747.745
2024-01-14 13:00:00,607.9135,1553.237,1585.078,1582.953,1609.993,6301.596
2024-01-14 14:00:00,775.9271,1833.142,1854.48,1822.447,1827.07,7263.235
2024-01-14 15:00:00,661.2309,1400.587,1385.108,1359.857,1363.137,5488.686
2024-01-14 16:00:00,118.2795,210.3317,203.8533,208.9767,205.795,835.7448
2024-01-14 17:00:00,0.3687667,0,0,0,0,-14.96983
2024-01-14 18:00:00,-0.2191788,0,0,0,0,-14.55783
2024-01-14 19:00:00,-0.1464142,0,0,0,0,-14.43883
2024-01-14 20:00:00,-0.2268759,0,0,0,0,-14.39884
2024-01-14 21:00:00,-0.2502253,0,0,0,0,-14.385
2024-01-14 22:00:00,-0.1215329,0,0,0,0,-14.4385
2024-01-14 23:00:00,-0.193804,0,0,0,0,-14.48016
2024-01-15 00:00:00,-0.003351,0,0,0,0,-14.63883
2024-01-15 01:00:00,-0.0897207,0,0,0,0,-14.79583
2024-01-15 02:00:00,-0.1577861,0,0,0,0,-14.6488
2024-01-15 03:00:00,-0.1767235,0,0,0,0,-14.79717
2024-01-15 04:00:00,-0.1424185,0,0,0,0,-14.7348
2024-01-15 05:00:00,0.1085387,0,0,0,0,-14.75016
2024-01-15 06:00:00,-0.1926988,0,0,0,0,-14.5265
2024-01-15 07:00:00,10.26036,3.678333,3.755,3.713332,3.956667,28.04566
2024-01-15 08:00:00,100.0323,132.6833,134.8833,136.1317,139.665,530.0245
2024-01-15 09:00:00,156.7337,289.6683,292.62,295.7,301.645,1169.988
2024-01-15 10:00:00,190.479,468.0183,477.3733,487.34,503.0467,1927.741
2024-01-15 11:00:00,186.9476,571.97,593.5167,610.7033,635.61,2404.704
2024-01-15 12:00:00,211.7968,681.605,703.5217,714.345,733.6617,2823.435
2024-01-15 13:00:00,252.4534,690.0067,702.0683,700.865,708.2783,2790.945
2024-01-15 14:00:00,195.4048,415.8217,427.835,434.0183,446.1417,1712.434
2024-01-15 15:00:00,162.0801,256.3417,261.1683,262.1383,268.4467,1034.148
2024-01-15 16:00:00,46.11545,61.39333,62.42166,62.51,65.00333,262.7997
2024-01-15 17:00:00,0.1251737,0,0,0,0,-14.83383
2024-01-15 18:00:00,-0.06324821,0,0,0,0,-14.939
2024-01-15 19:00:00,-0.0728049,0,0,0,0,-14.56183
2024-01-15 20:00:00,-0.0370713,0,0,0,0,-14.65866
2024-01-15 21:00:00,0.0141673,0,0,0,0,-14.80617
2024-01-15 22:00:00,-0.02679602,0,0,0,0,-14.7185
2024-01-15 23:00:00,-0.1237291,0,0,0,0,-14.91566
2024-01-16 00:00:00,-0.1131884,0,0,0,0,-14.83717
2024-01-16 01:00:00,-0.1172875,0,0,0,0,-14.92266
2024-01-16 02:00:00,-0.01751285,0,0,0,0,-14.85233
2024-01-16 03:00:00,-0.1302057,0,0,0,0,-14.8465
2024-01-16 04:00:00,-0.05248823,0,0,0,0,-14.7565
2024-01-16 05:00:00,-0.1536486,0,0,0,0,-14.69
2024-01-16 06:00:00,0.03589364,0,0,0,0,-14.76217
2024-01-16 07:00:00,12.10373,3.748333,2.845,3.056668,5.188333,36.42747
2024-01-16 08:00:00,168.5666,196.8383,195.9617,195.3,200.79,777.6097
2024-01-16 09:00:00,194.8187,356.465,357.9066,362.345,370.4933,1441.509
2024-01-16 10:00:00,263.0791,662.2783,662.4517,663.175,665.59,2652.029
2024-01-16 11:00:00,391.5093,1158.978,1169.386,1157.203,1159.897,4619.666
2024-01-16 12:00:00,255.4972,794.5716,798.4916,788.135,803.4567,3170.696
2024-01-16 13:00:00,128.3574,370.93,374.0667,370.6667,371.8617,1477.776
2024-01-16 14:00:00,93.56239,227.0133,229.39,227.66,229.1517,899.9414
2024-01-16 15:00:00,36.49102,87.48666,88.17501,87.24501,88.39168,336.668
2024-01-16 16:00:00,15.72683,25.44,25.44834,24.70167,25.295,116.047
2024-01-16 17:00:00,0.02666227,0,0,0,0,-14.71216
2024-01-16 18:00:00,-0.0986605,0,0,0,0,-14.6075
2024-01-16 19:00:00,-0.2259242,0,0,0,0,-14.719
2024-01-16 20:00:00,-0.1329659,0,0,0,0,-14.54117
2024-01-16 21:00:00,-0.117691,0,0,0,0,-14.56167
2024-01-16 22:00:00,-0.1037727,0,0,0,0,-14.54467
2024-01-16 23:00:00,0.07319567,0,0,0,0,-14.4975
2024-01-17 00:00:00,-0.07349835,0,0,0,0,-14.38933
2024-01-17 01:00:00,-0.005372467,0,0,0,0,-14.34534
2024-01-17 02:00:00,-0.1245805,0,0,0,0,-14.44117
2024-01-17 03:00:00,0.0173695,0,0,0,0,-14.9425
2024-01-17 04:00:00,-0.07088231,,,,,
2024-01-17 05:00:00,-0.08834603,0,0,0,0,-15.78933
2024-01-17 06:00:00,-0.07521643,0,0,0,0,-15.29834
2024-01-17 07:00:00,12.39107,0,0,0,0,14.82183
2024-01-17 08:00:00,144.9076,172.03,175.405,174.945,176.8367,691.2358
2024-01-17 09:00:00,143.5243,254.6417,260.0983,265.9867,272.8367,1043.53
2024-01-17 10:00:00,171.7092,423.8434,427.8417,428,431.61,1697.404
2024-01-17 11:00:00,168.8703,521.7484,528.9317,526.8367,531.91,2101.781
2024-01-17 12:00:00,138.3955,443.43,448.685,446.485,449.5767,1776.45
2024-01-17 13:00:00,135.4445,402.1417,416.3867,423.0266,435.85,1669.054
2024-01-17 14:00:00,183.0425,412.43,437.7133,456.4083,480.9667,1782.644
2024-01-17 15:00:00,252.1695,400.7583,426.24,435.87,454.6866,1707.135
2024-01-17 16:00:00,60.23307,79.98999,83.88,86.21667,90.00165,351.3552
2024-01-17 17:00:00,0.1080015,0,0,0,0,-14.66
2024-01-17 18:00:00,-0.09512552,0,0,0,0,-14.87267
2024-01-17 19:00:00,-0.1171236,0,0,0,0,-14.6365
2024-01-17 20:00:00,-0.1673497,0,0,0,0,-14.55317
2024-01-17 21:00:00,-0.1984129,0,0,0,0,-14.54967
2024-01-17 22:00:00,-0.110922,0,0,0,0,-14.6405
2024-01-17 23:00:00,-0.1848726,0,0,0,0,-14.58333
2024-01-18 00:00:00,-0.1240739,0,0,0,0,-14.5405
2024-01-18 01:00:00,-0.1220998,0,0,0,0,-14.54783
2024-01-18 02:00:00,-0.1717372,0,0,0,0,-14.63134
2024-01-18 03:00:00,-0.1572568,0,0,0,0,-14.52483
2024-01-18 04:00:00,-0.1320596,0,0,0,0,-14.473
2024-01-18 05:00:00,-0.1216996,0,0,0,0,-14.59067
2024-01-18 06:00:00,-0.1826172,0,0,0,0,-14.62817
2024-01-18 07:00:00,13.40475,2.915,2.875,2.608332,2.51,17.86017
2024-01-18 08:00:00,104.0765,137.6017,137.7316,136.18,136.795,534.352
2024-01-18 09:00:00,169.5168,307.9817,308.4533,307.7867,307.955,1221.994
2024-01-18 10:00:00,209.247,516.6866,519.055,516.3367,516.6583,2060.641
2024-01-18 11:00:00,205.0825,633.125,636.77,629.96,629.7733,2518.453
2024-01-18 12:00:00,235.4423,756.455,761.8633,752.2467,751.69,3009.403
2024-01-18 13:00:00,194.0328,534.17,538.3017,531.1533,530.0917,2119.447
2024-01-18 14:00:00,111.5716,244.9217,247.045,244.2983,244.6417,965.9062
2024-01-18 15:00:00,108.4292,187.9867,189.395,186.7917,187.2733,735.679
2024-01-18 16:00:00,29.82886,44.505,44.41667,42.98666,43.33,179.5388
2024-01-18 17:00:00,0.05714173,0,0,0,0,-14.80583
2024-01-18 18:00:00,-0.1038962,0,0,0,0,-14.53383
2024-01-18 19:00:00,-0.01264482,0,0,0,0,-14.59
2024-01-18 20:00:00,-0.1987276,0,0,0,0,-14.88233
2024-01-18 21:00:00,-0.1782318,0,0,0,0,-14.59589
2024-01-18 22:00:00,-0.1995618,0,0,0,0,-14.803
2024-01-18 23:00:00,-0.2312321,0,0,0,0,-14.379
2024-01-19 00:00:00,-0.1261958,0,0,0,0,-14.79717
2024-01-19 01:00:00,-0.2032587,0,0,0,0,-14.77533
2024-01-19 02:00:00,-0.2233957,0,0,0,0,-14.7205
2024-01-19 03:00:00,-0.17988,0,0,0,0,-14.7045
2024-01-19 04:00:00,-0.08431337,0,0,0,0,-14.6685
2024-01-19 05:00:00,-0.02350547,0,0,0,0,-14.61067
2024-01-19 06:00:00,-0.1490008,0,0,0,0,-14.50817
2024-01-19 07:00:00,5.153707,0,0,0,0,-9.082293
2024-01-19 08:00:00,27.09777,54.53833,54.16833,54.00168,54.56833,249.2373
2024-01-19 09:00:00,93.57799,186.7016,187.9383,187.315,188.1017,735.4897
2024-01-19 10:00:00,265.641,636.05,641.055,644.3134,649.66,2561.828
2024-01-19 11:00:00,410.1273,1141.622,1139.32,1104.777,1088.452,4436.664
2024-01-19 12:00:00,282.117,830.3233,847.6266,831.2817,833.0133,3299.99
2024-01-19 13:00:00,222.898,572.7333,571.7117,563.0383,562.6967,2251.309
2024-01-19 14:00:00,290.4819,626.4316,634.9449,631.0999,640.45,2519.877
2024-01-19 15:00:00,140.3989,213.855,214.5,210.63,209.9283,832.067
2024-01-19 16:00:00,32.29327,42.68501,42.89666,41.37499,41.30334,182.828
2024-01-19 17:00:00,0.07849013,0,0,0,0,-14.55634
2024-01-19 18:00:00,-0.190425,0,0,0,0,-14.609
2024-01-19 19:00:00,-0.09365331,0,0,0,0,-14.46933
2024-01-19 20:00:00,-0.183155,0,0,0,0,-14.532
2024-01-19 21:00:00,-0.1071513,0,0,0,0,-14.5395
2024-01-19 22:00:00,-0.12896,0,0,0,0,-14.48283
2024-01-19 23:00:00,-0.1997875,0,0,0,0,-14.52217
2024-01-20 00:00:00,-0.1118443,0,0,0,0,-14.62033
2024-01-20 01:00:00,-0.1631159,0,0,0,0,-14.62766
2024-01-20 02:00:00,-0.0193932,0,0,0,0,-14.62566
2024-01-20 03:00:00,-0.09791419,0,0,0,0,-14.55656
2024-01-20 04:00:00,-0.1213302,0,0,0,0,-14.50883
2024-01-20 05:00:00,-0.167525,0,0,0,0,-14.56234
2024-01-20 06:00:00,-0.1928965,0,0,0,0,-14.5915
2024-01-20 07:00:00,18.2015,4.955,4.92,3.976667,3.993332,33.97699
2024-01-20 08:00:00,19.55113,46.25167,46.43333,45.43333,45.81167,194.1027
2024-01-20 09:00:00,41.04606,102.6083,101.2783,100.8117,100.73,390.5139
2024-01-20 10:00:00,124.7723,317.325,317.8317,316.0383,316.015,1255.88
2024-01-20 11:00:00,131.3839,391.3417,391.1433,384.9367,382.9384,1534.482
2024-01-20 12:00:00,188.7622,598.085,606.86,604.3017,607.1083,2401.19
2024-01-20 13:00:00,291.4259,786.9999,788.9667,793.1484,800.065,3139.457
2024-01-20 14:00:00,220.6872,487.3383,465.7083,474.41,471.3083,1883.813
2024-01-20 15:00:00,153.9238,250.7233,252.7834,249.8183,250.345,986.9772
2024-01-20 16:00:00,38.11412,54.17501,54.38332,52.75333,53.16999,219.6393
2024-01-20 17:00:00,0.2432437,0,0,0,0,-14.7045
2024-01-20 18:00:00,-0.07777622,0,0,0,0,-14.74366
2024-01-20 19:00:00,-0.08407041,0,0,0,0,-14.608
2024-01-20 20:00:00,-0.03571637,0,0,0,0,-14.62992
2024-01-20 21:00:00,-0.01690833,0,0,0,0,-14.62
2024-01-20 22:00:00,-0.01216943,0,0,0,0,-14.56614
2024-01-20 23:00:00,-0.1037264,0,0,0,0,-14.502
2024-01-21 00:00:00,-0.1415045,0,0,0,0,-14.584
2024-01-21 01:00:00,-0.1708986,0,0,0,0,-14.5795
2024-01-21 02:00:00,-0.1905238,0,0,0,0,-14.57717
2024-01-21 03:00:00,-0.08710321,0,0,0,0,-14.61733
2024-01-21 04:00:00,-0.1160066,0,0,0,0,-14.5855
2024-01-21 05:00:00,-0.09280556,0,0,0,0,-14.54066
2024-01-21 06:00:00,-0.09655763,0,0,0,0,-14.89617
2024-01-21 07:00:00,22.9621,16.69834,16.12333,14.995,15.03,71.088
2024-01-21 08:00:00,289.4601,299.43,301.3867,297.245,297.5167,1184.001
2024-01-21 09:00:00,193.8957,324.98,325.6533,325.9433,325.1667,1287.879
2024-01-21 10:00:00,244.0926,623.9667,643.4634,638.7616,640.5217,2546.99
2024-01-21 11:00:00,219.75,640.4783,641.2833,624.115,621.46,2509.728
2024-01-21 12:00:00,287.8942,876.3516,881.3367,857.8067,849.15,3438.09
2024-01-21 13:00:00,364.3238,954.1983,960.2817,944.0749,934.9933,3809.906
2024-01-21 14:00:00,191.2,406.475,411.14,410.0367,412.435,1627.819
2024-01-21 15:00:00,62.5081,131.1567,132.63,132.1333,133.69,514.1093
2024-01-21 16:00:00,7.521365,4.361668,4.505,4.478333,5.433332,41.22883
2024-01-21 17:00:00,0.1708193,0,0,0,0,-14.46483
2024-01-21 18:00:00,0.01337657,0,0,0,0,-14.47684
2024-01-21 19:00:00,-0.004489333,0,0,0,0,-14.567
2024-01-21 20:00:00,0.0353426,0,0,0,0,-14.61617
2024-01-21 21:00:00,-0.0007898667,0,0,0,0,-14.57
2024-01-21 22:00:00,-0.002822167,0,0,0,0,-14.60117
2024-01-21 23:00:00,-0.07365431,0,0,0,0,-14.70517
2024-01-22 00:00:00,-0.1435442,0,0,0,0,-14.64167
2024-01-22 01:00:00,-0.183844,0,0,0,0,-14.65884
2024-01-22 02:00:00,-0.1803211,0,0,0,0,-14.45934
2024-01-22 03:00:00,-0.2665391,0,0,0,0,-14.40217
2024-01-22 04:00:00,-0.2042028,0,0,0,0,-14.55517
2024-01-22 05:00:00,-0.140334,0,0,0,0,-14.56717
2024-01-22 06:00:00,-0.1412484,0,0,0,0,-14.48504
2024-01-22 07:00:00,24.58808,12.06167,12.21333,11.92667,12.11833,57.29782
2024-01-22 08:00:00,253.2401,289.605,296.0616,298.7484,299.5367,1183.115
2024-01-22 09:00:00,599.3741,1314.803,1323.688,1328.937,1333.518,5251.304
2024-01-22 10:00:00,602.1556,1469.072,1435.353,1372.71,1407.517,5730.212
2024-01-22 11:00:00,412.4108,1138.15,1158.947,1146.78,1128.597,4542.472
2024-01-22 12:00:00,212.6146,649.2817,658.3683,653.9117,657.8883,2599.585
2024-01-22 13:00:00,175.2048,476.4384,487.875,487.155,489.27,1927.583
2024-01-22 14:00:00,463.3232,1021.05,1015.167,978.59,961.3299,3944.116
2024-01-22 15:00:00,327.3911,556.4218,576.1633,593.3699,609.4783,2313.985
2024-01-22 16:00:00,118.5473,143.9183,141.9817,135.0233,131.9,561.1615
2024-01-22 17:00:00,0.2507915,0,0,0,0,-14.56783
2024-01-22 18:00:00,-0.08594726,0,0,0,0,-14.60867
2024-01-22 19:00:00,-0.2171589,0,0,0,0,-14.70483
2024-01-22 20:00:00,-0.2813521,0,0,0,0,-14.651
2024-01-22 21:00:00,-0.1945185,0,0,0,0,-14.63
2024-01-22 22:00:00,-0.1716744,0,0,0,0,-14.54
2024-01-22 23:00:00,-0.240367,0,0,0,0,-14.40317
2024-01-23 00:00:00,-0.2205132,0,0,0,0,-14.799
2024-01-23 01:00:00,-0.196376,0,0,0,0,-14.81583
2024-01-23 02:00:00,-0.08811793,0,0,0,0,-14.87883
2024-01-23 03:00:00,-0.1804897,0,0,0,0,-14.83467
2024-01-23 04:00:00,-0.1313238,0,0,0,0,-14.678
2024-01-23 05:00:00,-0.2011542,0,0,0,0,-14.61267
2024-01-23 06:00:00,-0.1145401,0,0,0,0,-14.62383
2024-01-23 07:00:00,26.60237,9.165,8.195,8.015,10.345,38.62216
2024-01-23 08:00:00,191.7409,250.215,266.1483,300.9817,342.1967,1170.906
2024-01-23 09:00:00,225.2355,404.4883,403.22,419.6367,455.0616,1675.76
2024-01-23 10:00:00,427.1412,883.1334,965.2484,1010.883,998.7551,3856.555
2024-01-23 11:00:00,212.3879,596.1167,751.91,939.3717,997.3516,3281.304
2024-01-23 12:00:00,364.034,1093.733,988.7299,960.8098,991.4734,4032.677
2024-01-23 13:00:00,601.2463,1611.87,1650.517,1607.365,1604.705,6414.151
2024-01-23 14:00:00,604.9956,1354.892,1448.565,1515.677,1599.578,5880.014
2024-01-23 15:00:00,559.2627,1039.608,1056.582,1084.26,1120.088,4267.504
2024-01-23 16:00:00,88.73774,112.3667,112.685,110.8933,111.3066,453.4158
2024-01-23 17:00:00,0.5523793,0,0,0,0,-14.49928
2024-01-23 18:00:00,-0.208166,0,0,0,0,-14.64088
2024-01-23 19:00:00,-0.221522,0,0,0,0,-14.51917
2024-01-23 20:00:00,-0.1988495,0,0,0,0,-14.58
2024-01-23 21:00:00,-0.1688558,0,0,0,0,-14.564
2024-01-23 22:00:00,-0.2055326,0,0,0,0,-14.5515
2024-01-23 23:00:00,-0.1811704,0,0,0,0,-14.53883
2024-01-24 00:00:00,-0.1120621,0,0,0,0,-14.5575
2024-01-24 01:00:00,-0.1363311,0,0,0,0,-14.5575
2024-01-24 02:00:00,-0.141785,0,0,0,0,-14.63667
2024-01-24 03:00:00,-0.1795707,0,0,0,0,-14.5545
2024-01-24 04:00:00,-0.1931623,0,0,0,0,-14.61483
2024-01-24 05:00:00,-0.2441579,0,0,0,0,-14.55933
2024-01-24 06:00:00,-0.2009586,0,0,0,0,-14.7625
2024-01-24 07:00:00,15.05231,2.111667,2.16,1.538333,1.938334,16.25983
2024-01-24 08:00:00,56.97031,93.98998,96.41666,97.73832,100.5167,377.939
2024-01-24 09:00:00,169.9367,296.845,298.525,300.725,302.9,1197.537
2024-01-24 10:00:00,204.7618,481.815,488.4267,489.2983,488.0983,1925.946
2024-01-24 11:00:00,213.2013,546.7249,570.1733,555.1818,538.5367,2190.95
2024-01-24 12:00:00,133.9107,407.795,419.8233,421.6166,434.3567,1670.206
2024-01-24 13:00:00,115.5022,332.735,347.1583,349.3784,366.7867,1362.084
2024-01-24 14:00:00,115.991,251.6633,256.4817,257.5616,261.7783,1012.312
2024-01-24 15:00:00,187.2233,288.295,291.2667,289.205,290.6667,1144.357
2024-01-24 16:00:00,60.09767,88.29835,88.44166,87.37167,88.02669,342.6815
2024-01-24 17:00:00,1.60042,0,0,0,0,-6.022832
2024-01-24 18:00:00,-0.1454445,0,0,0,0,-14.43033
2024-01-24 19:00:00,-0.2276121,0,0,0,0,-14.55769
2024-01-24 20:00:00,-0.1890617,0,0,0,0,-14.62583
2024-01-24 21:00:00,-0.0392138,0,0,0,0,-14.61135
2024-01-24 22:00:00,-0.2903711,0,0,0,0,-14.6195
2024-01-24 23:00:00,-0.1139994,0,0,0,0,-14.506
2024-01-25 00:00:00,-0.1217401,0,0,0,0,-14.42627
2024-01-25 01:00:00,-0.1568341,0,0,0,0,-14.62484
2024-01-25 02:00:00,-0.2708242,0,0,0,0,-14.66566
2024-01-25 03:00:00,-0.1217518,0,0,0,0,-14.69567
2024-01-25 04:00:00,-0.2087834,0,0,0,0,-14.633
2024-01-25 05:00:00,-0.1980256,0,0,0,0,-14.69767
2024-01-25 06:00:00,-0.1972619,0,0,0,0,-14.5445
2024-01-25 07:00:00,40.26794,25.28666,26.01667,29.62833,30.76501,135.2078
2024-01-25 08:00:00,576.0438,755.19,703.0499,699.6833,671.5034,2856.233
2024-01-25 09:00:00,700.5663,1370.896,1303.848,1315.267,1363.833,5340.525
2024-01-25 10:00:00,604.9432,1536.852,1672.8,1691.338,1633.437,6502.968
2024-01-25 11:00:00,578.3711,1613.46,1665.065,1578.497,1438.195,6283.091
2024-01-25 12:00:00,510.3484,1488.052,1501.69,1525.98,1531.507,5971.741
2024-01-25 13:00:00,423.6046,1135.685,1130.985,1153.382,1167.743,4541.548
2024-01-25 14:00:00,718.3552,1648.555,1673.261,1644.995,1650.94,6555.585
2024-01-25 15:00:00,646.5807,1315.878,1304.774,1273.265,1277.942,5126.117
2024-01-25 16:00:00,144.6011,191.225,189.3117,188.8033,187.5983,766.9443
2024-01-25 17:00:00,1.214996,0,0,0,0,-12.2
2024-01-25 18:00:00,-0.2104478,0,0,0,0,-14.27017
2024-01-25 19:00:00,-0.1622502,0,0,0,0,-14.34767
2024-01-25 20:00:00,-0.2110898,0,0,0,0,-14.36517
2024-01-25 21:00:00,-0.1844382,0,0,0,0,-14.387
2024-01-25 22:00:00,-0.1162695,0,0,0,0,-14.47583
2024-01-25 23:00:00,-0.2174355,0,0,0,0,-14.53167
2024-01-26 00:00:00,-0.1703726,0,0,0,0,-14.61379
2024-01-26 01:00:00,-0.1931906,0,0,0,0,-14.65817
2024-01-26 02:00:00,-0.2057706,0,0,0,0,-14.68616
2024-01-26 03:00:00,-0.1815021,0,0,0,0,-14.69948
2024-01-26 04:00:00,-0.03192516,0,0,0,0,-14.64867
2024-01-26 05:00:00,-0.2002699,0,0,0,0,-14.48683
2024-01-26 06:00:00,-0.1697977,0,0,0,0,-14.61067
2024-01-26 07:00:00,2.535621,0,0,0,0,-2.737833
2024-01-26 08:00:00,36.2529,65.16666,64.34666,62.60666,62.90166,291.2528
2024-01-26 09:00:00,121.3199,242.2784,242.5283,243.9967,244.935,955.3965
2024-01-26 10:00:00,126.9533,311.86,311.3517,309.82,309.19,1230.053
2024-01-26 11:00:00,138.1505,415.5733,417.555,412.465,411.3766,1645.229
2024-01-26 12:00:00,150.9747,482.375,486.51,480.3433,479.8133,1921.713
2024-01-26 13:00:00,102.4256,295.6334,294.9317,289.0783,286.5417,1154.817
2024-01-26 14:00:00,81.6571,185.5417,185.9516,184.565,184.5184,727.4113
2024-01-26 15:00:00,43.74334,102.9983,102.51,100.6967,100.2083,390.96
2024-01-26 16:00:00,21.60611,44.18667,43.66667,42.18333,41.92167,171.1328
2024-01-26 17:00:00,0.4683049,0,0,0,0,-14.43884
2024-01-26 18:00:00,-0.1205985,0,0,0,0,-14.35384
2024-01-26 19:00:00,-0.04803575,0,0,0,0,-14.38216
2024-01-26 20:00:00,-0.1117806,0,0,0,0,-14.4275
2024-01-26 21:00:00,-0.2057576,0,0,0,0,-14.66033
2024-01-26 22:00:00,-0.163112,0,0,0,0,-14.62784
2024-01-26 23:00:00,-0.1824876,0,0,0,0,-14.69983
2024-01-27 00:00:00,-0.212324,0,0,0,0,-14.753
2024-01-27 01:00:00,-0.2650418,0,0,0,0,-14.62667
2024-01-27 02:00:00,-0.2701538,0,0,0,0,-14.62717
2024-01-27 03:00:00,-0.1811013,0,0,0,0,-14.61533
2024-01-27 04:00:00,-0.2544207,0,0,0,0,-14.59883
2024-01-27 05:00:00,-0.1604395,0,0,0,0,-14.51917
2024-01-27 06:00:00,-0.2017853,0,0,0,0,-14.377
2024-01-27 07:00:00,17.81382,4.906668,4.915,4.871667,4.935,31.96599
2024-01-27 08:00:00,392.3155,453.7667,468.6117,482.7834,479.8567,1966.509
2024-01-27 09:00:00,405.015,756.6218,753.9967,742.33,731.8984,2974.608
2024-01-27 10:00:00,163.4678,392.44,393.8083,392.9333,393.1833,1557.655
2024-01-27 11:00:00,173.5669,506.6667,510.9033,507.2784,508.4883,2019
2024-01-27 12:00:00,192.5864,592.405,597.15,589.6567,588.47,2355.122
2024-01-27 13:00:00,158.6669,444.2667,449.61,445.54,445.5883,1767.913
2024-01-27 14:00:00,169.2915,379.1,373.4017,363.7416,357.6733,1449.509
2024-01-27 15:00:00,42.60951,101.0983,101.775,101.1817,101.945,389.108
2024-01-27 16:00:00,24.94796,38.29499,38.6,36.90834,37.13167,190.8862
2024-01-27 17:00:00,0.1810869,0,0,0,0,-14.2825
2024-01-27 18:00:00,-0.2213421,0,0,0,0,-14.30567
2024-01-27 19:00:00,-0.1634197,0,0,0,0,-14.54733
2024-01-27 20:00:00,-0.1366539,0,0,0,0,-14.73783
2024-01-27 21:00:00,-0.1912215,0,0,0,0,-14.644
2024-01-27 22:00:00,-0.2779941,0,0,0,0,-14.596
2024-01-27 23:00:00,-0.1535402,0,0,0,0,-14.68868
2024-01-28 00:00:00,-0.2149527,0,0,0,0,-14.693
2024-01-28 01:00:00,-0.1888532,0,0,0,0,-14.653
2024-01-28 02:00:00,-0.3564893,0,0,0,0,-14.55
2024-01-28 03:00:00,-0.1465636,0,0,0,0,-14.51267
2024-01-28 04:00:00,-0.2579278,0,0,0,0,-14.42117
2024-01-28 05:00:00,-0.1750617,0,0,0,0,-14.365
2024-01-28 06:00:00,-0.08259572,0,0,0,0,-14.407
2024-01-28 07:00:00,59.27749,55.515,55.41668,57.18666,57.37167,232.821
2024-01-28 08:00:00,496.2355,615.7651,622.0149,636.7066,618.0583,2519.25
2024-01-28 09:00:00,767.5496,1680.713,1699.965,1684.523,1683.487,6708.609
2024-01-28 10:00:00,683.575,1676.235,1688.912,1673.273,1673.896,6644.551
2024-01-28 11:00:00,565.3391,1562.57,1575.523,1559.91,1557.558,6201.412
2024-01-28 12:00:00,539.4426,1552.162,1568.177,1548.385,1543.815,6154.953
2024-01-28 13:00:00,629.9875,1651.488,1667.74,1649.085,1652.077,6543.51
2024-01-28 14:00:00,597.2607,1363.54,1375.612,1354.45,1357.423,5367.919
2024-01-28 15:00:00,400.274,665.8484,671.0568,661.13,660.7584,2619.215
2024-01-28 16:00:00,101.1566,138.1933,139.6817,137.96,138.6733,537.3157
2024-01-28 17:00:00,2.669669,0,0,0,0,-1.364167
2024-01-28 18:00:00,-0.2237033,0,0,0,0,-14.2745
2024-01-28 19:00:00,-0.1513297,0,0,0,0,-14.25333
2024-01-28 20:00:00,-0.2235392,0,0,0,0,-14.36467
2024-01-28 21:00:00,-0.1720429,0,0,0,0,-14.3575
2024-01-28 22:00:00,-0.1298244,0,0,0,0,-14.33928
2024-01-28 23:00:00,-0.1931401,0,0,0,0,-14.40417
2024-01-29 00:00:00,-0.1748316,0,0,0,0,-14.46067
2024-01-29 01:00:00,-0.2359874,0,0,0,0,-14.5145
2024-01-29 02:00:00,-0.1930334,0,0,0,0,-14.574
2024-01-29 03:00:00,-0.1284275,0,0,0,0,-14.54383
2024-01-29 04:00:00,-0.1279992,0,0,0,0,-14.4665
2024-01-29 05:00:00,-0.196222,0,0,0,0,-14.42383
2024-01-29 06:00:00,-0.1308827,0,0,0,0,-14.65567
2024-01-29 07:00:00,70.08872,39.19666,38.69333,42.35334,42.97667,175.4378
2024-01-29 08:00:00,629.3063,837.6684,815.4916,882.4482,859.98,3481.8
2024-01-29 09:00:00,824.3218,1899.462,1921.55,1905.075,1905.792,7594.323
2024-01-29 10:00:00,716.5714,1762.838,1774.91,1762.197,1764.017,7007.905
2024-01-29 11:00:00,585.2687,1614.755,1627.687,1613.714,1613.458,6406.521
2024-01-29 12:00:00,555.2891,1592.255,1608.565,1589.063,1585.83,6309.864
2024-01-29 13:00:00,630.0705,1667.298,1685.575,1663.555,1664.1,6600.871
2024-01-29 14:00:00,788.6249,1846.332,1870.307,1842.597,1848.832,7317.578
2024-01-29 15:00:00,782.02,1729.662,1745.589,1711.415,1717.468,6801.168
2024-01-29 16:00:00,112.0594,140.7183,138.935,135.0017,133.9283,548.9485
2024-01-29 17:00:00,1.775237,0,0,0,0,-6.2845
2024-01-29 18:00:00,-0.1953659,0,0,0,0,-14.38217
2024-01-29 19:00:00,-0.2673495,0,0,0,0,-14.53833
2024-01-29 20:00:00,-0.1535344,0,0,0,0,-14.57417
2024-01-29 21:00:00,-0.1694948,0,0,0,0,-14.64533
2024-01-29 22:00:00,-0.1848233,0,0,0,0,-14.43467
2024-01-29 23:00:00,0.0134212,0,0,0,0,-14.45617
2024-01-30 00:00:00,-0.2801237,0,0,0,0,-14.47917
2024-01-30 01:00:00,-0.2099777,0,0,0,0,-14.62183
2024-01-30 02:00:00,-0.1568508,0,0,0,0,-14.6145
2024-01-30 03:00:00,-0.2814156,0,0,0,0,-14.58084
2024-01-30 04:00:00,-0.1963345,0,0,0,0,-14.58267
2024-01-30 05:00:00,-0.1455223,0,0,0,0,-14.51583
2024-01-30 06:00:00,-0.1603725,0,0,0,0,-14.45767
2024-01-30 07:00:00,5.7172,0.2916667,0.4066668,0.29,0.2916667,9.144165
2024-01-30 08:00:00,59.84289,104.91,105.0367,104.4783,105.1367,405.1028
2024-01-30 09:00:00,204.6635,391.1017,397.71,402.665,408.8817,1583.968
2024-01-30 10:00:00,418.6758,1070.187,1078.105,1073.57,1074.84,4285.252
2024-01-30 11:00:00,549.4639,1568.92,1582.365,1564.74,1563.472,6212.866
2024-01-30 12:00:00,562.962,1634.952,1652.977,1632.845,1635.6,6501.865
2024-01-30 13:00:00,608.2919,1618.76,1616.132,1586.658,1582.792,6388.214
2024-01-30 14:00:00,654.811,1606.325,1653.656,1676.052,1723.562,6575.141
2024-01-30 15:00:00,766.8035,1712.342,1731.141,1702.528,1718.038,6775.513
2024-01-30 16:00:00,106.3531,144.7883,143.91,142.4233,143.8133,576.215
2024-01-30 17:00:00,2.088969,0,0,0,0,-4.552833
2024-01-30 18:00:00,-0.1492007,0,0,0,0,-14.52217
2024-01-30 19:00:00,-0.1424522,0,0,0,0,-14.40133
2024-01-30 20:00:00,-0.1602884,0,0,0,0,-14.475
2024-01-30 21:00:00,-0.1446739,0,0,0,0,-14.61383
2024-01-30 22:00:00,0.2531469,0,0,0,0,-14.56166
2024-01-30 23:00:00,-0.1562513,0,0,0,0,-14.615
2024-01-31 00:00:00,-0.08161052,0,0,0,0,-14.4825
2024-01-31 01:00:00,-0.09531303,0,0,0,0,-14.42833
2024-01-31 02:00:00,0.04113841,0,0,0,0,-14.4625
2024-01-31 03:00:00,-0.04585463,0,0,0,0,-14.46883
2024-01-31 04:00:00,-0.02377297,0,0,0,0,-14.46167
2024-01-31 05:00:00,-0.06423081,0,0,0,0,-14.47217
2024-01-31 06:00:00,-0.1619624,0,0,0,0,-14.49899
2024-01-31 07:00:00,16.98594,6.965,6.94,6.236668,6.283332,54.43451
2024-01-31 08:00:00,42.09781,82.69666,82.05834,80.69999,80.55332,311.5225
2024-01-31 09:00:00,55.98361,139.715,139.0917,138.9683,139.0267,542.48
2024-01-31 10:00:00,126.7803,311.855,313.725,314.2417,316.5833,1247.286
2024-01-31 11:00:00,194.5179,551.0983,554.6067,550.0283,551.795,2231.417
2024-01-31 12:00:00,164.0677,514.08,517.7933,509.82,507.7967,2035.224
2024-01-31 13:00:00,174.0096,465.135,466.6533,457.81,453.0966,1825.545
2024-01-31 14:00:00,182.707,405.1117,410.4316,408.43,408.5417,1617.839
2024-01-31 15:00:00,239.3339,384.9017,392.5216,391.9733,394.7466,1543.579
2024-01-31 16:00:00,178.3954,230.7733,233.2067,230.345,231.1416,912.4842
2024-01-31 17:00:00,3.863537,5.053332,4.891667,4.678332,4.665,15.18567
2024-01-31 18:00:00,-0.189437,0,0,0,0,-14.65666
2024-01-31 19:00:00,-0.1198301,0,0,0,0,-14.68834
2024-01-31 20:00:00,-0.1833046,0,0,0,0,-14.69967
2024-01-31 21:00:00,-0.01951683,0,0,0,0,-14.45583
2024-01-31 22:00:00,-0.188334,0,0,0,0,-14.6765
2024-01-31 23:00:00,-0.2129856,0,0,0,0,-14.66317
