Monroe Moore Farm,Unnamed: 1,Unnamed: 2,Unnamed: 3,Unnamed: 4,Unnamed: 5,Unnamed: 6,Unnamed: 7,Unnamed: 8
,,,,,,,,
Timestamp,POA*,"SMA 800 CP-US - A1, Pac","SMA 800 CP-US - A2, Pac","SMA 800 CP-US - B1, Pac","SMA 800 CP-US - B2, Pac","SMA 800 CP-US - C1, Pac","SMA 800 CP-US - C2, Pac",Production meter active power
,W/mÂ²,kW,kW,kW,kW,kW,kW,kW
2024-01-01 00:00:00,0,0,,,,,,-6.813011
2024-01-01 01:00:00,0,0,,,,,,-6.821265
2024-01-01 02:00:00,0,0,,,,,,-6.81283
2024-01-01 03:00:00,0,0,,,,,,-6.799321
2024-01-01 04:00:00,0,0,,,,,,-6.764451
2024-01-01 05:00:00,0,0,,,,,,-6.711349
2024-01-01 06:00:00,0,0,,,,,,-6.675312
2024-01-01 07:00:00,6.941524,0,,,,,,-6.158744
2024-01-01 08:00:00,119.4142,83.35545,,,,,,400.7021
2024-01-01 09:00:00,182.595,155.9276,,,,,,781.0016
2024-01-01 10:00:00,165.1465,144.1205,,,,,,713.6617
2024-01-01 11:00:00,273.1764,240.4116,,,,,,1257.392
2024-01-01 12:00:00,417.5381,374.4337,,,,,,1907.002
2024-01-01 13:00:00,431.6275,384.8172,,,,,,1898.963
2024-01-01 14:00:00,458.0519,411.7768,,,,,,1923.477
2024-01-01 15:00:00,399.9943,320.2521,,,,,,1823.548
2024-01-01 16:00:00,76.73409,53.10328,,,,,,310.0854
2024-01-01 17:00:00,0.8872408,0.5022473,,,,,,-3.595153
2024-01-01 18:00:00,0,0,,,,,,-6.635443
2024-01-01 19:00:00,0,0,,,,,,-6.632979
2024-01-01 20:00:00,0,0,,,,,,-6.668362
2024-01-01 21:00:00,0,0,,,,,,-6.70587
2024-01-01 22:00:00,0,0,,,,,,-6.755117
2024-01-01 23:00:00,0,0,,,,,,-6.812661
2024-01-02 00:00:00,0,0,,,,,,-6.827115
2024-01-02 01:00:00,0,0,,,,,,-6.817118
2024-01-02 02:00:00,0,0,,,,,,-6.79176
2024-01-02 03:00:00,0,0,,,,,,-6.710392
2024-01-02 04:00:00,0,0,,,,,,-6.635075
2024-01-02 05:00:00,0,0,,,,,,-6.62571
2024-01-02 06:00:00,0,0,,,,,,-6.667505
2024-01-02 07:00:00,12.45203,2.379205,,,,,,1.817419
2024-01-02 08:00:00,282.7152,136.1432,,,,,,632.2184
2024-01-02 09:00:00,521.414,482.4299,,,,,,2307.262
2024-01-02 10:00:00,698.7018,681.0109,,,,,,3315.294
2024-01-02 11:00:00,808.1644,774.2953,,,,,,3775.001
2024-01-02 12:00:00,836.3505,771.3517,,,,,,3851.729
2024-01-02 13:00:00,784.0652,714.8002,,,,,,3644.073
2024-01-02 14:00:00,657.9869,584.2661,,,,,,3081.065
2024-01-02 15:00:00,458.8033,346.9409,,,,,,2010.056
2024-01-02 16:00:00,158.4335,81.11395,,,,,,534.6705
2024-01-02 17:00:00,2.958926,1.634038,,,,,,7.4009
2024-01-02 18:00:00,0,0,,,,,,-6.586899
2024-01-02 19:00:00,0,0,,,,,,-6.581236
2024-01-02 20:00:00,0,0,,,,,,-6.570357
2024-01-02 21:00:00,0,0,,,,,,-6.610884
2024-01-02 22:00:00,0,0,,,,,,-6.741748
2024-01-02 23:00:00,0,0,,,,,,-6.763185
2024-01-03 00:00:00,0,0,,,,,,-6.7562
2024-01-03 01:00:00,0,0,,,,,,-6.704836
2024-01-03 02:00:00,0,0,,,,,,-6.656347
2024-01-03 03:00:00,0,0,,,,,,-6.618388
2024-01-03 04:00:00,0,0,,,,,,-6.600349
2024-01-03 05:00:00,0,0,,,,,,-6.693753
2024-01-03 06:00:00,0,0,,,,,,-6.583435
2024-01-03 07:00:00,12.40371,0,,,,,,-4.647043
2024-01-03 08:00:00,281.6205,,,,,,,0
2024-01-03 09:00:00,455.0867,,,,,,,0
2024-01-03 10:00:00,514.351,,,,,,,0
2024-01-03 11:00:00,514.313,420.5395,418.1257,367.9951,,357.6052,298.4752,1216.582
2024-01-03 12:00:00,373.3654,334.1789,335.9553,336.1747,,328.5569,335.9847,2004.498
2024-01-03 13:00:00,259.4951,230.5347,232.097,232.7993,186.8643,226.5986,230.9635,1342.383
2024-01-03 14:00:00,144.8978,131.2402,131.9472,131.4512,122.6924,128.7314,131.2664,780.298
2024-01-03 15:00:00,81.8789,76.68385,77.07715,76.79848,71.53365,75.06503,76.30601,452.0981
2024-01-03 16:00:00,24.4883,24.49589,24.58657,24.035,22.66039,23.91304,24.29971,137.4934
2024-01-03 17:00:00,1.358059,0.8505002,0.8233057,0.805199,0.6965212,0.798855,0.805278,-3.126945
2024-01-03 18:00:00,0,0,0,0,0,0,0,-8.058751
2024-01-03 19:00:00,0,0,0,0,0,0,0,-8.081791
2024-01-03 20:00:00,0,0,0,0,0,0,0,-8.113537
2024-01-03 21:00:00,0,0,0,0,0,0,0,-8.128665
2024-01-03 22:00:00,0,0,0,0,0,0,0,-8.137126
2024-01-03 23:00:00,0,0,0,0,0,0,0,-8.078813
2024-01-04 00:00:00,0,0,0,0,0,0,0,-8.04627
2024-01-04 01:00:00,0,0,0,0,0,0,0,-8.058972
2024-01-04 02:00:00,0,0,0,0,0,0,0,-8.012412
2024-01-04 03:00:00,0,0,0,0,0,0,0,-8.006457
2024-01-04 04:00:00,0,0,0,0,0,0,0,-7.957393
2024-01-04 05:00:00,0,0,0,0,0,0,0,-7.942473
2024-01-04 06:00:00,0,0,0,0,0,0,0,-7.88945
2024-01-04 07:00:00,10.94323,1.101177,2.888663,1.195511,1.198388,1.19673,0.9269185,0.212963
2024-01-04 08:00:00,254.7579,130.6294,100.9639,118.6036,119.894,118.2826,116.9904,709.1724
2024-01-04 09:00:00,498.829,467.1417,385.5111,458.3031,422.5569,432.694,435.1341,2623.64
2024-01-04 10:00:00,696.539,682.1912,624.2632,678.6927,628.9166,642.2115,675.7487,3941.897
2024-01-04 11:00:00,810.7974,785.6149,764.6808,784.5895,727.401,758.2537,780.0562,4580.963
2024-01-04 12:00:00,835.5006,778.7961,801.7036,799.1204,744.1278,780.9561,791.0957,4661.866
2024-01-04 13:00:00,784.4633,720.998,732.8981,755.5286,702.6846,744.0926,752.8359,4387.597
2024-01-04 14:00:00,658.032,589.3779,583.6961,644.9233,601.6219,637.3776,646.0676,3693.198
2024-01-04 15:00:00,457.6415,359.1911,323.9346,420.7257,405.2844,446.3883,420.5389,2379.052
2024-01-04 16:00:00,166.7316,86.56692,53.3531,105.9138,115.0489,134.0332,122.0352,613.3396
2024-01-04 17:00:00,3.750906,2.985535,2.688254,3.46895,4.358584,4.244088,4.294959,13.16443
2024-01-04 18:00:00,0,0,0,0,0,0,0,-7.901196
2024-01-04 19:00:00,0,0,0,0,0,0,0,-7.876509
2024-01-04 20:00:00,0,0,0,0,0,0,0,-7.962111
2024-01-04 21:00:00,0,0,0,0,0,0,0,-8.08061
2024-01-04 22:00:00,0,0,0,0,0,0,0,-8.071056
2024-01-04 23:00:00,0,0,0,0,0,0,0,-8.134232
2024-01-05 00:00:00,0,0,0,0,0,0,0,-8.090313
2024-01-05 01:00:00,0,0,0,0,0,0,0,-8.067699
2024-01-05 02:00:00,0,0,0,0,0,0,0,-7.983874
2024-01-05 03:00:00,0,0,0,0,0,0,0,-7.916481
2024-01-05 04:00:00,0,0,0,0,0,0,0,-7.920067
2024-01-05 05:00:00,0,0,0,0,0,0,0,-7.899332
2024-01-05 06:00:00,0,0,0,0,0,0,0,-7.848854
2024-01-05 07:00:00,11.67804,1.865782,3.276318,1.672258,1.89304,1.968639,0.4265505,3.136341
2024-01-05 08:00:00,281.2589,140.471,105.4748,126.8196,129.9652,126.7722,122.7559,755.0383
2024-01-05 09:00:00,522.5114,487.0569,402.528,475.6702,437.6283,448.5753,450.5198,2728.827
2024-01-05 10:00:00,701.2963,681.9721,624.2365,680.5507,628.4783,643.1734,674.1556,3938.241
2024-01-05 11:00:00,795.8995,761.6611,742.0767,762.8294,704.2329,735.0195,756.1937,4464.543
2024-01-05 12:00:00,740.9578,685.2654,697.4225,703.6364,657.3245,688.4039,705.5762,4096.356
2024-01-05 13:00:00,735.3148,668.4896,677.4644,684.3221,638.1616,671.3001,686.064,4036.111
2024-01-05 14:00:00,674.2548,600.3373,592.3576,654.431,607.6952,645.177,656.8301,3750.022
2024-01-05 15:00:00,332.6609,279.218,262.1504,314.3577,295.4238,317.6282,316.6974,1786.016
2024-01-05 16:00:00,104.8199,74.81136,72.90956,80.21916,77.22279,83.39565,82.82409,468.2597
2024-01-05 17:00:00,3.950717,4.950409,4.646045,5.352878,5.405515,5.600848,5.801259,23.80561
2024-01-05 18:00:00,0,0,0,0,0,0,0,-7.928152
2024-01-05 19:00:00,0,0,0,0,0,0,0,-7.928323
2024-01-05 20:00:00,0,0,0,0,0,0,0,-7.955429
2024-01-05 21:00:00,0,0,0,0,0,0,0,-8.094131
2024-01-05 22:00:00,0,0,0,0,0,0,0,-8.101072
2024-01-05 23:00:00,0,0,0,0,0,0,0,-8.084853
2024-01-06 00:00:00,0,0,0,0,0,0,0,-8.07181
2024-01-06 01:00:00,0,0,0,0,0,0,0,-8.129415
2024-01-06 02:00:00,0,0,0,0,0,0,0,-8.159828
2024-01-06 03:00:00,0,0,0,0,0,0,0,-8.15683
2024-01-06 04:00:00,0,0,0,0,0,0,0,-8.121359
2024-01-06 05:00:00,0,0,0,0,0,0,0,-8.071886
2024-01-06 06:00:00,0,0,0,0,0,0,0,-7.968006
2024-01-06 07:00:00,0.02231959,0,0,0,0,0,0,-7.962142
2024-01-06 08:00:00,8.302155,4.509864,1.289194,0,4.235112,0,0,2.155701
2024-01-06 09:00:00,28.61349,26.60162,26.16742,24.53517,24.11446,23.59651,23.48021,142.4344
2024-01-06 10:00:00,39.06781,38.09479,38.35007,37.43154,35.06059,36.63563,38.06699,220.5481
2024-01-06 11:00:00,67.0631,63.97266,63.99282,64.09423,60.01936,62.52497,64.08797,376.8279
2024-01-06 12:00:00,189.9906,166.5109,172.4093,171.3372,163.3344,167.3128,176.6093,1012.149
2024-01-06 13:00:00,265.8859,224.8747,227.4483,227.6387,210.3776,222.2255,220.412,1340.516
2024-01-06 14:00:00,223.7441,186.9308,189.6684,187.1853,173.7961,183.1765,184.6756,1114.64
2024-01-06 15:00:00,291.4225,236.8268,228.5398,256.7727,242.7717,255.5634,267.927,1471.984
2024-01-06 16:00:00,47.00683,35.24586,36.03738,35.11348,32.63868,34.41742,35.11756,203.1852
2024-01-06 17:00:00,2.530654,0.6534327,0.6000382,0.5796922,0.1918692,0.5556852,0.5046685,-4.762106
2024-01-06 18:00:00,0,0,0,0,0,0,0,-7.970547
2024-01-06 19:00:00,0,0,0,0,0,0,0,-8.032257
2024-01-06 20:00:00,0,0,0,0,0,0,0,-8.111472
2024-01-06 21:00:00,0,0,0,0,0,0,0,-8.15506
2024-01-06 22:00:00,0,0,0,0,0,0,0,-8.187692
2024-01-06 23:00:00,0,0,0,0,0,0,0,-8.139849
2024-01-07 00:00:00,0,0,0,0,0,0,0,-8.19396
2024-01-07 01:00:00,0,0,0,0,0,0,0,-8.149088
2024-01-07 02:00:00,0,0,0,0,0,0,0,-8.136842
2024-01-07 03:00:00,0,0,0,0,0,0,0,-8.140738
2024-01-07 04:00:00,0,0,0,0,0,0,0,-8.060382
2024-01-07 05:00:00,0,0,0,0,0,0,0,-8.035067
2024-01-07 06:00:00,0,0,0,0,0,0,0,-7.996317
2024-01-07 07:00:00,13.07838,0.8143038,1.558081,0,0.8260495,0,0,-4.691803
2024-01-07 08:00:00,261.4314,131.3346,99.4556,117.3868,120.8439,116.8479,114.377,702.0538
2024-01-07 09:00:00,508.5558,480.2497,394.6266,473.5116,436.9322,445.2039,451.7716,2704.083
2024-01-07 10:00:00,701.0457,674.6654,618.9851,673.0029,626.7569,638.157,675.3431,3917.937
2024-01-07 11:00:00,816.363,774.486,755.6234,775.7811,723.103,752.115,777.4095,4544.397
2024-01-07 12:00:00,862.1373,774.9493,782.0378,790.2083,764.5599,792.5253,819.3291,4634.926
2024-01-07 13:00:00,714.754,634.0933,641.3926,697.2571,679.409,704.5064,698.2825,3923.772
2024-01-07 14:00:00,774.8623,672.8574,672.8865,709.4803,620.3922,681.6522,647.7325,4006.973
2024-01-07 15:00:00,336.1306,279.7353,255.2203,342.0119,320.1153,316.6138,347.0633,1832.737
2024-01-07 16:00:00,141.5912,86.13559,59.66025,91.6332,95.79841,98.11447,103.7416,547.7205
2024-01-07 17:00:00,3.939125,1.959727,1.598269,2.94533,3.070165,3.048152,3.710248,8.183992
2024-01-07 18:00:00,0,0,0,0,0,0,0,-7.954374
2024-01-07 19:00:00,0,0,0,0,0,0,0,-7.941095
2024-01-07 20:00:00,0,0,0,0,0,0,0,-7.921228
2024-01-07 21:00:00,0,0,0,0,0,0,0,-7.989957
2024-01-07 22:00:00,0,0,0,0,0,0,0,-8.102765
2024-01-07 23:00:00,0,0,0,0,0,0,0,-8.130744
2024-01-08 00:00:00,0,0,0,0,0,0,0,-8.15678
2024-01-08 01:00:00,0,0,0,0,0,0,0,-8.111173
2024-01-08 02:00:00,0,0,0,0,0,0,0,-8.04873
2024-01-08 03:00:00,0,0,0,0,0,0,0,-7.965266
2024-01-08 04:00:00,0,0,0,0,0,0,0,-7.939793
2024-01-08 05:00:00,0,0,0,0,0,0,0,-7.892963
2024-01-08 06:00:00,0,0,0,0,0,0,0,-7.936236
2024-01-08 07:00:00,8.190128,0.01373293,2.733063,0.0412579,0.03324873,0.02686238,0.02528542,-5.085461
2024-01-08 08:00:00,125.2494,93.34248,91.48605,91.37305,85.72186,82.15271,90.53503,533.9989
2024-01-08 09:00:00,306.7036,276.985,257.9455,273.1906,253.0346,240.4996,268.2265,1592.522
2024-01-08 10:00:00,484.2646,453.4944,437.0861,448.0877,416.7244,393.9891,445.9325,2615.195
2024-01-08 11:00:00,620.3983,585.5808,579.5486,583.6919,541.2002,518.216,581.0825,3414.393
2024-01-08 12:00:00,844.468,788.9141,812.161,803.9473,745.8147,716.8489,797.5235,4665.914
2024-01-08 13:00:00,761.5702,703.6002,715.4976,733.2651,678.7767,661.3844,728.4834,4211.672
2024-01-08 14:00:00,593.6785,538.011,536.2449,552.8221,505.5184,499.4357,546.1987,3222.811
2024-01-08 15:00:00,492.8549,395.4257,353.654,457.2713,440.4755,433.6468,465.7049,2554.029
2024-01-08 16:00:00,218.2977,119.8762,85.6907,141.4981,151.3856,162.6351,158.6576,819.605
2024-01-08 17:00:00,5.001761,2.623721,2.430545,3.481184,4.510537,4.568413,4.926159,14.72245
2024-01-08 18:00:00,0,0,0,0,0,0,0,-7.920156
2024-01-08 19:00:00,0,0,0,0,0,0,0,-7.899423
2024-01-08 20:00:00,0,0,0,0,0,0,0,-7.94987
2024-01-08 21:00:00,0,0,0,0,0,0,0,-8.10034
2024-01-08 22:00:00,0,0,0,0,0,0,0,-8.130818
2024-01-08 23:00:00,0,0,0,0,0,0,0,-8.109241
2024-01-09 00:00:00,0,0,0,0,0,0,0,-8.116315
2024-01-09 01:00:00,0,0,0,0,0,0,0,-8.14466
2024-01-09 02:00:00,0,0,0,0,0,0,0,-8.08779
2024-01-09 03:00:00,0,0,0,0,0,0,0,-8.05937
2024-01-09 04:00:00,0,0,0,0,0,0,0,-8.034747
2024-01-09 05:00:00,0,0,0,0,0,0,0,-8.029474
2024-01-09 06:00:00,0,0,0,0,0,0,0,-8.007646
2024-01-09 07:00:00,0.09252167,0,0,0,0,0,0,-7.98687
2024-01-09 08:00:00,5.34255,0,1.296768,0,0,0,0,-6.811818
2024-01-09 09:00:00,21.0176,17.05206,18.01965,4.21193,15.45163,3.665976,15.06417,64.25832
2024-01-09 10:00:00,42.24879,39.04419,40.30867,38.61634,35.23519,34.25949,37.26778,218.9555
2024-01-09 11:00:00,32.97318,30.11534,30.79173,30.15895,27.92693,26.91911,29.979,168.7751
2024-01-09 12:00:00,30.07155,26.27504,27.50424,26.56123,23.93966,22.50545,25.42377,145.6791
2024-01-09 13:00:00,10.84875,6.872785,6.800372,7.579285,6.13326,6.38276,7.326998,31.68358
2024-01-09 14:00:00,8.213866,3.05193,3.221769,2.401835,1.498559,2.867889,3.675938,9.262703
2024-01-09 15:00:00,9.426072,6.494734,6.850244,6.967468,6.365925,5.33169,6.795471,30.53546
2024-01-09 16:00:00,3.847191,1.308377,1.913169,2.02121,1.862807,0.8544217,2.023982,1.854298
2024-01-09 17:00:00,11.28975,7.544028,7.950416,8.278083,7.515223,6.514778,8.115832,37.902
2024-01-09 18:00:00,0.0822603,0,0,0,0,0,0,-8.1379
2024-01-09 19:00:00,0,0,0,0,0,0,0,-8.143661
2024-01-09 20:00:00,0,0,0,0,0,0,0,-8.188467
2024-01-09 21:00:00,0,0,0,0,0,0,0,-8.193182
2024-01-09 22:00:00,0,0,0,0,0,0,0,-8.12037
2024-01-09 23:00:00,0,0,0,0,0,0,0,-8.247089
2024-01-10 00:00:00,0,0,0,0,0,0,0,-8.294058
2024-01-10 01:00:00,0,0,0,0,0,0,0,-8.145933
2024-01-10 02:00:00,0,0,0,0,0,0,0,-8.152615
2024-01-10 03:00:00,0,0,0,0,0,0,0,-8.096878
2024-01-10 04:00:00,0,0,0,0,0,0,0,-8.014542
2024-01-10 05:00:00,0,0,0,0,0,0,0,-8.06621
2024-01-10 06:00:00,0,0,0,0,0,0,0,-7.963221
2024-01-10 07:00:00,13.56747,1.697873,1.240844,0.859889,1.831046,1.733106,1.36298,1.358763
2024-01-10 08:00:00,276.3633,135.5211,103.4505,120.9698,123.4215,116.6059,116.964,719.404
2024-01-10 09:00:00,523.5499,490.7278,404.7614,485.2495,447.3435,421.8119,465.1391,2738.377
2024-01-10 10:00:00,706.11,685.4517,628.559,686.5778,640.7567,597.6752,690.424,3938.157
2024-01-10 11:00:00,821.107,790.5239,771.6547,790.9006,733.4556,696.7095,788.0585,4556.934
2024-01-10 12:00:00,857.8478,798.0247,822.8894,820.9971,765.6669,738.5342,824.0367,4742.431
2024-01-10 13:00:00,756.9489,697.7032,708.5344,726.5093,678.7776,655.3173,729.6246,4176.761
2024-01-10 14:00:00,500.1863,443.9809,443.7582,473.5008,441.7718,429.4476,476.5584,2718.091
2024-01-10 15:00:00,333.3924,273.6353,263.6123,302.3644,285.0459,276.8246,299.3703,1697.13
2024-01-10 16:00:00,145.0931,97.1556,90.17319,107.352,106.464,108.2231,112.3954,617.321
2024-01-10 17:00:00,8.66684,7.952674,7.677517,8.973014,8.958852,8.765662,9.873922,44.10497
2024-01-10 18:00:00,0,0,0,0,0,0,0,-7.965655
2024-01-10 19:00:00,0,0,0,0,0,0,0,-7.910999
2024-01-10 20:00:00,0,0,0,0,0,0,0,-7.970989
2024-01-10 21:00:00,0,0,0,0,0,0,0,-8.151057
2024-01-10 22:00:00,0,0,0,0,0,0,0,-8.151403
2024-01-10 23:00:00,0,0,0,0,0,0,0,-8.104061
2024-01-11 00:00:00,0,0,0,0,0,0,0,-7.989371
2024-01-11 01:00:00,0,0,0,0,0,0,0,-8.010891
2024-01-11 02:00:00,0,0,0,0,0,0,0,-7.967551
2024-01-11 03:00:00,0,0,0,0,0,0,0,-7.946596
2024-01-11 04:00:00,0,0,0,0,0,0,0,-7.930786
2024-01-11 05:00:00,0,0,0,0,0,0,0,-7.989306
2024-01-11 06:00:00,0,0,0,0,0,0,0,-7.877613
2024-01-11 07:00:00,11.99228,0,1.335178,0,0,0,0,-6.640707
2024-01-11 08:00:00,273.9381,140.169,110.1407,124.6739,126.4001,120.6728,120.6811,745.9489
2024-01-11 09:00:00,511.8398,481.0038,402.4872,465.1449,428.7617,409.6243,452.242,2689.25
2024-01-11 10:00:00,687.5248,660.4347,609.9789,662.9486,615.8446,574.4133,661.4628,3788.785
2024-01-11 11:00:00,791.1136,747.8726,735.2595,761.5027,706.9727,670.2543,759.3182,4328.862
2024-01-11 12:00:00,854.7837,776.7339,786.4081,796.9492,744.1318,714.7856,800.8679,4596.166
2024-01-11 13:00:00,807.5054,726.0045,725.1586,758.204,707.0211,685.4016,761.8279,4345.556
2024-01-11 14:00:00,682.4935,599.3686,593.3019,652.9417,607.6162,590.5606,656.5197,3690.568
2024-01-11 15:00:00,485.102,395.4173,357.1474,463.1937,435.661,429.9483,464.4667,2545.471
2024-01-11 16:00:00,201.0002,106.0766,69.36456,128.8871,142.7361,157.465,146.657,750.0654
2024-01-11 17:00:00,7.052977,4.063943,4.306481,5.874474,8.100064,7.161748,8.200144,29.88672
2024-01-11 18:00:00,0,0,0,0,0,0,0,-8.030651
2024-01-11 19:00:00,0,0,0,0,0,0,0,-7.990025
2024-01-11 20:00:00,0,0,0,0,0,0,0,-7.99084
2024-01-11 21:00:00,0,0,0,0,0,0,0,-8.068037
2024-01-11 22:00:00,0,0,0,0,0,0,0,-8.139731
2024-01-11 23:00:00,0,0,0,0,0,0,0,-8.08087
2024-01-12 00:00:00,0,0,0,0,0,0,0,-8.133372
2024-01-12 01:00:00,0,0,0,0,0,0,0,-8.112234
2024-01-12 02:00:00,0,0,0,0,0,0,0,-8.030173
2024-01-12 03:00:00,0,0,0,0,0,0,0,-7.95151
2024-01-12 04:00:00,0,0,0,0,0,0,0,-7.933302
2024-01-12 05:00:00,0,0,0,0,0,0,0,-7.210805
2024-01-12 06:00:00,0,0,0,0,0,0,0,-7.754299
2024-01-12 07:00:00,12.67229,0.486844,4.628665,0,0,0,0,-2.62655
2024-01-12 08:00:00,256.9814,153.4849,136.3979,140.2618,135.5437,130.616,136.8118,840.9749
2024-01-12 09:00:00,401.4267,365.5821,327.6764,358.9366,331.0373,316.759,343.3585,2067.962
2024-01-12 10:00:00,391.9636,351.8147,342.206,343.9841,320.4503,306.6334,343.1427,2034.824
2024-01-12 11:00:00,557.7263,507.6958,496.9383,481.0163,451.1483,431.7095,480.3696,2921.092
2024-01-12 12:00:00,317.7196,275.0666,278.4436,271.2161,260.1363,247.6026,277.9247,1601.523
2024-01-12 13:00:00,601.9531,548.4391,508.0214,569.6458,526.5201,510.3651,562.0173,3241.971
2024-01-12 14:00:00,155.4127,136.879,131.011,148.2327,134.6534,137.9999,147.4021,811.7209
2024-01-12 15:00:00,8.082648,6.981936,7.007359,7.159801,6.713514,6.056838,8.00282,33.41471
2024-01-12 16:00:00,1.380605,0.2725,0.5528433,0.3199063,0.286923,0.2301111,0.5870675,-5.651487
2024-01-12 17:00:00,0.2784026,0,0,0,0,0,0,-8.056328
2024-01-12 18:00:00,0,0,0,0,0,0,0,-8.09339
2024-01-12 19:00:00,0,0,0,0,0,0,0,-8.140231
2024-01-12 20:00:00,0,0,0,0,0,0,0,-8.057838
2024-01-12 21:00:00,0,0,0,0,0,0,0,-8.184694
2024-01-12 22:00:00,0,0,0,0,0,0,0,-8.198218
2024-01-12 23:00:00,0,0,0,0,0,0,0,-8.131433
2024-01-13 00:00:00,0.3888231,0,0,0,0,0,0,-8.253563
2024-01-13 01:00:00,0.1082839,0,0,0,0,0,0,-8.281471
2024-01-13 02:00:00,0,0,0,0,0,0,0,-8.242942
2024-01-13 03:00:00,0,0,0,0,0,0,0,-8.184862
2024-01-13 04:00:00,0,0,0,0,0,0,0,-8.132898
2024-01-13 05:00:00,0,0,0,0,0,0,0,-8.064819
2024-01-13 06:00:00,0,0,0,0,0,0,0,-8.041049
2024-01-13 07:00:00,11.74909,0,0,0,1.291358,0,0,-6.662508
2024-01-13 08:00:00,287.034,143.0545,110.2069,126.82,89.31178,122.4967,119.62,713.3326
2024-01-13 09:00:00,539.6262,505.9799,420.1494,502.2141,462.6942,433.7677,483.4992,2830.027
2024-01-13 10:00:00,724.6978,702.8867,650.3795,700.2334,651.8302,609.5172,703.2902,4026.821
2024-01-13 11:00:00,842.5749,809.3953,793.8234,808.6133,754.8632,718.56,812.1443,4679.833
2024-01-13 12:00:00,877.6837,816.3954,832.9124,832.8306,784.5657,756.0921,833.006,4825.975
2024-01-13 13:00:00,829.5785,766.4198,784.3486,799.8207,746.8599,723.4783,804.3726,4600.247
2024-01-13 14:00:00,703.0395,630.5762,627.8359,686.2891,639.2452,621.365,689.8505,3885.127
2024-01-13 15:00:00,504.8468,419.3355,380.7284,489.8819,459.0255,451.6153,491.7498,2697.016
2024-01-13 16:00:00,219.9207,116.3894,77.43845,141.4136,156.868,172.5541,159.7161,822.6722
2024-01-13 17:00:00,8.652197,4.981538,4.754964,7.974057,10.358,9.950185,11.08092,41.20708
2024-01-13 18:00:00,0,0,0,0,0,0,0,-7.945639
2024-01-13 19:00:00,0,0,0,0,0,0,0,-7.952468
2024-01-13 20:00:00,0,0,0,0,0,0,0,-7.948699
2024-01-13 21:00:00,0,0,0,0,0,0,0,-7.973251
2024-01-13 22:00:00,0,0,0,0,0,0,0,-8.034583
2024-01-13 23:00:00,0,0,0,0,0,0,0,-8.117271
2024-01-14 00:00:00,0,0,0,0,0,0,0,-8.096938
2024-01-14 01:00:00,0,0,0,0,0,0,0,-8.086757
2024-01-14 02:00:00,0,0,0,0,0,0,0,-8.043019
2024-01-14 03:00:00,0,0,0,0,0,0,0,-8.012556
2024-01-14 04:00:00,0,0,0,0,0,0,0,-7.977654
2024-01-14 05:00:00,0,0,0,0,0,0,0,-7.997026
2024-01-14 06:00:00,0,0,0,0,0,0,0,-8.04346
2024-01-14 07:00:00,10.74386,0,2.247789,0.006077982,0.00441998,0.002188073,0.0007074412,-5.618249
2024-01-14 08:00:00,281.1083,153.3164,119.3283,135.1581,135.4726,129.7993,127.1444,808.7926
2024-01-14 09:00:00,528.3038,502.6189,418.6773,499.0045,458.9813,429.8784,479.9236,2812.749
2024-01-14 10:00:00,714.3413,691.7276,640.3251,689.4539,640.2832,598.6366,690.9938,3962.619
2024-01-14 11:00:00,832.5458,796.7985,780.5933,796.2516,742.7988,706.3741,800.0521,4605.099
2024-01-14 12:00:00,871.9806,805.8714,831.909,829.399,776.1202,748.9258,832.8114,4795.991
2024-01-14 13:00:00,823.0931,754.2572,769.4312,788.8194,737.5905,713.89,795.7769,4538.923
2024-01-14 14:00:00,691.463,620.8047,616.0239,675.7515,630.4115,611.8975,651.6799,3792.968
2024-01-14 15:00:00,472.8997,396.0135,356.1154,460.7111,431.714,422.5325,439.2314,2500.939
2024-01-14 16:00:00,162.0839,103.1486,80.89338,117.5292,123.504,129.7302,120.4401,675.0911
2024-01-14 17:00:00,12.08374,6.935856,6.364506,9.161153,10.53029,10.16315,10.90547,46.26324
2024-01-14 18:00:00,0,0,0,0,0,0,0,-7.927404
2024-01-14 19:00:00,0,0,0,0,0,0,0,-7.972145
2024-01-14 20:00:00,0,0,0,0,0,0,0,-7.997088
2024-01-14 21:00:00,0,0,0,0,0,0,0,-8.109233
2024-01-14 22:00:00,0,0,0,0,0,0,0,-8.179138
2024-01-14 23:00:00,0,0,0,0,0,0,0,-8.187146
2024-01-15 00:00:00,0,0,0,0,0,0,0,-8.217257
2024-01-15 01:00:00,0,0,0,0,0,0,0,-8.228433
2024-01-15 02:00:00,0,0,0,0,0,0,0,-8.174545
2024-01-15 03:00:00,0,0,0,0,0,0,0,-8.155147
2024-01-15 04:00:00,0,0,0,0,0,0,0,-8.080792
2024-01-15 05:00:00,0,0,0,0,0,0,0,-8.021434
2024-01-15 06:00:00,0,0,0,0,0,0,0,-7.994757
2024-01-15 07:00:00,2.67187,0.1029444,0,0,0.3509543,0,0,-7.531121
2024-01-15 08:00:00,28.81745,21.99437,28.11658,23.36514,25.87211,20.79662,23.226,138.7512
2024-01-15 09:00:00,99.70763,94.21796,91.33793,93.18507,91.5598,84.18503,97.59535,560.7551
2024-01-15 10:00:00,577.4722,529.002,395.4261,529.116,490.0275,465.843,526.2763,2947.369
2024-01-15 11:00:00,727.4064,671.6097,656.693,681.8824,630.8192,592.6234,675.4857,3871.982
2024-01-15 12:00:00,678.5439,614.0253,622.8879,635.3832,590.0021,531.6224,636.011,3603.929
2024-01-15 13:00:00,663.246,593.4437,611.9047,631.2697,587.7833,529.0435,630.5955,3508.633
2024-01-15 14:00:00,533.3298,467.3592,465.1729,495.764,462.1393,418.4734,499.2499,2800.958
2024-01-15 15:00:00,293.6367,246.6748,240.5777,263.3235,246.4798,222.871,265.0073,1493.745
2024-01-15 16:00:00,128.0633,94.77996,84.68657,103.08,102.0831,95.77213,108.335,586.295
2024-01-15 17:00:00,9.591527,7.903983,7.558527,9.549226,9.73848,8.808544,10.76696,46.44938
2024-01-15 18:00:00,0,0,0,0,0,0,0,-7.932222
2024-01-15 19:00:00,0,0,0,0,0,0,0,-7.931895
2024-01-15 20:00:00,0,0,0,0,0,0,0,-8.012537
2024-01-15 21:00:00,0,0,0,0,0,0,0,-8.075062
2024-01-15 22:00:00,0,0,0,0,0,0,0,-8.154701
2024-01-15 23:00:00,0,0,0,0,0,0,0,-8.191251
2024-01-16 00:00:00,0,0,0,0,0,0,0,-8.15936
2024-01-16 01:00:00,0,0,0,0,0,0,0,-8.15573
2024-01-16 02:00:00,0,0,0,0,0,0,0,-8.160292
2024-01-16 03:00:00,0,0,0,0,0,0,0,-8.114092
2024-01-16 04:00:00,0,0,0,0,0,0,0,-8.03472
2024-01-16 05:00:00,0,0,0,0,0,0,0,-7.96554
2024-01-16 06:00:00,0,0,0,0,0,0,0,-7.972889
2024-01-16 07:00:00,2.431072,0,0,0,0,0,0,-8.003974
2024-01-16 08:00:00,15.35243,10.49592,13.03035,8.618665,8.890938,8.036983,8.542467,51.33873
2024-01-16 09:00:00,50.74209,50.14685,50.71417,49.90253,46.47184,44.47469,49.60369,288.9094
2024-01-16 10:00:00,125.6646,113.212,115.8943,112.8264,104.8501,100.6989,111.6826,660.5162
2024-01-16 11:00:00,145.7348,127.3113,129.8777,125.7757,118.0854,112.4668,127.14,744.092
2024-01-16 12:00:00,126.6751,118.7779,117.9676,116.6412,110.2047,105.3773,117.8352,698.6359
2024-01-16 13:00:00,126.2268,114.4622,118.7028,110.7046,98.47669,96.89141,103.8485,649.0156
2024-01-16 14:00:00,113.9696,102.5242,103.3201,101.9555,94.30022,91.41811,100.5461,596.6377
2024-01-16 15:00:00,37.09792,32.12546,32.34551,32.99208,30.65148,29.42268,33.03435,182.2328
2024-01-16 16:00:00,73.41461,55.50075,55.19541,57.8152,53.68792,52.31408,57.00686,324.0158
2024-01-16 17:00:00,16.91245,11.06398,10.68428,11.79808,11.86545,11.43741,12.71084,62.23802
2024-01-16 18:00:00,0,0,0,0,0,0,0,-7.887238
2024-01-16 19:00:00,0,0,0,0,0,0,0,-7.93454
2024-01-16 20:00:00,0,0,0,0,0,0,0,-7.957789
2024-01-16 21:00:00,0,0,0,0,0,0,0,-8.041195
2024-01-16 22:00:00,0,0,0,0,0,0,0,-8.070839
2024-01-16 23:00:00,0,0,0,0,0,0,0,-8.083911
2024-01-17 00:00:00,0,0,0,0,0,0,0,-8.078568
2024-01-17 01:00:00,0,0,0,0,0,0,0,-7.994568
2024-01-17 02:00:00,0,0,0,0,0,0,0,-7.93224
2024-01-17 03:00:00,0,0,0,0,0,0,0,-7.89316
2024-01-17 04:00:00,0,0,0,0,0,0,0,-7.862578
2024-01-17 05:00:00,0,0,0,0,0,0,0,-7.872793
2024-01-17 06:00:00,0,0,0,0,0,0,0,-7.923674
2024-01-17 07:00:00,14.80507,1.869702,5.15582,1.830042,2.104831,1.877707,1.251087,6.181556
2024-01-17 08:00:00,335.0089,175.5304,135.0562,155.4728,155.1441,149.6511,143.0363,920.0423
2024-01-17 09:00:00,552.4091,534.644,449.3189,531.4214,489.0121,455.2198,513.8129,3000.481
2024-01-17 10:00:00,739.8456,728.4821,679.3409,723.7138,671.8047,627.972,725.751,4167.761
2024-01-17 11:00:00,860.2552,826.4041,814.1458,823.2416,773.931,737.2123,824.2875,4785.754
2024-01-17 12:00:00,901.3613,832.9339,832.9915,832.9024,808.306,779.1951,832.9587,4894.134
2024-01-17 13:00:00,853.4763,793.3004,806.0947,818.3368,770.0368,745.6547,819.6848,4728.831
2024-01-17 14:00:00,724.978,658.1559,656.8712,712.8981,663.7297,644.6312,716.2528,4042.514
2024-01-17 15:00:00,525.3526,446.7815,412.1457,524.0559,488.2611,477.3313,522.439,2875.771
2024-01-17 16:00:00,233.2336,143.5151,99.52761,173.5947,188.3926,204.502,188.4874,999.0831
2024-01-17 17:00:00,10.45436,6.614648,5.693311,10.09379,14.25538,13.59622,15.06459,57.80463
2024-01-17 18:00:00,0,0,0,0,0,0,0,-7.858832
2024-01-17 19:00:00,0,0,0,0,0,0,0,-7.99305
2024-01-17 20:00:00,0,0,0,0,0,0,0,-7.908474
2024-01-17 21:00:00,0,0,0,0,0,0,0,-7.963027
2024-01-17 22:00:00,0,0,0,0,0,0,0,-7.892427
2024-01-17 23:00:00,0,0,0,0,0,0,0,-7.977766
2024-01-18 00:00:00,0,0,0,0,0,0,0,-7.920784
2024-01-18 01:00:00,0,0,0,0,0,0,0,-7.910857
2024-01-18 02:00:00,0,0,0,0,0,0,0,-7.889819
2024-01-18 03:00:00,0,0,0,0,0,0,0,-7.85379
2024-01-18 04:00:00,0,0,0,0,0,0,0,-7.865055
2024-01-18 05:00:00,0,0,0,0,0,0,0,-7.922738
2024-01-18 06:00:00,0,0,0,0,0,0,0,-7.816749
2024-01-18 07:00:00,9.551496,0.1299174,1.947045,0.1576187,0.1513502,0.1353211,0.1114475,-5.364012
2024-01-18 08:00:00,279.9229,169.7269,132.1905,150.8148,149.1204,144.5494,137.5637,888.4562
2024-01-18 09:00:00,543.2012,522.3466,439.6791,520.1259,478.3034,444.5662,502.3012,2931.913
2024-01-18 10:00:00,733.2579,714.6414,665.0551,710.7399,658.5505,616.0869,709.7263,4085.296
2024-01-18 11:00:00,857.1948,821.4143,801.7045,805.3555,753.709,720.857,809.8773,4734.883
2024-01-18 12:00:00,886.7678,805.141,816.1537,811.6896,781.4448,754.4095,819.1752,4756.532
2024-01-18 13:00:00,831.3036,761.0261,773.3694,789.1364,737.0186,714.3511,792.6282,4539.747
2024-01-18 14:00:00,713.2648,633.7841,628.6331,687.0445,638.1981,623.6134,692.5457,3885.466
2024-01-18 15:00:00,423.2899,359.4716,342.3745,409.9059,382.3474,364.8294,402.7314,2225.747
2024-01-18 16:00:00,111.8173,91.53383,91.21992,93.59579,87.60847,85.57283,93.84737,542.8817
2024-01-18 17:00:00,6.113277,4.938001,4.911755,4.861296,4.429076,4.343081,4.855857,20.50989
2024-01-18 18:00:00,0,0,0,0,0,0,0,-8.020726
2024-01-18 19:00:00,0,0,0,0,0,0,0,-8.068715
2024-01-18 20:00:00,0,0,0,0,0,0,0,-8.093628
2024-01-18 21:00:00,0,0,0,0,0,0,0,-8.073738
2024-01-18 22:00:00,0,0,0,0,0,0,0,-8.092447
2024-01-18 23:00:00,0,0,0,0,0,0,0,-8.138178
2024-01-19 00:00:00,0,0,0,0,0,0,0,-8.145732
2024-01-19 01:00:00,0,0,0,0,0,0,0,-8.165483
2024-01-19 02:00:00,0,0,0,0,0,0,0,-8.193867
2024-01-19 03:00:00,0,0,0,0,0,0,0,-8.171056
2024-01-19 04:00:00,0,0,0,0,0,0,0,-8.077963
2024-01-19 05:00:00,0,0,0,0,0,0,0,-7.987298
2024-01-19 06:00:00,0,0,0,0,0,0,0,-8.007342
2024-01-19 07:00:00,13.01403,0.0495084,1.06233,0.0929605,0.08934517,0.07099683,0.0536952,-6.746836
2024-01-19 08:00:00,261.6917,154.2262,120.086,140.667,133.0185,134.3963,129.625,816.6316
2024-01-19 09:00:00,523.8437,491.1436,416.4376,480.57,448.4084,414.7537,472.1027,2758.901
2024-01-19 10:00:00,708.4167,684.049,640.9793,679.7886,632.5035,592.1761,682.018,3922.204
2024-01-19 11:00:00,839.299,803.0764,792.3019,799.3281,744.324,709.965,798.9706,4631.095
2024-01-19 12:00:00,790.3278,699.5032,726.0719,696.5925,712.246,670.9741,725.8458,4167.883
2024-01-19 13:00:00,720.7764,645.3908,653.6852,672.0049,645.6024,625.7186,681.5097,3909.43
2024-01-19 14:00:00,510.6139,445.1695,450.9938,522.8592,509.2466,486.8625,523.4623,2758.979
2024-01-19 15:00:00,551.0845,471.469,444.7111,545.9258,502.3483,498.5483,550.6085,2981.873
2024-01-19 16:00:00,260.5127,152.7511,109.8665,184.852,196.0293,211.0052,199.414,1049.94
2024-01-19 17:00:00,12.49567,9.510075,7.865251,13.02802,16.7684,16.11431,18.05692,73.53734
2024-01-19 18:00:00,0,0,0,0,0,0,0,-7.910475
2024-01-19 19:00:00,0,0,0,0,0,0,0,-7.885993
2024-01-19 20:00:00,0,0,0,0,0,0,0,-7.901882
2024-01-19 21:00:00,0,0,0,0,0,0,0,-8.136816
2024-01-19 22:00:00,0,0,0,0,0,0,0,-7.891598
2024-01-19 23:00:00,0,0,0,0,0,0,0,-7.989184
2024-01-20 00:00:00,0,0,0,0,0,0,0,-8.055136
2024-01-20 01:00:00,0,0,0,0,0,0,0,-8.070866
2024-01-20 02:00:00,0,0,0,0,0,0,0,-8.046548
2024-01-20 03:00:00,0,0,0,0,0,0,0,-8.059779
2024-01-20 04:00:00,0,0,0,0,0,0,0,-8.033675
2024-01-20 05:00:00,0,0,0,0,0,0,0,-7.974729
2024-01-20 06:00:00,0,0,0,0,0,0,0,-7.899512
2024-01-20 07:00:00,15.69565,3.115387,4.621768,1.921282,3.382425,3.016655,1.35579,9.403062
2024-01-20 08:00:00,291.6977,178.8234,141.8898,158.2447,154.2412,149.6352,143.0315,934.3788
2024-01-20 09:00:00,541.6498,532.9066,453.9463,528.966,488.5727,452.7646,513.9374,2995.164
2024-01-20 10:00:00,739.6624,744.1614,701.6039,736.9357,682.298,641.4902,734.9192,4248.409
2024-01-20 11:00:00,857.9811,831.272,824.7236,829.4137,788.5063,752.4973,828.072,4836.557
2024-01-20 12:00:00,900.8602,832.9384,832.9744,832.9984,824.4689,797.5108,832.9626,4926.548
2024-01-20 13:00:00,859.7684,813.8607,823.1841,830.285,794.3065,769.8257,830.7335,4833.192
2024-01-20 14:00:00,738.2411,686.3884,690.105,739.5605,688.5239,668.7231,742.0673,4200.937
2024-01-20 15:00:00,541.4046,476.3914,441.2076,549.1175,511.468,499.4745,552.879,3033.788
2024-01-20 16:00:00,274.8036,166.7687,118.1714,202.2309,213.5308,229.259,218.3639,1149.228
2024-01-20 17:00:00,11.56598,9.711552,7.503207,14.06709,18.69896,17.72523,20.12552,80.67532
2024-01-20 18:00:00,0,0,0,0,0,0,0,-7.875856
2024-01-20 19:00:00,0,0,0,0,0,0,0,-7.826241
2024-01-20 20:00:00,0,0,0,0,0,0,0,-7.946985
2024-01-20 21:00:00,0,0,0,0,0,0,0,-7.974134
2024-01-20 22:00:00,0,0,0,0,0,0,0,-8.018122
2024-01-20 23:00:00,0,0,0,0,0,0,0,-8.004026
2024-01-21 00:00:00,0,0,0,0,0,0,0,-7.978624
2024-01-21 01:00:00,0,0,0,0,0,0,0,-7.942976
2024-01-21 02:00:00,0,0,0,0,0,0,0,-7.893194
2024-01-21 03:00:00,0,0,0,0,0,0,0,-7.894659
2024-01-21 04:00:00,0,0,0,0,0,0,0,-7.876796
2024-01-21 05:00:00,0,0,0,0,0,0,0,-7.802419
2024-01-21 06:00:00,0,0,0,0,0,0,0,-7.759442
2024-01-21 07:00:00,16.92014,3.802905,5.462537,1.84507,4.238068,1.847055,1.314345,11.13435
2024-01-21 08:00:00,301.9438,191.1849,148.0531,170.0254,166.1375,160.553,152.6074,995.8226
2024-01-21 09:00:00,553.1022,546.0598,464.0573,541.6829,500.7949,462.2228,527.7194,3066.641
2024-01-21 10:00:00,747.7187,746.8517,703.5894,740.25,686.2532,642.994,736.5724,4261.539
2024-01-21 11:00:00,864.6244,830.0403,823.1504,827.6181,778.8557,742.1822,826.962,4808.2
2024-01-21 12:00:00,905.8099,832.9263,832.8961,832.9542,810.5107,780.502,832.9088,4893.057
2024-01-21 13:00:00,862.5362,798.7667,814.4827,820.6385,772.3146,746.9338,821.9044,4747.759
2024-01-21 14:00:00,737.6382,670.2178,672.6069,721.3484,671.9287,651.9976,723.2951,4097.629
2024-01-21 15:00:00,536.6185,464.9228,433.489,534.7927,497.9306,458.7241,539.6146,2932.497
2024-01-21 16:00:00,226.515,144.5146,106.8544,173.9189,180.2705,176.1044,186.7941,971.72
2024-01-21 17:00:00,11.6117,11.3327,9.406701,15.68043,17.43644,15.43742,19.08138,81.84929
2024-01-21 18:00:00,0,0,0,0,0,0,0,-7.855544
2024-01-21 19:00:00,0,0,0,0,0,0,0,-7.954723
2024-01-21 20:00:00,0,0,0,0,0,0,0,-7.974195
2024-01-21 21:00:00,0,0,0,0,0,0,0,-7.896111
2024-01-21 22:00:00,0,0,0,0,0,0,0,-8.018919
2024-01-21 23:00:00,0,0,0,0,0,0,0,-7.995707
2024-01-22 00:00:00,0,0,0,0,0,0,0,-8.027773
2024-01-22 01:00:00,0,0,0,0,0,0,0,-7.975545
2024-01-22 02:00:00,0,0,0,0,0,0,0,-7.967727
2024-01-22 03:00:00,0,0,0,0,0,0,0,-7.892871
2024-01-22 04:00:00,0,0,0,0,0,0,0,-7.832273
2024-01-22 05:00:00,0,0,0,0,0,0,0,-7.814574
2024-01-22 06:00:00,0,0,0,0,0,0,0,-7.829271
2024-01-22 07:00:00,18.76814,3.76389,5.91561,3.449878,3.956722,3.516475,2.462385,15.7301
2024-01-22 08:00:00,291.346,188.2182,146.1552,168.4226,163.9702,158.6298,150.4461,981.1285
2024-01-22 09:00:00,529.4204,514.7361,440.7358,512.2648,473.519,437.8043,500.8687,2905.73
2024-01-22 10:00:00,712.8331,697.8922,656.1186,691.9073,642.2411,602.0488,692.797,3992.204
2024-01-22 11:00:00,818.621,790.6337,780.5458,783.1166,728.5542,694.2559,783.663,4550.436
2024-01-22 12:00:00,862.904,801.9562,819.7044,815.879,762.9708,733.8523,815.8431,4722.776
2024-01-22 13:00:00,797.2217,733.4418,755.1183,760.103,706.1392,682.6134,760.8965,4383.278
2024-01-22 14:00:00,693.2164,626.8738,628.2202,672.9395,625.2202,607.043,675.2404,3815.099
2024-01-22 15:00:00,484.7032,421.3622,396.2234,481.4186,447.5019,436.6834,484.1843,2659.022
2024-01-22 16:00:00,192.5136,140.7009,118.7176,163.437,160.1714,163.3003,168.6701,916.5825
2024-01-22 17:00:00,16.16274,14.83071,13.17685,17.41431,17.6481,17.37948,19.26739,91.97414
2024-01-22 18:00:00,0,0,0,0,0,0,0,-7.938025
2024-01-22 19:00:00,0,0,0,0,0,0,0,-7.868229
2024-01-22 20:00:00,0,0,0,0,0,0,0,-7.900637
2024-01-22 21:00:00,0,0,0,0,0,0,0,-8.049595
2024-01-22 22:00:00,0,0,0,0,0,0,0,-8.083363
2024-01-22 23:00:00,0.1393628,0,0,0,0,0,0,-8.060324
2024-01-23 00:00:00,0,0,0,0,0,0,0,-8.102085
2024-01-23 01:00:00,0,0,0,0,0,0,0,-8.123246
2024-01-23 02:00:00,0,0,0,0,0,0,0,-8.154275
2024-01-23 03:00:00,0,0,0,0,0,0,0,-8.162086
2024-01-23 04:00:00,0,0,0,0,0,0,0,-8.067482
2024-01-23 05:00:00,0,0,0,0,0,0,0,-7.956067
2024-01-23 06:00:00,0,0,0,0,0,0,0,-7.919027
2024-01-23 07:00:00,1.108505,0,0,0,0,0,0,-7.961955
2024-01-23 08:00:00,13.79353,7.135749,13.38425,7.233695,10.93309,6.552596,7.139993,44.79695
2024-01-23 09:00:00,51.8298,52.6854,53.37076,52.89071,49.21179,47.13168,52.41552,303.3973
2024-01-23 10:00:00,95.16697,91.39851,92.52366,91.40734,85.30038,81.74403,90.81845,533.768
2024-01-23 11:00:00,142.968,133.4572,134.7197,133.7968,124.8944,119.8014,132.8956,783.2882
2024-01-23 12:00:00,184.3468,167.9306,169.6521,168.0486,156.8735,150.4593,167.2484,987.3348
2024-01-23 13:00:00,162.8685,150.3281,151.4088,151.0136,141.1567,135.3016,150.3459,883.7547
2024-01-23 14:00:00,98.20397,93.38737,94.46318,93.51345,87.22813,83.79959,92.96088,545.2036
2024-01-23 15:00:00,76.56222,70.09586,70.72281,70.30183,65.58637,62.90893,69.90623,406.9646
2024-01-23 16:00:00,88.00626,69.81795,70.45596,70.50651,65.77235,63.26267,69.99234,407.3575
2024-01-23 17:00:00,7.661665,3.131161,4.84579,4.968965,3.462197,4.08906,4.950072,17.14386
2024-01-23 18:00:00,0,0,0,0,0,0,0,-7.992127
2024-01-23 19:00:00,0,0,0,0,0,0,0,-8.056276
2024-01-23 20:00:00,0,0,0,0,0,0,0,-8.105421
2024-01-23 21:00:00,0,0,0,0,0,0,0,-8.144165
2024-01-23 22:00:00,0,0,0,0,0,0,0,-8.204238
2024-01-23 23:00:00,0,0,0,0,0,0,0,-8.187113
2024-01-24 00:00:00,0,0,0,0,0,0,0,-8.115787
2024-01-24 01:00:00,0,0,0,0,0,0,0,-8.063181
2024-01-24 02:00:00,0,0,0,0,0,0,0,-8.102509
2024-01-24 03:00:00,0,0,0,0,0,0,0,-8.066673
2024-01-24 04:00:00,0,0,0,0,0,0,0,-8.046386
2024-01-24 05:00:00,0,0,0,0,0,0,0,-8.045836
2024-01-24 06:00:00,0,0,0,0,0,0,0,-8.041092
2024-01-24 07:00:00,1.847596,0,0,0,0,0,0,-8.053368
2024-01-24 08:00:00,26.73588,20.62027,23.29446,14.3531,19.60341,12.74452,14.21984,97.65447
2024-01-24 09:00:00,67.10926,61.52504,62.36318,62.1804,58.09724,55.76364,61.54993,357.3329
2024-01-24 10:00:00,126.5916,111.146,112.0626,111.5005,105.4485,100.7135,112.7021,657.0334
2024-01-24 11:00:00,147.4022,132.584,133.6443,132.2478,124.3026,118.5015,133.7435,782.7408
2024-01-24 12:00:00,110.1582,101.0098,101.5545,103.1021,98.03693,92.79123,105.2912,597.9011
2024-01-24 13:00:00,137.8369,121.606,123.9448,121.4785,114.0673,109.6046,121.4641,716.6564
2024-01-24 14:00:00,139.2384,122.5434,122.4549,123.6198,115.1475,110.712,122.4986,718.3309
2024-01-24 15:00:00,80.86854,70.6076,69.94101,70.92581,65.56219,63.21291,69.52705,407.5805
2024-01-24 16:00:00,38.87587,32.91457,33.23904,33.08751,30.97646,29.64226,33.17344,186.9018
2024-01-24 17:00:00,2.003576,0.8778222,1.115604,1.116415,0.9663282,0.3340577,1.039847,-2.499528
2024-01-24 18:00:00,0,0,0,0,0,0,0,-8.067534
2024-01-24 19:00:00,0,0,0,0,0,0,0,-8.12204
2024-01-24 20:00:00,0,0,0,0,0,0,0,-8.222737
2024-01-24 21:00:00,0,0,0,0,0,0,0,-8.222639
2024-01-24 22:00:00,0,0,0,0,0,0,0,-8.215144
2024-01-24 23:00:00,0,0,0,0,0,0,0,-8.225653
2024-01-25 00:00:00,0,0,0,0,0,0,0,-8.212442
2024-01-25 01:00:00,0,0,0,0,0,0,0,-8.266216
2024-01-25 02:00:00,0,0,0,0,0,0,0,-8.235311
2024-01-25 03:00:00,0,0,0,0,0,0,0,-8.136673
2024-01-25 04:00:00,0,0,0,0,0,0,0,-8.125654
2024-01-25 05:00:00,0,0,0,0,0,0,0,-8.140104
2024-01-25 06:00:00,0,0,0,0,0,0,0,-8.109301
2024-01-25 07:00:00,1.633646,0,0,0,0,0,0,-8.13772
2024-01-25 08:00:00,19.89518,14.6902,14.36716,12.37873,14.1307,11.14526,12.99421,70.92808
2024-01-25 09:00:00,69.89016,61.62527,62.2586,61.74094,57.07093,54.88193,61.14307,354.529
2024-01-25 10:00:00,158.7464,136.7637,138.9048,137.5952,130.1359,123.9942,140.1254,810.2887
2024-01-25 11:00:00,109.6757,98.76385,98.72869,99.80758,95.48257,90.75786,102.2422,585.0437
2024-01-25 12:00:00,103.9186,95.62939,96.41377,95.80565,89.45663,85.92097,95.2906,559.153
2024-01-25 13:00:00,113.7281,102.9744,103.1468,103.4335,95.60962,92.34377,101.3222,599.1958
2024-01-25 14:00:00,93.6778,83.99915,84.60529,84.33884,79.11292,75.64393,84.41295,490.1882
2024-01-25 15:00:00,40.33665,36.87369,37.11576,37.20026,34.63833,33.12214,37.05131,210.0579
2024-01-25 16:00:00,72.14958,55.98986,56.57918,56.4342,52.17744,50.43707,55.51932,322.5303
2024-01-25 17:00:00,6.32775,2.852664,3.387269,3.504756,3.115966,1.526847,3.420038,9.956853
2024-01-25 18:00:00,0,0,0,0,0,0,0,-8.06183
2024-01-25 19:00:00,0,0,0,0,0,0,0,-8.077227
2024-01-25 20:00:00,0,0,0,0,0,0,0,-8.172349
2024-01-25 21:00:00,0,0,0,0,0,0,0,-8.198207
2024-01-25 22:00:00,0,0,0,0,0,0,0,-8.217033
2024-01-25 23:00:00,0,0,0,0,0,0,0,-8.245721
2024-01-26 00:00:00,0,0,0,0,0,0,0,-8.173821
2024-01-26 01:00:00,0,0,0,0,0,0,0,-8.190187
2024-01-26 02:00:00,0,0,0,0,0,0,0,-8.26365
2024-01-26 03:00:00,0,0,0,0,0,0,0,-8.282353
2024-01-26 04:00:00,0,0,0,0,0,0,0,-8.247869
2024-01-26 05:00:00,0,0,0,0,0,0,0,-8.118333
2024-01-26 06:00:00,0,0,0,0,0,0,0,-8.076696
2024-01-26 07:00:00,3.931951,0,0,0,0,0,0,-8.18968
2024-01-26 08:00:00,18.56495,11.53983,11.66964,11.49937,10.4977,10.12217,11.24422,58.92506
2024-01-26 09:00:00,144.2379,119.5998,120.7741,119.7373,110.1119,106.4783,116.7346,692.5757
2024-01-26 10:00:00,163.511,135.0873,139.7639,134.6772,124.8976,120.1941,133.0956,790.692
2024-01-26 11:00:00,687.1654,591.8464,613.2814,554.7604,548.554,490.0286,589.1578,3408.34
2024-01-26 12:00:00,637.8624,550.4221,569.7426,559.1481,517.9363,500.912,539.662,3233.591
2024-01-26 13:00:00,389.6901,335.191,352.4704,342.8232,324.3449,301.9735,360.2232,2024.152
2024-01-26 14:00:00,355.8016,300.9518,309.716,303.8091,306.9614,277.9311,332.5838,1851.552
2024-01-26 15:00:00,450.508,370.8929,362.9184,403.7606,376.1079,366.9436,401.4658,2293.267
2024-01-26 16:00:00,119.839,95.78259,94.95102,98.73871,92.15569,89.7116,98.61013,567.5242
2024-01-26 17:00:00,17.27706,11.94035,11.90758,12.2743,11.25663,10.82894,12.2425,62.62383
2024-01-26 18:00:00,0,0,0,0,0,0,0,-8.114191
2024-01-26 19:00:00,0,0,0,0,0,0,0,-8.182789
2024-01-26 20:00:00,0,0,0,0,0,0,0,-8.123835
2024-01-26 21:00:00,0,0,0,0,0,0,0,-8.067267
2024-01-26 22:00:00,0,0,0,0,0,0,0,-8.152841
2024-01-26 23:00:00,0,0,0,0,0,0,0,-8.222225
2024-01-27 00:00:00,0,0,0,0,0,0,0,-8.242768
2024-01-27 01:00:00,0,0,0,0,0,0,0,-8.191288
2024-01-27 02:00:00,0,0,0,0,0,0,0,-8.219439
2024-01-27 03:00:00,0,0,0,0,0,0,0,-8.242842
2024-01-27 04:00:00,0,0,0,0,0,0,0,-8.224356
2024-01-27 05:00:00,0,0,0,0,0,0,0,-8.224996
2024-01-27 06:00:00,0,0,0,0,0,0,0,-8.141105
2024-01-27 07:00:00,2.074218,0,0,0,0,0,0,-8.089491
2024-01-27 08:00:00,13.27608,7.235659,7.286959,4.025339,6.096375,4.000698,3.893803,24.90915
2024-01-27 09:00:00,64.75916,56.8466,57.53105,56.01371,52.5599,50.56327,55.9454,326.0045
2024-01-27 10:00:00,112.4069,97.63544,98.66039,97.56322,90.88086,87.34914,95.89405,568.3928
2024-01-27 11:00:00,251.5444,222.1419,222.9602,224.4668,213.209,203.197,226.8762,1325.254
2024-01-27 12:00:00,679.0925,378.9828,384.1154,382.8716,340.4525,521.1559,389.4007,2414.434
2024-01-27 13:00:00,360.1835,312.4239,317.5661,316.7962,295.3483,284.8478,317.605,1851.933
2024-01-27 14:00:00,23.18151,21.4131,22.47956,22.42654,20.73993,18.7662,22.17878,121.1605
2024-01-27 15:00:00,65.96284,57.99352,58.79713,58.77829,54.49149,52.21075,58.31647,336.855
2024-01-27 16:00:00,19.20144,15.66443,16.41555,16.41762,15.03832,13.746,16.14065,85.76991
2024-01-27 17:00:00,7.662684,4.931317,5.019217,4.9845,4.586088,4.217372,4.926424,20.99012
2024-01-27 18:00:00,0,0,0,0,0,0,0,-8.057333
2024-01-27 19:00:00,0,0,0,0,0,0,0,-8.117425
2024-01-27 20:00:00,0,0,0,0,0,0,0,-8.189762
2024-01-27 21:00:00,0,0,0,0,0,0,0,-8.207466
2024-01-27 22:00:00,0,0,0,0,0,0,0,-8.245054
2024-01-27 23:00:00,0,0,0,0,0,0,0,-8.264478
2024-01-28 00:00:00,0,0,0,0,0,0,0,-8.257088
2024-01-28 01:00:00,0.2188717,0,0,0,0,0,0,-8.294721
2024-01-28 02:00:00,0.3881303,0,0,0,0,0,0,-8.292739
2024-01-28 03:00:00,0.06372035,0,0,0,0,0,0,-8.300512
2024-01-28 04:00:00,0.0891581,0,0,0,0,0,0,-8.266238
2024-01-28 05:00:00,0,0,0,0,0,0,0,-8.235391
2024-01-28 06:00:00,0,0,0,0,0,0,0,-8.194345
2024-01-28 07:00:00,28.47868,6.648914,6.669813,4.419613,6.625542,0.2352778,4.01409,20.63658
2024-01-28 08:00:00,191.3297,148.9948,141.1718,134.5421,157.033,116.5548,157.6944,807.357
2024-01-28 09:00:00,523.1808,490.8049,395.461,484.1842,453.0189,413.2199,471.8994,2725.003
2024-01-28 10:00:00,677.6254,645.3265,653.0455,668.8065,591.4396,583.951,630.9686,3754.134
2024-01-28 11:00:00,875.9947,816.7233,808.506,816.3631,762.9301,729.4771,802.6127,4731.696
2024-01-28 12:00:00,929.3667,562.3615,538.8722,566.5253,547.8308,697.4117,518.4675,3385.84
2024-01-28 13:00:00,685.0979,560.1749,559.3622,572.9638,546.6378,567.5327,522.045,3357.084
2024-01-28 14:00:00,483.984,400.7882,417.3781,441.3785,422.4516,418.3008,453.2954,2493.418
2024-01-28 15:00:00,201.4079,162.652,173.4904,181.5461,156.3795,157.064,173.1205,996.4736
2024-01-28 16:00:00,55.01664,44.6205,48.00087,49.81656,47.43457,46.35848,52.76966,278.6383
2024-01-28 17:00:00,2.901248,1.505046,1.849017,2.158792,1.663424,1.475433,1.80433,2.57486
2024-01-28 18:00:00,0,0,0,0,0,0,0,-7.952854
2024-01-28 19:00:00,0,0,0,0,0,0,0,-7.981637
2024-01-28 20:00:00,0,0,0,0,0,0,0,-8.004766
2024-01-28 21:00:00,0,0,0,0,0,0,0,-8.137
2024-01-28 22:00:00,0,0,0,0,0,0,0,-8.187533
2024-01-28 23:00:00,0,0,0,0,0,0,0,-8.183674
2024-01-29 00:00:00,0,0,0,0,0,0,0,-8.20527
2024-01-29 01:00:00,0,0,0,0,0,0,0,-8.188894
2024-01-29 02:00:00,0,0,0,0,0,0,0,-8.209699
2024-01-29 03:00:00,0,0,0,0,0,0,0,-8.188066
2024-01-29 04:00:00,0,0,0,0,0,0,0,-8.049391
2024-01-29 05:00:00,0,0,0,0,0,0,0,-8.105569
2024-01-29 06:00:00,0,0,0,0,0,0,0,-7.950471
2024-01-29 07:00:00,30.67945,6.715172,4.013833,5.24524,5.689528,5.00925,3.658658,22.3352
2024-01-29 08:00:00,295.0533,214.9933,167.9419,196.2148,185.6257,176.8925,171.2747,1122.231
2024-01-29 09:00:00,542.9809,525.8077,461.3116,521.9266,482.1956,446.6759,514.6928,2976.115
2024-01-29 10:00:00,740.9809,722.8328,692.3,702.9554,663.9351,626.6445,711.9611,4124.588
2024-01-29 11:00:00,869.5848,824.4921,818.3785,820.0776,769.0148,736.1406,819.4306,4762.614
2024-01-29 12:00:00,916.6962,832.7672,832.9308,832.9151,805.1592,776.7815,832.9246,4881.068
2024-01-29 13:00:00,875.4027,798.4742,804.9432,822.1647,772.8279,750.1637,822.7695,4742.147
2024-01-29 14:00:00,755.7925,681.9979,637.2096,726.3395,678.5515,658.5436,696.034,4063.437
2024-01-29 15:00:00,563.3476,485.5713,429.0243,550.9744,512.9767,499.7946,523.1364,3000.008
2024-01-29 16:00:00,317.5128,212.272,149.2544,261.6049,255.155,268.1719,258.8898,1407.393
2024-01-29 17:00:00,24.54313,18.1866,9.732445,24.40917,30.34022,29.18547,31.01097,135.6595
2024-01-29 18:00:00,0,0,0,0,0,0,0,-7.930282
2024-01-29 19:00:00,0,0,0,0,0,0,0,-7.934176
2024-01-29 20:00:00,0,0,0,0,0,0,0,-7.939568
2024-01-29 21:00:00,0,0,0,0,0,0,0,-8.018778
2024-01-29 22:00:00,0,0,0,0,0,0,0,-8.148782
2024-01-29 23:00:00,0,0,0,0,0,0,0,-8.185225
2024-01-30 00:00:00,0,0,0,0,0,0,0,-8.081598
2024-01-30 01:00:00,0,0,0,0,0,0,0,-8.071204
2024-01-30 02:00:00,0,0,0,0,0,0,0,-8.013305
2024-01-30 03:00:00,0,0,0,0,0,0,0,-7.999518
2024-01-30 04:00:00,0,0,0,0,0,0,0,-7.96438
2024-01-30 05:00:00,0,0,0,0,0,0,0,-7.97131
2024-01-30 06:00:00,0,0,0,0,0,0,0,-8.068591
2024-01-30 07:00:00,32.34988,8.300865,8.276801,7.663737,8.441293,7.626523,5.4526,38.58992
2024-01-30 08:00:00,313.8252,235.8237,185.7977,216.9346,204.0652,193.7686,188.6171,1236.329
2024-01-30 09:00:00,503.2441,484.9561,435.8966,479.5333,443.0375,411.2487,472.2805,2757.259
2024-01-30 10:00:00,688.7072,663.9949,646.6492,653.3875,595.3813,573.1967,641.8664,3765.128
2024-01-30 11:00:00,855.9872,806.5818,797.2879,801.0326,748.9626,716.3577,795.8373,4640.357
2024-01-30 12:00:00,848.5991,764.2778,774.6083,769.873,734.8759,711.4542,768.2354,4498.815
2024-01-30 13:00:00,875.3885,790.2819,815.0925,811.5867,759.0392,734.6322,813.3425,4695.593
2024-01-30 14:00:00,746.9896,670.1967,672.2959,711.3756,663.2034,643.0466,715.7499,4061.654
2024-01-30 15:00:00,553.5267,478.513,454.4428,540.3983,503.3229,489.6152,544.0077,3008.847
2024-01-30 16:00:00,304.7762,214.3993,164.9654,263.3514,259.5413,265.3517,273.9623,1443.759
2024-01-30 17:00:00,22.78768,19.36587,11.92417,24.92995,30.33179,29.26151,33.05508,141.6308
2024-01-30 18:00:00,0,0,0,0,0,0,0,-7.938276
2024-01-30 19:00:00,0,0,0,0,0,0,0,-7.945193
2024-01-30 20:00:00,0,0,0,0,0,0,0,-7.988899
2024-01-30 21:00:00,0,0,0,0,0,0,0,-8.07867
2024-01-30 22:00:00,0,0,0,0,0,0,0,-8.135859
2024-01-30 23:00:00,0,0,0,0,0,0,0,-8.176336
2024-01-31 00:00:00,0,0,0,0,0,0,0,-8.148259
2024-01-31 01:00:00,0,0,0,0,0,0,0,-8.211068
2024-01-31 02:00:00,0,0,0,0,0,0,0,-8.114614
2024-01-31 03:00:00,0,0,0,0,0,0,0,-8.049179
2024-01-31 04:00:00,0,0,0,0,0,0,0,-8.05125
2024-01-31 05:00:00,0,0,0,0,0,0,0,-8.024374
2024-01-31 06:00:00,0,0,0,0,0,0,0,-8.084894
2024-01-31 07:00:00,0.4311344,0,0,0,0,0,0,-8.092852
2024-01-31 08:00:00,19.44956,10.77382,16.53083,7.652575,9.139754,8.66664,9.663296,55.44236
2024-01-31 09:00:00,70.46263,70.29776,70.61855,70.52213,66.63141,63.45798,71.14669,411.2664
2024-01-31 10:00:00,247.0406,223.2697,226.0922,220.8297,205.5331,196.3027,220.1174,1307.743
2024-01-31 11:00:00,428.8536,313.6273,172.5502,336.0139,366.3751,358.2082,400.1594,1930.686
2024-01-31 12:00:00,456.4448,371.7448,368.1958,368.3362,413.2665,384.6222,416.4071,2294.177
2024-01-31 13:00:00,267.8305,228.8602,234.6657,231.3379,211.3468,203.1878,215.5523,1339.131
2024-01-31 14:00:00,171.7041,151.6642,155.27,150.6585,137.1796,133.7157,144.5207,876.5811
2024-01-31 15:00:00,86.41469,79.29372,79.95074,79.2669,74.14832,71.16515,79.08221,461.3225
2024-01-31 16:00:00,178.0016,123.4804,107.4571,137.1982,136.9174,140.1279,139.3774,787.108
2024-01-31 17:00:00,25.51921,18.71477,14.90959,19.57596,18.02284,19.0909,18.71477,101.8967
2024-01-31 18:00:00,0,0,0,0,0,0,0,-7.935802
2024-01-31 19:00:00,0,0,0,0,0,0,0,-7.931224
2024-01-31 20:00:00,0,0,0,0,0,0,0,-7.921985
2024-01-31 21:00:00,0,0,0,0,0,0,0,-8.01129
2024-01-31 22:00:00,0,0,0,0,0,0,0,-8.115501
2024-01-31 23:00:00,0,0,0,0,0,0,0,-8.172559
