S. Robeson Solar,Unnamed: 1,Unnamed: 2,Unnamed: 3,Unnamed: 4,Unnamed: 5,Unnamed: 6,Unnamed: 7,Unnamed: 8,Unnamed: 9,Unnamed: 10,Unnamed: 11,Unnamed: 12
,,,,,,,,,,,,
Timestamp,POA*,"SMA Inverter - A.1, Pac","SMA Inverter - A.2, Pac","SMA Inverter - B.1, Pac","SMA Inverter - B.2, Pac","SMA Inverter - C.1, Pac","SMA Inverter - C.2, Pac","SMA Inverter - D.1, Pac","SMA Inverter - D.2, Pac","SMA Inverter - E.1, Pac","SMA Inverter - E.2, Pac",Production meter active power
,W/mÂ²,kW,kW,kW,kW,kW,kW,kW,kW,kW,kW,kW
2024-01-01 00:00:00,0,0,0,0,0,0,0,0,0,0,0,-10.0349
2024-01-01 01:00:00,0,0,0,0,0,0,0,0,0,0,0,-10.05705
2024-01-01 02:00:00,0,0,0,0,0,0,0,0,0,0,0,-10.07508
2024-01-01 03:00:00,0,0,0,0,0,0,0,0,0,0,0,-10.06283
2024-01-01 04:00:00,0,0,0,0,0,0,0,0,0,0,0,-9.981318
2024-01-01 05:00:00,0,0,0,0,0,0,0,0,0,0,0,-9.945783
2024-01-01 06:00:00,0,0,0,0,0,0,0,0,0,0,0,-9.940575
2024-01-01 07:00:00,15.99597,3.798615,3.242444,3.941878,4.271318,4.419959,4.3115,2.032173,2.305726,4.71279,2.145819,22.76967
2024-01-01 08:00:00,136.5314,59.30862,52.18865,59.51958,63.77689,59.56276,61.22793,45.04834,43.26711,61.08897,43.75749,530.1963
2024-01-01 09:00:00,307.2034,160.752,141.5629,157.1986,167.5813,162.1126,174.0924,126.5626,125.2038,153.65,117.7693,1456.764
2024-01-01 10:00:00,346.9073,178.5641,155.0413,177.4398,183.3778,171.3612,179.4172,133.3404,130.5525,173.0904,132.7973,1583.27
2024-01-01 11:00:00,359.9751,182.8063,164.3727,184.1846,193.9119,185.1533,195.5644,142.3853,140.9268,191.2781,144.9684,1668.179
2024-01-01 12:00:00,513.4229,259.0829,221.5073,248.3485,255.1723,251.6352,272.7396,199.2859,200.1635,246.5323,185.3802,2274.506
2024-01-01 13:00:00,325.4391,147.1179,131.107,150.0152,154.5571,149.6729,155.5264,117.2418,114.7011,148.6505,112.8364,1335.275
2024-01-01 14:00:00,176.6118,84.0816,73.86407,84.02054,88.35329,84.24816,87.43385,64.79888,63.21267,84.96764,64.53679,752.2133
2024-01-01 15:00:00,53.18819,26.86316,23.09217,26.39625,28.17847,26.68952,27.84727,17.50735,19.72333,27.05346,18.19259,224.8641
2024-01-01 16:00:00,44.21779,15.67115,13.0366,14.40501,15.55634,15.4199,15.67583,9.289166,11.00382,15.75552,7.406703,120.9847
2024-01-01 17:00:00,1.555242,0.1830419,0,0.1758297,0.2008025,0.1720203,0.2026304,0,0,0.0156939,0.0120155,-10.78212
2024-01-01 18:00:00,0,0,0,0,0,0,0,0,0,0,0,-10.01213
2024-01-01 19:00:00,0,0,0,0,0,0,0,0,0,0,0,-9.934669
2024-01-01 20:00:00,0,0,0,0,0,0,0,0,0,0,0,-9.935831
2024-01-01 21:00:00,0,0,0,0,0,0,0,0,0,0,0,-9.919971
2024-01-01 22:00:00,0,0,0,0,0,0,0,0,0,0,0,-10.00076
2024-01-01 23:00:00,0,0,0,0,0,0,0,0,0,0,0,-9.994444
2024-01-02 00:00:00,0,0,0,0,0,0,0,0,0,0,0,-10.0306
2024-01-02 01:00:00,0,0,0,0,0,0,0,0,0,0,0,-10.02791
2024-01-02 02:00:00,0,0,0,0,0,0,0,0,0,0,0,-9.969535
2024-01-02 03:00:00,0,0,0,0,0,0,0,0,0,0,0,-9.940787
2024-01-02 04:00:00,0,0,0,0,0,0,0,0,0,0,0,-9.944149
2024-01-02 05:00:00,0,0,0,0,0,0,0,0,0,0,0,-10.06049
2024-01-02 06:00:00,0,0,0,0,0,0,0,0,0,0,0,-9.970316
2024-01-02 07:00:00,20.25424,2.663224,1.47923,2.463854,2.306905,3.306818,2.602051,0.7458193,1.03847,3.596802,2.319499,11.59074
2024-01-02 08:00:00,287.6474,73.98779,62.79448,75.27384,84.51243,72.34725,67.16611,59.21173,44.12961,70.32074,51.14132,642.0165
2024-01-02 09:00:00,515.6185,290.3175,260.2319,295.9424,305.8539,288.227,303.2293,223.6636,220.946,297.2427,225.0555,2643.102
2024-01-02 10:00:00,688.9761,377.2393,341.1182,384.8882,393.1625,373.9381,392.3141,288.3115,285.6646,385.4019,291.3216,3403.098
2024-01-02 11:00:00,793.8337,425.2103,385.9498,434.5866,441.1619,421.382,440.4926,323.4308,320.5125,431.9239,326.0382,3808.368
2024-01-02 12:00:00,821.784,430.872,390.9687,439.3292,445.8115,428.0091,445.5369,327.5482,324.8164,437.5981,329.5106,3847.988
2024-01-02 13:00:00,773.5516,406.7343,368.0584,414.8685,420.6519,404.4701,419.8715,308.3604,305.4552,411.6571,309.6993,3625.96
2024-01-02 14:00:00,650.7875,347.6271,313.4319,351.9363,359.2906,346.3405,359.1047,263.747,260.958,350.7675,264.8641,3097.135
2024-01-02 15:00:00,462.6331,241.6129,214.1371,232.4218,240.2975,237.9967,237.1821,175.8341,163.6832,221.5849,175.0118,2064.192
2024-01-02 16:00:00,209.1203,26.03519,22.50332,18.65427,19.22901,33.80493,27.6492,14.23653,9.407895,16.72009,10.6821,179.9136
2024-01-02 17:00:00,2.134576,0.5338615,0.1760398,0.111374,0.0001361868,0.3068835,0.4076028,0.1439826,0.1529334,0.2013155,0.1427439,-8.668069
2024-01-02 18:00:00,0,0,0,0,0,0,0,0,0,0,0,-10.05865
2024-01-02 19:00:00,0,0,0,0,0,0,0,0,0,0,0,-10.07824
2024-01-02 20:00:00,0,0,0,0,0,0,0,0,0,0,0,-10.02795
2024-01-02 21:00:00,0,0,0,0,0,0,0,0,0,0,0,-10.03238
2024-01-02 22:00:00,0,0,0,0,0,0,0,0,0,0,0,-10.12047
2024-01-02 23:00:00,0,0,0,0,0,0,0,0,0,0,0,-10.13823
2024-01-03 00:00:00,0,0,0,0,0,0,0,0,0,0,0,-10.11156
2024-01-03 01:00:00,0,0,0,0,0,0,0,0,0,0,0,-10.06341
2024-01-03 02:00:00,0,0,0,0,0,0,0,0,0,0,0,-10.06668
2024-01-03 03:00:00,0,0,0,0,0,0,0,0,0,0,0,-10.21809
2024-01-03 04:00:00,0,0,0,0,0,0,0,0,0,0,0,-10.18792
2024-01-03 05:00:00,0,0,0,0,0,0,0,0,0,0,0,-10.25427
2024-01-03 06:00:00,0,0,0,0,0,0,0,0,0,0,0,-10.39477
2024-01-03 07:00:00,20.39363,2.486096,1.29963,2.31289,2.364015,3.323252,3.126693,0.9737969,1.009112,2.875959,2.053449,7.116475
2024-01-03 08:00:00,316.8463,75.43039,64.37524,76.92618,86.02322,73.97516,68.807,60.78082,45.65371,73.27477,54.61022,660.7947
2024-01-03 09:00:00,522.8364,264.7253,238.1034,271.5983,280.5707,279.9455,293.9158,218.0688,215.5302,287.3022,218.502,2110.696
2024-01-03 10:00:00,657.4312,,,,,345.4827,360.7767,266.2909,262.7427,351.5137,266.6549,1775.299
2024-01-03 11:00:00,611.0494,222.5294,195.9956,195.6911,229.3233,275.1379,274.7538,203.3266,200.5762,300.2422,227.8734,1490.173
2024-01-03 12:00:00,399.963,235.6659,205.9818,232.3121,242.1391,108.4998,112.0308,45.48661,44.28601,261.071,198.4324,1261.195
2024-01-03 13:00:00,259.981,125.897,110.8059,124.6408,130.7747,124.4542,129.5038,95.9194,93.68584,78.84452,60.15748,1006.057
2024-01-03 14:00:00,140.2944,67.80434,67.49094,66.80408,70.60511,66.89159,69.64442,59.90095,50.28833,67.81959,51.60871,615.7482
2024-01-03 15:00:00,86.29765,40.9949,40.81992,40.35764,42.80858,40.61512,42.20791,36.57898,30.33724,41.21584,31.08784,370.3236
2024-01-03 16:00:00,58.23209,23.1928,23.01315,22.99382,24.37667,23.02505,24.37652,19.46976,16.75184,23.02279,15.70519,199.9872
2024-01-03 17:00:00,1.029765,0,0,0.07131173,0.1774233,0,0.08370083,0.07085645,0,0.08418818,0.0636216,-10.18833
2024-01-03 18:00:00,0,0,0,0,0,0,0,0,0,0,0,-10.06373
2024-01-03 19:00:00,0,0,0,0,0,0,0,0,0,0,0,-10.03911
2024-01-03 20:00:00,0,0,0,0,0,0,0,0,0,0,0,-10.05025
2024-01-03 21:00:00,0,0,0,0,0,0,0,0,0,0,0,-10.101
2024-01-03 22:00:00,0,0,0,0,0,0,0,0,0,0,0,-10.11261
2024-01-03 23:00:00,0,0,0,0,0,0,0,0,0,0,0,-10.12711
2024-01-04 00:00:00,0,0,0,0,0,0,0,0,0,0,0,-10.11383
2024-01-04 01:00:00,0,0,0,0,0,0,0,0,0,0,0,-10.11657
2024-01-04 02:00:00,0,0,0,0,0,0,0,0,0,0,0,-10.11145
2024-01-04 03:00:00,0,0,0,0,0,0,0,0,0,0,0,-10.06615
2024-01-04 04:00:00,0,0,0,0,0,0,0,0,0,0,0,-10.03483
2024-01-04 05:00:00,0,0,0,0,0,0,0,0,0,0,0,-10.00886
2024-01-04 06:00:00,0,0,0,0,0,0,0,0,0,0,0,-10.13352
2024-01-04 07:00:00,19.85911,3.121484,2.702406,3.079457,2.800068,3.719567,3.231948,2.198924,1.729048,3.150165,0.9608613,16.95292
2024-01-04 08:00:00,273.2761,73.52869,71.14053,74.80034,83.76258,71.76923,66.69648,70.03928,44.61557,70.22346,51.15722,658.4692
2024-01-04 09:00:00,498.8914,195.3327,178.114,285.582,295.1757,278.3424,292.3239,252.4538,212.8238,287.4775,217.8398,2405.682
2024-01-04 10:00:00,668.5024,324.5055,378.6819,346.1425,328.3015,364.0783,381.5618,328.5111,277.6306,374.7909,283.1642,2983.366
2024-01-04 11:00:00,781.0948,370.6999,436.5622,,432.734,416.3315,434.9796,373.972,316.8795,427.0582,322.0596,3396.701
2024-01-04 12:00:00,817.5105,383.1619,451.8219,,448.7358,431.423,449.0587,385.6066,326.9291,415.5894,331.5605,3241.077
2024-01-04 13:00:00,773.1781,362.6112,426.6872,,425.4424,409.0656,424.4272,365.1541,309.2095,110.5565,309.0815,2929.455
2024-01-04 14:00:00,646.4485,307.4905,359.9997,,359.7804,287.9091,304.1251,308.9415,261.0538,352.0476,161.4667,2501.521
2024-01-04 15:00:00,436.5216,203.6569,235.4202,110.5291,231.9888,225.5559,177.9456,199.8479,160.5995,218.3546,171.0938,1836.275
2024-01-04 16:00:00,202.0112,25.84474,32.34233,25.37923,26.56562,38.51564,33.06107,23.41635,15.22353,23.21713,16.93016,240.0178
2024-01-04 17:00:00,2.891187,0.5354813,0.948418,1.051101,1.109818,0.9647935,0.8347948,0.2966797,0.2560345,0.3267412,0.2490353,-4.282127
2024-01-04 18:00:00,0,0,0,0,0,0,0,0,0,0,0,-10.09538
2024-01-04 19:00:00,0,0,0,0,0,0,0,0,0,0,0,-10.09543
2024-01-04 20:00:00,0,0,0,0,0,0,0,0,0,0,0,-10.09688
2024-01-04 21:00:00,0,0,0,0,0,0,0,0,0,0,0,-10.13444
2024-01-04 22:00:00,0,0,0,0,0,0,0,0,0,0,0,-10.08061
2024-01-04 23:00:00,0,0,0,0,0,0,0,0,0,0,0,-10.09844
2024-01-05 00:00:00,0,0,0,0,0,0,0,0,0,0,0,-10.10586
2024-01-05 01:00:00,0,0,0,0,0,0,0,0,0,0,0,-10.15453
2024-01-05 02:00:00,0,0,0,0,0,0,0,0,0,0,0,-10.13884
2024-01-05 03:00:00,0,0,0,0,0,0,0,0,0,0,0,-10.20035
2024-01-05 04:00:00,0,0,0,0,0,0,0,0,0,0,0,-10.23239
2024-01-05 05:00:00,0,0,0,0,0,0,0,0,0,0,0,-10.20389
2024-01-05 06:00:00,0,0,0,0,0,0,0,0,0,0,0,-10.35749
2024-01-05 07:00:00,21.22166,2.341146,2.282799,2.500154,2.265663,0.2838332,2.850632,1.033903,1.074222,4.388028,2.181972,9.14852
2024-01-05 08:00:00,340.1977,65.87772,74.73006,78.36125,88.36156,0,70.04169,74.10661,46.22203,74.07749,54.79325,611.3138
2024-01-05 09:00:00,547.2999,257.9531,299.6007,295.9165,306.1927,0,304.3447,262.247,221.051,299.0989,226.9292,2411.23
2024-01-05 10:00:00,692.4948,328.2623,383.9453,378.0407,386.7506,0,383.7826,331.8243,279.3311,376.8327,284.988,3038.82
2024-01-05 11:00:00,803.9293,366.8834,434.1892,426.1637,434.4542,0,432.7894,373.3007,315.5901,423.5946,319.8886,3405.768
2024-01-05 12:00:00,785.3836,353.3662,418.6362,408.8173,417.8322,0,414.2568,355.9763,300.5976,402.0744,305.7055,3261.295
2024-01-05 13:00:00,752.0096,337.4942,395.9841,386.8798,396.2664,0,398.5662,341.7936,288.7341,390.1429,295.3355,3113.08
2024-01-05 14:00:00,634.8413,300.5191,349.2454,342.0795,350.752,54.03027,349.1447,301.2267,253.2003,342.6395,259.83,2790.511
2024-01-05 15:00:00,449.4449,209.9112,243.672,234.9197,243.2198,232.7032,241.7369,208.843,170.926,230.0761,178.599,2119.849
2024-01-05 16:00:00,146.1102,28.45773,34.49842,30.13436,31.59422,36.05667,33.61346,27.16447,19.05752,28.42541,18.86244,268.525
2024-01-05 17:00:00,4.469286,0.8543155,1.127131,1.140417,1.032339,1.880541,1.198225,0.4071822,0.06153572,0.5972235,0.6956667,-0.1717753
2024-01-05 18:00:00,0,0,0,0,0,0,0,0,0,0,0,-9.977144
2024-01-05 19:00:00,0,0,0,0,0,0,0,0,0,0,0,-10.03066
2024-01-05 20:00:00,0,0,0,0,0,0,0,0,0,0,0,-10.06932
2024-01-05 21:00:00,0,0,0,0,0,0,0,0,0,0,0,-10.04831
2024-01-05 22:00:00,0,0,0,0,0,0,0,0,0,0,0,-10.01275
2024-01-05 23:00:00,0,0,0,0,0,0,0,0,0,0,0,-10.0172
2024-01-06 00:00:00,0,0,0,0,0,0,0,0,0,0,0,-10.04943
2024-01-06 01:00:00,0,0,0,0,0,0,0,0,0,0,0,-10.06244
2024-01-06 02:00:00,0,0,0,0,0,0,0,0,0,0,0,-10.06983
2024-01-06 03:00:00,0,0,0,0,0,0,0,0,0,0,0,-10.12353
2024-01-06 04:00:00,0,0,0,0,0,0,0,0,0,0,0,-10.16369
2024-01-06 05:00:00,0,0,0,0,0,0,0,0,0,0,0,-10.27922
2024-01-06 06:00:00,0,0,0,0,0,0,0,0,0,0,0,-10.34856
2024-01-06 07:00:00,1.698568,0.2717037,0.378404,0.4190382,0.524958,0.4799452,0.4973755,0.1444346,0,0.3275569,0,-8.161024
2024-01-06 08:00:00,14.64627,5.095212,5.87314,5.856009,6.570812,4.70476,6.077043,2.13532,3.216564,4.844305,2.989179,35.10807
2024-01-06 09:00:00,28.60632,13.09617,14.86345,14.41693,15.38794,14.57004,14.13148,9.515572,8.809625,14.32703,8.8051,113.7647
2024-01-06 10:00:00,74.78544,33.74262,39.53072,38.40711,40.92903,39.09164,40.94373,34.32839,29.24189,40.65055,28.68658,346.9963
2024-01-06 11:00:00,74.6511,33.10695,37.43932,37.10296,39.43665,37.0481,39.71578,29.81552,27.8003,36.54497,25.45899,321.9999
2024-01-06 12:00:00,158.116,66.23837,79.08566,85.6454,89.23071,78.88493,81.94753,72.76909,58.90823,92.6936,63.57916,754.3125
2024-01-06 13:00:00,278.3048,110.2123,120.846,124.9783,125.1911,116.0388,122.911,106.9282,91.71372,116.8714,89.36897,1102.878
2024-01-06 14:00:00,347.4557,153.2003,213.031,198.9676,201.5087,186.9908,181.5249,158.7627,134.7754,193.5188,164.0972,1753.764
2024-01-06 15:00:00,383.3472,154.2341,172.5519,183.4582,187.1879,163.4534,163.795,145.6082,112.4504,191.6728,140.6569,1543.726
2024-01-06 16:00:00,120.2769,33.39631,38.77427,32.61337,34.12541,38.88959,36.53292,31.15115,19.49266,31.17904,20.43088,297.6748
2024-01-06 17:00:00,3.221403,0.4020965,0.684706,0.6162757,0.6220037,0.5263162,0.5882598,0.448225,0,0.480142,0.0494882,-7.829062
2024-01-06 18:00:00,0,0,0,0,0,0,0,0,0,0,0,-9.903396
2024-01-06 19:00:00,0,0,0,0,0,0,0,0,0,0,0,-9.874865
2024-01-06 20:00:00,0,0,0,0,0,0,0,0,0,0,0,-9.882142
2024-01-06 21:00:00,0,0,0,0,0,0,0,0,0,0,0,-9.894321
2024-01-06 22:00:00,0,0,0,0,0,0,0,0,0,0,0,-9.921917
2024-01-06 23:00:00,0,0,0,0,0,0,0,0,0,0,0,-9.967025
2024-01-07 00:00:00,0,0,0,0,0,0,0,0,0,0,0,-9.973485
2024-01-07 01:00:00,0,0,0,0,0,0,0,0,0,0,0,-9.957641
2024-01-07 02:00:00,0,0,0,0,0,0,0,0,0,0,0,-9.966669
2024-01-07 03:00:00,0,0,0,0,0,0,0,0,0,0,0,-9.975265
2024-01-07 04:00:00,0,0,0,0,0,0,0,0,0,0,0,-9.931511
2024-01-07 05:00:00,0,0,0,0,0,0,0,0,0,0,0,-9.936469
2024-01-07 06:00:00,0,0,0,0,0,0,0,0,0,0,0,-10.01647
2024-01-07 07:00:00,16.91528,1.638804,2.276833,1.945086,1.915267,3.00346,2.401749,0.687528,1.357797,2.919976,1.399741,8.498466
2024-01-07 08:00:00,252.9984,66.16582,74.91669,77.65873,86.86028,74.82702,70.33796,72.04726,47.26792,74.53664,54.36955,679.8672
2024-01-07 09:00:00,502.4088,249.3747,289.8921,287.4614,296.133,278.0833,292.9459,253.6804,212.8011,289.08,217.6393,2598.835
2024-01-07 10:00:00,679.9304,325.5744,382.9149,376.9055,384.6933,364.2231,382.0179,329.7956,278.1825,375.4229,282.0097,3370.637
2024-01-07 11:00:00,790.1783,366.6316,431.4674,424.0625,430.5821,409.0806,428.3174,369.3311,312.365,419.0657,314.4211,3764.706
2024-01-07 12:00:00,825.3984,380.3551,447.3483,439.2293,445.1356,424.9632,443.5564,381.0559,322.6653,429.4906,321.674,3888.683
2024-01-07 13:00:00,788.8207,362.6273,428.0242,418.767,419.9875,407.6559,419.1578,365.7367,300.4467,417.788,313.0781,3707.135
2024-01-07 14:00:00,367.8759,179.2137,206.1375,205.1143,207.7319,196.0231,205.3497,178.0112,148.0547,202.6272,154.7477,1818.689
2024-01-07 15:00:00,468.4954,227.8744,263.084,254.3055,261.0199,252.3329,255.5901,223.0886,182.014,226.7442,179.4411,2258.371
2024-01-07 16:00:00,164.9392,29.35058,35.66505,27.50804,27.56155,37.87795,30.6342,23.9658,13.67406,21.96446,14.54777,247.3329
2024-01-07 17:00:00,2.979985,0.4264753,0.7557333,0.1791562,0.7565163,0.8151975,0,0.2423389,0.1422135,0.4726152,0.3432463,-6.742529
2024-01-07 18:00:00,0,0,0,0,0,0,0,0,0,0,0,-10.04949
2024-01-07 19:00:00,0,0,0,0,0,0,0,0,0,0,0,-10.037
2024-01-07 20:00:00,0,0,0,0,0,0,0,0,0,0,0,-9.991885
2024-01-07 21:00:00,0,0,0,0,0,0,0,0,0,0,0,-10.03137
2024-01-07 22:00:00,0,0,0,0,0,0,0,0,0,0,0,-10.10088
2024-01-07 23:00:00,0,0,0,0,0,0,0,0,0,0,0,-10.12
2024-01-08 00:00:00,0,0,0,0,0,0,0,0,0,0,0,-10.12344
2024-01-08 01:00:00,0,0,0,0,0,0,0,0,0,0,0,-10.08222
2024-01-08 02:00:00,0,0,0,0,0,0,0,0,0,0,0,-10.02679
2024-01-08 03:00:00,0,0,0,0,0,0,0,0,0,0,0,-10.03172
2024-01-08 04:00:00,0,0,0,0,0,0,0,0,0,0,0,-10.0993
2024-01-08 05:00:00,0,0,0,0,0,0,0,0,0,0,0,-10.0969
2024-01-08 06:00:00,0,0,0,0,0,0,0,0,0,0,0,-10.07785
2024-01-08 07:00:00,12.89184,3.420064,3.594249,4.27853,4.651002,4.320577,3.55023,2.669168,2.339989,4.001709,1.550084,24.10992
2024-01-08 08:00:00,122.5751,49.98519,57.31129,56.47507,60.56705,56.57006,58.47126,50.89956,41.76426,57.00031,43.82262,517.7761
2024-01-08 09:00:00,284.4194,124.6056,143.3521,141.5643,149.0072,140.3795,147.4539,127.7962,106.4874,142.6232,110.123,1304.035
2024-01-08 10:00:00,388.0229,176.315,201.2949,198.6443,207.0438,195.8335,206.632,178.8134,149.6884,202.5613,155.37,1824.969
2024-01-08 11:00:00,464.5858,207.0511,237.9397,233.6505,242.4392,229.1775,241.0497,208.0933,174.2422,234.6802,179.541,2133.171
2024-01-08 12:00:00,427.7444,188.9733,217.1484,213.7479,221.843,210.3828,220.094,189.134,157.7552,211.2502,161.3388,1948.952
2024-01-08 13:00:00,404.8083,188.3016,221.8086,217.7837,226.7196,215.1579,225.9595,193.9544,162.1053,217.4948,165.9674,1978.432
2024-01-08 14:00:00,316.9693,142.1042,164.7788,160.963,169.1087,160.7377,168.5804,145.7306,122.3822,163.972,125.929,1477.334
2024-01-08 15:00:00,463.0478,216.5269,251.9115,243.237,252.5618,242.262,249.76,214.8397,176.2539,239.0017,186.1217,2211.069
2024-01-08 16:00:00,203.1018,26.33969,32.65876,25.36578,27.52554,40.24284,34.76468,23.75028,14.98892,23.16878,16.13488,246.0515
2024-01-08 17:00:00,5.676115,0.9248375,1.043068,0.958001,0.6983855,1.18762,1.143164,1.060693,0.2288889,0.7687137,0,-3.557205
2024-01-08 18:00:00,0,0,0,0,0,0,0,0,0,0,0,-10.14135
2024-01-08 19:00:00,0,0,0,0,0,0,0,0,0,0,0,-10.01764
2024-01-08 20:00:00,0,0,0,0,0,0,0,0,0,0,0,-9.992532
2024-01-08 21:00:00,0,0,0,0,0,0,0,0,0,0,0,-10.10438
2024-01-08 22:00:00,0,0,0,0,0,0,0,0,0,0,0,-10.21227
2024-01-08 23:00:00,0,0,0,0,0,0,0,0,0,0,0,-10.24516
2024-01-09 00:00:00,0,0,0,0,0,0,0,0,0,0,0,-10.2258
2024-01-09 01:00:00,0,0,0,0,0,0,0,0,0,0,0,-10.13663
2024-01-09 02:00:00,0,0,0,0,0,0,0,0,0,0,0,-10.19223
2024-01-09 03:00:00,0,0,0,0,0,0,0,0,0,0,0,-10.24817
2024-01-09 04:00:00,0,0,0,0,0,0,0,0,0,0,0,-10.21409
2024-01-09 05:00:00,0,0,0,0,0,0,0,0,0,0,0,-10.17024
2024-01-09 06:00:00,0,0,0,0,0,0,0,0,0,0,0,-10.06672
2024-01-09 07:00:00,0.8663974,0,0,0,0.2335417,0,0,0,0,0,0,-10.38167
2024-01-09 08:00:00,24.81496,9.67543,11.1107,11.43182,11.30789,10.37711,11.73053,8.791279,6.535946,11.76776,5.72363,85.85984
2024-01-09 09:00:00,40.8159,17.54147,19.82025,19.6568,20.55576,19.59204,20.37145,14.78864,14.45461,20.26736,12.30095,165.8581
2024-01-09 10:00:00,67.7979,29.26763,32.74651,32.44285,34.58843,32.42105,34.06924,29.16206,24.37893,32.61413,22.85003,290.3593
2024-01-09 11:00:00,39.49208,17.72283,19.70885,19.73808,21.04948,19.40774,20.16191,12.08911,13.86617,19.33863,10.78053,162.1057
2024-01-09 12:00:00,26.67057,11.36574,13.10204,11.38068,13.80071,13.23543,13.78079,6.71921,8.388715,13.20619,7.905759,102.5359
2024-01-09 13:00:00,49.65661,23.53812,28.01547,27.82408,29.88674,27.77597,28.83128,23.46238,20.89144,27.61126,14.10836,239.2979
2024-01-09 14:00:00,39.79643,16.51561,19.58037,19.34873,20.88422,19.62765,20.65825,15.19234,13.60114,18.21743,13.52969,161.5218
2024-01-09 15:00:00,11.29567,3.531283,3.952974,3.51534,4.694615,3.674184,4.558493,3.244216,1.34077,3.426104,2.352392,19.82437
2024-01-09 16:00:00,3.398245,0.3989132,0.2894999,0.4589231,0.3457808,0.7459266,0.6057779,0,0.196875,0.5250416,0.138,-7.651814
2024-01-09 17:00:00,0.046,0,0,0,0,0,0,0,0,0,0,-10.7382
2024-01-09 18:00:00,0,0,0,0,0,0,0,0,0,0,0,-10.46343
2024-01-09 19:00:00,0,0,0,0,0,0,0,0,0,0,0,-10.24854
2024-01-09 20:00:00,0,0,0,0,0,0,0,0,0,0,0,-10.13076
2024-01-09 21:00:00,0,0,0,0,0,0,0,0,0,0,0,-10.16304
2024-01-09 22:00:00,0,0,0,0,0,0,0,0,0,0,0,-10.22044
2024-01-09 23:00:00,0,0,0,0,0,0,0,0,0,0,0,-10.21757
2024-01-10 00:00:00,0,0,0,0,0,0,0,0,0,0,0,-10.22424
2024-01-10 01:00:00,0,0,0,0,0,0,0,0,0,0,0,-10.19843
2024-01-10 02:00:00,0,0,0,0,0,0,0,0,0,0,0,-10.15317
2024-01-10 03:00:00,0,0,0,0,0,0,0,0,0,0,0,-10.10848
2024-01-10 04:00:00,0,0,0,0,0,0,0,0,0,0,0,-10.07499
2024-01-10 05:00:00,0,0,0,0,0,0,0,0,0,0,0,-10.15108
2024-01-10 06:00:00,0,0,0,0,0,0,0,0,0,0,0,-10.23705
2024-01-10 07:00:00,20.86489,1.85709,2.030013,2.126664,2.167794,2.942321,2.679337,1.774495,0.9214444,3.351546,1.578167,10.58886
2024-01-10 08:00:00,285.2426,72.37952,82.18117,84.76732,94.63535,82.3424,78.19617,78.98436,52.1336,82.01572,59.92922,740.9189
2024-01-10 09:00:00,521.8901,258.9144,301.1612,297.9719,307.165,285.3682,304.8324,263.6602,222.356,298.8873,226.7795,2689.809
2024-01-10 10:00:00,701.4073,339.1072,398.1578,392.664,398.8717,379.5329,379.55,342.0411,288.6254,389.0374,294.5125,3481.628
2024-01-10 11:00:00,812.5081,381.2274,449.0133,441.2244,446.4078,417.1271,443.7712,384.1139,324.6282,436.1566,329.2764,3903.343
2024-01-10 12:00:00,845.3091,391.4222,461.4037,452.0785,457.8398,435.6356,461.7024,391.7526,333.1139,447.7466,337.4101,4004.892
2024-01-10 13:00:00,796.5073,364.1274,429.1264,419.2459,427.3497,413.7167,429.1203,280.2802,193.258,417.6653,315.0244,3520.566
2024-01-10 14:00:00,619.7172,295.2025,342.7107,336.6914,342.9114,334.171,344.1731,293.9398,204.4018,337.6221,254.66,2964.75
2024-01-10 15:00:00,373.609,165.1481,188.953,182.7216,191.2838,189.0053,195.5354,166.2209,114.7736,186.0952,143.9293,1664.794
2024-01-10 16:00:00,166.3992,43.7536,50.95674,44.33121,46.4902,52.9955,48.47667,40.47496,22.04789,39.62592,29.33084,408.1879
2024-01-10 17:00:00,9.591074,2.086664,2.693663,2.95428,2.643445,3.263011,3.37477,1.286111,0.4989533,2.222658,1.621798,11.87407
2024-01-10 18:00:00,0.002125,0,0,0,0,0,0,0,0,0,0,-10.22859
2024-01-10 19:00:00,0,0,0,0,0,0,0,0,0,0,0,-10.13183
2024-01-10 20:00:00,0,0,0,0,0,0,0,0,0,0,0,-10.13227
2024-01-10 21:00:00,0,0,0,0,0,0,0,0,0,0,0,-10.24013
2024-01-10 22:00:00,0,0,0,0,0,0,0,0,0,0,0,-10.31049
2024-01-10 23:00:00,0,0,0,0,0,0,0,0,0,0,0,-10.16546
2024-01-11 00:00:00,0,0,0,0,0,0,0,0,0,0,0,-10.1075
2024-01-11 01:00:00,0,0,0,0,0,0,0,0,0,0,0,-10.07092
2024-01-11 02:00:00,0,0,0,0,0,0,0,0,0,0,0,-10.027
2024-01-11 03:00:00,0,0,0,0,0,0,0,0,0,0,0,-9.971154
2024-01-11 04:00:00,0,0,0,0,0,0,0,0,0,0,0,-10.25226
2024-01-11 05:00:00,0,0,0,0,0,0,0,0,0,0,0,-10.27691
2024-01-11 06:00:00,0,0,0,0,0,0,0,0,0,0,0,-10.17177
2024-01-11 07:00:00,5.323511,0.4411513,1.172075,1.106534,1.581958,0.921801,1.626187,0.5618113,0.01406836,1.16018,1.082179,-1.829969
2024-01-11 08:00:00,257.0242,76.68179,87.78016,89.74594,99.52387,88.60334,84.26413,82.30037,45.09895,87.08106,66.16902,784.3996
2024-01-11 09:00:00,535.8026,261.801,304.0141,300.572,310.2923,295.3022,310.3537,264.5185,184.2,299.3458,227.0992,2693.709
2024-01-11 10:00:00,693.551,277.7904,346.9864,338.7106,382.8066,336.0766,383.4294,297.7871,206.6596,338.5852,256.7847,3101.205
2024-01-11 11:00:00,825.1891,368.7863,424.3525,416.3871,427.9553,414.2217,435.7583,377.0465,268.5261,427.7599,324.5073,3672.938
2024-01-11 12:00:00,686.1994,318.9784,375.392,364.4225,379.6143,363.8129,374.6955,321.2286,222.6911,364.3792,276.8152,3242.559
2024-01-11 13:00:00,566.6362,263.4525,300.4609,296.4541,304.127,292.9164,306.1169,258.196,178.9568,302.3786,229.1556,2617.893
2024-01-11 14:00:00,406.8897,192.5368,229.5019,221.4642,230.7473,226.7385,233.6478,197.5879,136.5042,209.1643,156.7,1924.432
2024-01-11 15:00:00,399.2263,189.7424,220.5259,214.397,221.0318,212.2807,218.1136,181.8979,125.767,204.5259,158.1032,1825.696
2024-01-11 16:00:00,130.5129,34.06932,40.05085,33.758,35.47878,41.60987,37.66267,29.89143,14.37694,30.6888,22.25437,301.2084
2024-01-11 17:00:00,5.046971,0.510473,0.900549,0.8007168,0.3541957,1.160997,1.369585,0.4784335,0.2181352,0.6937598,0.3187015,-2.671473
2024-01-11 18:00:00,0,0,0,0,0,0,0,0,0,0,0,-10.05199
2024-01-11 19:00:00,0,0,0,0,0,0,0,0,0,0,0,-10.10339
2024-01-11 20:00:00,0,0,0,0,0,0,0,0,0,0,0,-10.13024
2024-01-11 21:00:00,0,0,0,0,0,0,0,0,0,0,0,-10.17649
2024-01-11 22:00:00,0,0,0,0,0,0,0,0,0,0,0,-10.21225
2024-01-11 23:00:00,0,0,0,0,0,0,0,0,0,0,0,-10.2616
2024-01-12 00:00:00,0,0,0,0,0,0,0,0,0,0,0,-10.27317
2024-01-12 01:00:00,0,0,0,0,0,0,0,0,0,0,0,-10.24549
2024-01-12 02:00:00,0,0,0,0,0,0,0,0,0,0,0,-10.21232
2024-01-12 03:00:00,0,0,0,0,0,0,0,0,0,0,0,-10.24228
2024-01-12 04:00:00,0,0,0,0,0,0,0,0,0,0,0,-10.20812
2024-01-12 05:00:00,0,0,0,0,0,0,0,0,0,0,0,-10.18674
2024-01-12 06:00:00,0,0,0,0,0,0,0,0,0,0,0,-10.22424
2024-01-12 07:00:00,12.59365,2.984969,3.38057,3.561885,3.267266,3.938817,3.028707,1.486854,0.8753385,3.230671,1.673293,16.91712
2024-01-12 08:00:00,177.0737,66.9984,75.27885,74.37831,80.30535,75.26849,75.20027,68.01163,42.20035,75.97936,56.7349,672.9646
2024-01-12 09:00:00,400.3159,187.2474,219.9736,216.3777,226.3154,217.4198,229.4196,197.2093,135.681,225.9392,171.71,1961.334
2024-01-12 10:00:00,600.3471,267.7201,322.292,315.8798,326.3568,314.5486,329.0619,279.6549,192.7685,308.0923,236.7817,2691.478
2024-01-12 11:00:00,500.0473,220.7182,258.0341,254.0755,260.1872,245.6541,250.7641,216.3194,150.4199,255.0513,199.6996,2285.855
2024-01-12 12:00:00,467.5632,197.916,231.8775,223.603,229.1488,224.9463,233.1942,201.3361,139.5247,230.6166,175.2222,2014.452
2024-01-12 13:00:00,356.3734,153.7303,177.7504,174.3283,181.4578,170.4963,177.3895,151.9946,104.7998,172.6555,131.5439,1527.944
2024-01-12 14:00:00,199.0293,84.64402,96.66692,95.9304,98.82635,95.34109,99.73096,84.9037,59.61073,94.49791,71.87886,836.7259
2024-01-12 15:00:00,47.57499,19.92534,22.63613,22.36682,23.97706,23.06544,23.43889,19.0056,11.82201,22.55718,14.59934,189.6496
2024-01-12 16:00:00,9.929235,2.007709,3.958595,3.545228,2.678709,3.250693,2.323209,2.2795,0.5690131,2.787284,2.140333,16.23754
2024-01-12 17:00:00,0.5588741,0,0,0,0,0,0.0879577,0.04653965,0,0,0,-10.64017
2024-01-12 18:00:00,0,0,0,0,0,0,0,0,0,0,0,-10.26011
2024-01-12 19:00:00,0,0,0,0,0,0,0,0,0,0,0,-10.35865
2024-01-12 20:00:00,0,0,0,0,0,0,0,0,0,0,0,-10.43243
2024-01-12 21:00:00,0.02164806,0,0,0,0,0,0,0,0,0,0,-10.38424
2024-01-12 22:00:00,0,0,0,0,0,0,0,0,0,0,0,-10.27936
2024-01-12 23:00:00,0,0,0,0,0,0,0,0,0,0,0,-10.27505
2024-01-13 00:00:00,0,0,0,0,0,0,0,0,0,0,0,-10.33481
2024-01-13 01:00:00,0,0,0,0,0,0,0,0,0,0,0,-10.36935
2024-01-13 02:00:00,0,0,0,0,0,0,0,0,0,0,0,-10.3067
2024-01-13 03:00:00,0,0,0,0,0,0,0,0,0,0,0,-10.30169
2024-01-13 04:00:00,0,0,0,0,0,0,0,0,0,0,0,-10.21735
2024-01-13 05:00:00,0,0,0,0,0,0,0,0,0,0,0,-10.02687
2024-01-13 06:00:00,0,0,0,0,0,0,0,0,0,0,0,-9.991099
2024-01-13 07:00:00,2.825375,0.3510118,0.4090723,0.6776127,0.4199933,1.007243,0.8040903,0.5261198,0.05402258,0.6360198,0.512006,-5.382988
2024-01-13 08:00:00,166.0375,70.09715,80.05769,81.55209,88.57204,80.06936,77.72251,75.08747,43.51343,82.94086,60.77427,710.2604
2024-01-13 09:00:00,526.4188,255.9857,300.7981,297.4148,305.2273,292.4329,305.9631,262.96,183.8311,299.7668,225.2164,2646.813
2024-01-13 10:00:00,724.1831,342.54,405.7119,399.2241,406.5516,391.9934,408.5342,346.736,243.0742,396.9518,297.8171,3514.482
2024-01-13 11:00:00,841.0703,390.0238,457.3105,448.7743,454.703,442.1441,459.8073,391.3323,276.2421,448.8388,335.08,3942.912
2024-01-13 12:00:00,870.8923,405.7607,479.4146,469.7045,475.5228,462.2138,478.5999,406.5392,285.1711,464.5301,349.0532,4107.345
2024-01-13 13:00:00,797.7015,378.1129,444.8751,436.4767,441.8955,427.0944,441.2332,374.2193,262.6743,426.1272,317.6471,3832.713
2024-01-13 14:00:00,664.6473,317.2038,366.6498,355.169,366.686,356.2643,367.6792,307.7679,215.5259,354.8372,264.9015,3173.559
2024-01-13 15:00:00,483.2986,224.9957,254.5802,247.302,255.7444,246.2249,254.7099,217.2122,151.0973,249.2563,190.4176,2213.686
2024-01-13 16:00:00,194.673,48.12454,56.56284,49.87575,52.50923,61.2524,56.79243,45.84396,26.38228,46.32038,35.53018,453.8409
2024-01-13 17:00:00,12.51342,2.056936,2.961682,1.783288,2.151045,3.331603,2.527553,0.9527006,0.6919132,1.926137,0.802254,8.22976
2024-01-13 18:00:00,0,0,0,0,0,0,0,0,0,0,0,-10.07437
2024-01-13 19:00:00,0,0,0,0,0,0,0,0,0,0,0,-10.0503
2024-01-13 20:00:00,0,0,0,0,0,0,0,0,0,0,0,-9.99423
2024-01-13 21:00:00,0,0,0,0,0,0,0,0,0,0,0,-9.972072
2024-01-13 22:00:00,0,0,0,0,0,0,0,0,0,0,0,-9.977205
2024-01-13 23:00:00,0,0,0,0,0,0,0,0,0,0,0,-10.00782
2024-01-14 00:00:00,0,0,0,0,0,0,0,0,0,0,0,-10.04356
2024-01-14 01:00:00,0,0,0,0,0,0,0,0,0,0,0,-10.03537
2024-01-14 02:00:00,0,0,0,0,0,0,0,0,0,0,0,-10.01373
2024-01-14 03:00:00,0,0,0,0,0,0,0,0,0,0,0,-9.998578
2024-01-14 04:00:00,0,0,0,0,0,0,0,0,0,0,0,-10.03474
2024-01-14 05:00:00,0,0,0,0,0,0,0,0,0,0,0,-10.01816
2024-01-14 06:00:00,0,0,0,0,0,0,0,0,0,0,0,-9.979317
2024-01-14 07:00:00,6.191672,1.397376,1.239225,2.054473,2.0415,2.115335,1.744092,1.455907,0.7299722,1.653103,0.799206,6.657722
2024-01-14 08:00:00,227.3662,76.17771,86.02187,87.9232,97.26327,84.8908,82.33504,81.24924,45.09782,85.86499,62.73817,774.1627
2024-01-14 09:00:00,546.4976,264.2639,306.6848,303.1025,312.0266,297.2932,312.5876,266.8166,186.7825,302.4284,230.154,2715.225
2024-01-14 10:00:00,726.9942,339.1495,398.6448,392.2112,400.1161,385.1013,402.3769,343.9146,240.9435,388.335,294.3577,3467.601
2024-01-14 11:00:00,835.6877,382.0662,450.297,441.981,448.692,434.4763,452.7837,385.7688,271.1414,436.6971,330.0936,3882.227
2024-01-14 12:00:00,869.1062,393.5922,463.5902,454.7855,460.1953,448.0203,464.338,395.4774,278.3187,448.5992,338.7257,3980.355
2024-01-14 13:00:00,821.2676,371.9085,438.4489,429.0414,435.5389,425.5213,440.6815,374.7172,263.7111,423.6154,320.1108,3767.114
2024-01-14 14:00:00,699.7554,322.1081,379.1271,369.6565,377.5561,369.7609,382.8077,325.2877,228.3351,366.7444,277.7104,3267.972
2024-01-14 15:00:00,509.8368,239.5069,278.9686,271.2962,279.6982,274.0328,283.2365,240.6811,168.051,269.3733,206.4014,2421.433
2024-01-14 16:00:00,249.3168,56.76773,67.5864,54.65552,57.51214,72.20944,62.31703,51.36496,25.1345,47.1305,37.56347,503.3629
2024-01-14 17:00:00,7.009895,0.8222005,1.283793,0.7119023,1.307784,1.26806,1.300847,0.878595,0.0008932293,1.297887,0.54645,-1.183985
2024-01-14 18:00:00,0.02538889,0,0,0,0,0,0,0,0,0,0,-10.0755
2024-01-14 19:00:00,0,0,0,0,0,0,0,0,0,0,0,-9.992248
2024-01-14 20:00:00,0,0,0,0,0,0,0,0,0,0,0,-9.97112
2024-01-14 21:00:00,0,0,0,0,0,0,0,0,0,0,0,-9.942511
2024-01-14 22:00:00,0,0,0,0,0,0,0,0,0,0,0,-10.02776
2024-01-14 23:00:00,0,0,0,0,0,0,0,0,0,0,0,-10.06976
2024-01-15 00:00:00,0,0,0,0,0,0,0,0,0,0,0,-10.13468
2024-01-15 01:00:00,0,0,0,0,0,0,0,0,0,0,0,-10.1503
2024-01-15 02:00:00,0,0,0,0,0,0,0,0,0,0,0,-10.11866
2024-01-15 03:00:00,0,0,0,0,0,0,0,0,0,0,0,-10.07691
2024-01-15 04:00:00,0,0,0,0,0,0,0,0,0,0,0,-10.02028
2024-01-15 05:00:00,0,0,0,0,0,0,0,0,0,0,0,-9.996332
2024-01-15 06:00:00,0,0,0,0,0,0,0,0,0,0,0,-10.0865
2024-01-15 07:00:00,18.41361,3.364889,3.66107,3.628447,4.11178,4.175148,3.826248,2.77264,1.267118,3.981538,1.509472,20.72597
2024-01-15 08:00:00,84.36224,33.50459,38.02067,37.27033,39.64045,38.16187,39.51839,31.99656,22.46321,37.85771,26.01683,332.4824
2024-01-15 09:00:00,287.3951,130.5668,136.5727,135.1993,142.3473,142.5096,149.0398,124.3259,83.72226,140.0354,106.0284,1210.443
2024-01-15 10:00:00,546.9245,248.0441,292.1479,283.2889,295.7857,282.4443,292.0276,253.6206,177.1897,283.0626,215.9155,2503.306
2024-01-15 11:00:00,484.5032,218.4052,253.2288,248.7151,258.2416,248.4318,259.5444,221.7577,154.9091,249.9731,190.4643,2254.188
2024-01-15 12:00:00,740.0767,325.4483,382.3943,378.3117,383.2201,372.8127,384.5688,331.1175,234.0751,385.4193,287.9478,3348.44
2024-01-15 13:00:00,568.6899,243.9236,286.9979,280.9995,289.2446,278.6166,289.7444,247.7052,172.5668,279.1,212.1309,2450.164
2024-01-15 14:00:00,286.9535,117.6668,136.171,134.3458,140.5259,135.9906,142.2621,121.449,83.94223,135.5377,103.3472,1208.858
2024-01-15 15:00:00,211.5502,88.40968,99.83828,98.62343,103.7043,101.2898,104.784,88.9971,61.04732,98.13528,75.98768,884.0459
2024-01-15 16:00:00,92.84411,33.97939,38.79686,37.88109,40.26486,39.46962,40.81604,33.956,22.15532,37.55722,27.66319,333.5298
2024-01-15 17:00:00,4.88362,0.7081705,0.7766538,1.143705,0.5493195,1.164297,1.177725,0.6115765,0,0.7332925,0.3824985,-4.204058
2024-01-15 18:00:00,0,0,0,0,0,0,0,0,0,0,0,-10.18073
2024-01-15 19:00:00,0,0,0,0,0,0,0,0,0,0,0,-10.14169
2024-01-15 20:00:00,0,0,0,0,0,0,0,0,0,0,0,-10.11843
2024-01-15 21:00:00,0,0,0,0,0,0,0,0,0,0,0,-10.15256
2024-01-15 22:00:00,0,0,0,0,0,0,0,0,0,0,0,-10.19752
2024-01-15 23:00:00,0,0,0,0,0,0,0,0,0,0,0,-10.15775
2024-01-16 00:00:00,0,0,0,0,0,0,0,0,0,0,0,-10.1549
2024-01-16 01:00:00,0,0,0,0,0,0,0,0,0,0,0,-10.14285
2024-01-16 02:00:00,0,0,0,0,0,0,0,0,0,0,0,-10.10384
2024-01-16 03:00:00,0,0,0,0,0,0,0,0,0,0,0,-10.0606
2024-01-16 04:00:00,0,0,0,0,0,0,0,0,0,0,0,-9.989017
2024-01-16 05:00:00,0,0,0,0,0,0,0,0,0,0,0,-10.03294
2024-01-16 06:00:00,0,0,0,0,0,0,0,0,0,0,0,-10.01111
2024-01-16 07:00:00,3.651227,0.3555902,0.6660535,0.758501,0.4411337,0.931434,0.765527,0.5962977,0.121125,0.389521,0.2793742,-6.072979
2024-01-16 08:00:00,76.12749,33.72432,38.13711,37.14089,39.88577,38.30719,40.14378,32.9346,22.41894,39.77508,28.70567,328.8364
2024-01-16 09:00:00,160.6413,71.04069,78.27888,78.80291,81.9703,73.91927,77.72437,62.29596,46.8913,84.99421,60.18251,696.3681
2024-01-16 10:00:00,95.04227,42.8831,49.17917,48.52254,51.09732,48.88311,50.75553,42.1579,29.56821,48.84519,36.83894,435.3679
2024-01-16 11:00:00,115.3337,50.21185,56.58426,56.04556,59.08921,56.50182,58.86554,50.57772,34.5204,56.54272,42.92236,504.0894
2024-01-16 12:00:00,128.2374,57.15305,64.67029,63.85363,67.55041,64.83218,67.62607,58.35903,39.87503,65.55756,49.87021,576.698
2024-01-16 13:00:00,70.4995,33.92132,38.89081,38.42319,40.73962,38.92401,40.43785,33.67678,23.77194,39.33236,29.59779,339.8949
2024-01-16 14:00:00,79.41061,36.88576,42.20271,41.39465,43.05887,41.73684,43.24916,36.76659,24.95781,42.34656,31.09985,369.7689
2024-01-16 15:00:00,40.6851,16.501,19.29781,18.28169,20.58544,20.22309,21.94875,16.25162,10.74554,21.95366,12.60458,159.1841
2024-01-16 16:00:00,16.96609,5.48448,7.4994,6.844194,6.948449,7.298904,7.179862,4.487124,2.026093,6.476889,3.706334,43.75618
2024-01-16 17:00:00,0.4692533,0.05083517,0,0,0,0,0,0,0,0,0,-10.79872
2024-01-16 18:00:00,0,0,0,0,0,0,0,0,0,0,0,-10.22394
2024-01-16 19:00:00,0,0,0,0,0,0,0,0,0,0,0,-10.19355
2024-01-16 20:00:00,0,0,0,0,0,0,0,0,0,0,0,-10.22414
2024-01-16 21:00:00,0,0,0,0,0,0,0,0,0,0,0,-10.2429
2024-01-16 22:00:00,0,0,0,0,0,0,0,0,0,0,0,-10.3041
2024-01-16 23:00:00,0,0,0,0,0,0,0,0,0,0,0,-10.31262
2024-01-17 00:00:00,0,0,0,0,0,0,0,0,0,0,0,-10.33146
2024-01-17 01:00:00,0,0,0,0,0,0,0,0,0,0,0,-11.4558
2024-01-17 02:00:00,0,0,0,0,0,0,0,0,0,0,0,-11.81465
2024-01-17 03:00:00,0,0,0,0,0,0,0,0,0,0,0,-11.77178
2024-01-17 04:00:00,0,0,0,0,0,0,0,0,0,0,0,-13.98534
2024-01-17 05:00:00,0,0,0,0,0,0,0,0,0,0,0,-15.84324
2024-01-17 06:00:00,0,0,0,0,0,0,0,0,0,0,0,-16.94272
2024-01-17 07:00:00,31.53915,2.341945,3.064819,3.181697,3.480001,3.745493,3.444765,1.895905,1.336575,4.6121,2.162438,8.756392
2024-01-17 08:00:00,314.2377,96.83543,110.7817,112.0627,124.6742,111.8227,108.7595,105.6285,57.96341,112.0568,82.42953,992.7686
2024-01-17 09:00:00,554.2811,275.0853,322.3742,318.3948,328.1028,313.4801,329.7965,281.0521,196.5782,320.6007,241.1463,2858.017
2024-01-17 10:00:00,740.0637,351.613,415.316,409.8823,416.0855,399.8112,418.9261,357.5377,250.6552,407.2502,304.3326,3619.824
2024-01-17 11:00:00,854.7433,397.4002,469.8199,462.1595,467.7808,451.1845,471.4579,401.6099,281.6831,457.0953,343.4235,4053.591
2024-01-17 12:00:00,893.6813,406.2478,480.1159,471.2164,476.3958,463.2537,481.6201,410.0357,287.9894,467.22,350.2618,4129.69
2024-01-17 13:00:00,850.0413,388.3975,457.3705,448.9843,454.539,441.9519,459.5908,390.9909,274.594,444.9529,334.6465,3937.529
2024-01-17 14:00:00,727.8391,340.0825,398.9124,390.3515,397.6989,387.9481,402.8803,342.0901,240.1017,388.8474,292.5519,3447.411
2024-01-17 15:00:00,534.1543,256.2579,298.612,291.016,299.8954,292.445,303.0622,257.4749,179.5191,290.2325,222.0662,2595.952
2024-01-17 16:00:00,290.7585,73.43445,86.78259,71.88027,74.22834,91.27697,80.23914,65.00418,33.69781,61.93311,49.36024,657.2293
2024-01-17 17:00:00,18.65935,1.347975,2.296165,1.962819,2.270413,3.594608,2.780072,0.5734029,0.529514,0.9017228,1.078681,6.101991
2024-01-17 18:00:00,0.001364664,0,0,0,0,0,0,0,0,0,0,-10.19078
2024-01-17 19:00:00,0,0,0,0,0,0,0,0,0,0,0,-10.10227
2024-01-17 20:00:00,0,0,0,0,0,0,0,0,0,0,0,-10.11118
2024-01-17 21:00:00,0,0,0,0,0,0,0,0,0,0,0,-10.29891
2024-01-17 22:00:00,0,0,0,0,0,0,0,0,0,0,0,-10.33958
2024-01-17 23:00:00,0,0,0,0,0,0,0,0,0,0,0,-10.34791
2024-01-18 00:00:00,0,0,0,0,0,0,0,0,0,0,0,-10.26967
2024-01-18 01:00:00,0,0,0,0,0,0,0,0,0,0,0,-10.25517
2024-01-18 02:00:00,0,0,0,0,0,0,0,0,0,0,0,-10.22328
2024-01-18 03:00:00,0,0,0,0,0,0,0,0,0,0,0,-10.19162
2024-01-18 04:00:00,0,0,0,0,0,0,0,0,0,0,0,-10.18586
2024-01-18 05:00:00,0,0,0,0,0,0,0,0,0,0,0,-11.96861
2024-01-18 06:00:00,0,0,0,0,0,0,0,0,0,0,0,-12.74992
2024-01-18 07:00:00,12.1598,3.939703,4.538534,4.913293,5.265625,5.144999,5.183839,3.128794,2.539385,4.554087,2.497569,23.66116
2024-01-18 08:00:00,257.724,97.63259,107.7387,108.7305,119.8829,107.4134,104.1163,100.6,57.1096,116.4975,86.91798,969.6152
2024-01-18 09:00:00,590.1654,263.797,307.1241,303.9333,313.1493,298.3734,313.6509,268.4745,187.5274,305.6356,230.1289,2725.799
2024-01-18 10:00:00,718.5213,337.0914,395.9871,390.0631,396.9694,381.2397,399.0461,340.9128,238.6777,387.5899,291.489,3450.747
2024-01-18 11:00:00,828.5034,376.2991,443.3218,436.1134,442.0763,426.2911,444.7501,379.9085,266.3357,431.2613,322.6361,3829.178
2024-01-18 12:00:00,820.5449,373.1188,437.1718,425.245,441.4065,442.0291,460.4322,392.6431,272.8393,444.2123,336.4041,3820.483
2024-01-18 13:00:00,819.8708,372.4126,438.3224,430.1988,436.4907,424.6845,439.5093,374.7061,262.7996,425.9357,321.9072,3772.517
2024-01-18 14:00:00,652.0496,299.4572,348.2018,337.8066,348.0786,339.6741,351.7918,299.2868,209.5826,338.9753,254.6716,3010.055
2024-01-18 15:00:00,310.7355,140.7972,157.5794,156.0236,163.5026,161.0646,171.931,148.4484,102.7477,145.2846,109.4167,1411.414
2024-01-18 16:00:00,83.15018,32.99386,34.48866,35.33593,36.97751,33.04394,33.78517,28.14705,18.83639,31.42577,21.80617,299.7115
2024-01-18 17:00:00,8.064162,1.20254,2.396901,2.362048,2.111872,1.269387,0.9527287,1.767076,1.053977,0.8738998,1.395191,4.603301
2024-01-18 18:00:00,0.00763889,0,0,0,0,0,0,0,0,0,0,-10.12574
2024-01-18 19:00:00,0,0,0,0,0,0,0,0,0,0,0,-10.07514
2024-01-18 20:00:00,0,0,0,0,0,0,0,0,0,0,0,-10.12846
2024-01-18 21:00:00,0,0,0,0,0,0,0,0,0,0,0,-10.13023
2024-01-18 22:00:00,0,0,0,0,0,0,0,0,0,0,0,-10.11956
2024-01-18 23:00:00,0,0,0,0,0,0,0,0,0,0,0,-10.16485
2024-01-19 00:00:00,0,0,0,0,0,0,0,0,0,0,0,-10.18731
2024-01-19 01:00:00,0,0,0,0,0,0,0,0,0,0,0,-10.15254
2024-01-19 02:00:00,0,0,0,0,0,0,0,0,0,0,0,-10.14195
2024-01-19 03:00:00,0,0,0,0,0,0,0,0,0,0,0,-10.09598
2024-01-19 04:00:00,0,0,0,0,0,0,0,0,0,0,0,-10.02048
2024-01-19 05:00:00,0,0,0,0,0,0,0,0,0,0,0,-10.00667
2024-01-19 06:00:00,0,0,0,0,0,0,0,0,0,0,0,-10.17815
2024-01-19 07:00:00,26.33397,2.347054,2.829039,3.050435,3.093844,3.578625,3.186917,1.139806,1.210398,3.766085,2.478378,15.30927
2024-01-19 08:00:00,277.2552,91.56649,104.0192,103.6251,115.0336,104.675,102.8029,97.30874,54.73663,102.5138,77.29835,931.5554
2024-01-19 09:00:00,513.8747,251.8923,292.3274,288.6729,297.9619,284.7976,298.6584,255.5484,178.8094,290.4313,218.5717,2587.502
2024-01-19 10:00:00,697.3737,333.1645,390.9453,384.6057,391.8731,377.4783,395.4997,337.1841,236.7395,383.8752,287.6918,3404.332
2024-01-19 11:00:00,814.4932,378.3991,445.1525,437.2004,443.2376,428.3701,446.4704,380.2751,267.1265,433.7531,324.2416,3835.684
2024-01-19 12:00:00,880.7983,396.8688,445.2795,441.1301,458.84,439.7044,463.2096,379.8977,276.5152,404.274,305.9297,3936.751
2024-01-19 13:00:00,481.4641,156.753,175.9561,172.3215,199.4883,172.9876,194.9133,154.8091,104.8461,257.9778,188.1786,1749.175
2024-01-19 14:00:00,575.9203,263.7007,321.7993,302.4087,323.7083,328.6838,340.0089,276.0782,201.7641,289.5384,208.5114,2806.506
2024-01-19 15:00:00,375.324,157.0216,176.2169,176.7237,184.5988,176.265,185.4249,154.4231,111.2983,171.2839,126.215,1560.823
2024-01-19 16:00:00,121.8139,32.16136,40.59454,38.42954,41.35179,45.8601,38.85679,31.30421,19.04269,33.09689,22.44127,348.3205
2024-01-19 17:00:00,22.76658,2.434279,3.251921,2.229887,2.498652,4.789386,4.723552,1.273723,1.073349,1.830286,1.548831,14.75687
2024-01-19 18:00:00,0,0,0,0,0,0,0,0,0,0,0,-10.16371
2024-01-19 19:00:00,0,0,0,0,0,0,0,0,0,0,0,-10.01362
2024-01-19 20:00:00,0,0,0,0,0,0,0,0,0,0,0,-10.12944
2024-01-19 21:00:00,0,0,0,0,0,0,0,0,0,0,0,-10.16955
2024-01-19 22:00:00,0,0,0,0,0,0,0,0,0,0,0,-10.20994
2024-01-19 23:00:00,0,0,0,0,0,0,0,0,0,0,0,-10.19524
2024-01-20 00:00:00,0,0,0,0,0,0,0,0,0,0,0,-10.22466
2024-01-20 01:00:00,0,0,0,0,0,0,0,0,0,0,0,-10.25292
2024-01-20 02:00:00,0,0,0,0,0,0,0,0,0,0,0,-10.27102
2024-01-20 03:00:00,0,0,0,0,0,0,0,0,0,0,0,-10.24794
2024-01-20 04:00:00,0,0,0,0,0,0,0,0,0,0,0,-10.16813
2024-01-20 05:00:00,0,0,0,0,0,0,0,0,0,0,0,-10.29401
2024-01-20 06:00:00,0,0,0,0,0,0,0,0,0,0,0,-13.4937
2024-01-20 07:00:00,29.86594,2.922868,4.086405,3.311357,3.668202,4.173786,4.205552,2.923753,1.215042,4.733413,2.179033,15.05378
2024-01-20 08:00:00,296.2606,101.8049,116.3076,115.0376,128.0254,116.8388,115.4488,107.7553,62.28054,117.8883,87.596,1039.291
2024-01-20 09:00:00,538.3578,270.9119,316.3781,312.862,322.7249,307.9881,323.8391,276.3817,193.2241,315.3274,237.3963,2808.951
2024-01-20 10:00:00,728.3889,355.2856,419.2726,412.6043,419.3579,403.3715,423.2814,360.0724,252.4584,411.2664,308.9067,3651.051
2024-01-20 11:00:00,848.5027,405.0964,479.8336,471.11,476.2151,460.7439,481.166,409.1074,287.223,467.9217,350.3224,4134.9
2024-01-20 12:00:00,893.029,423.249,498.6248,491.5887,496.2651,481.9614,499.3322,426.0719,299.209,485.8592,363.0909,4289.755
2024-01-20 13:00:00,852.0665,405.2901,475.745,468.9809,474.1925,462.4952,479.6359,407.3871,286.0494,464.3751,347.4549,4093.073
2024-01-20 14:00:00,734.3381,354.3286,417.0867,407.0754,414.3915,404.6258,419.3948,356.0079,249.4643,407.1151,304.1798,3594.292
2024-01-20 15:00:00,545.5195,267.23,311.7088,304.0171,312.8139,305.612,316.8346,268.5554,187.2799,303.3681,229.5951,2710.646
2024-01-20 16:00:00,302.1069,91.29163,107.5076,93.84138,97.52624,110.8558,103.0418,84.92121,50.14856,86.15586,63.72029,856.8002
2024-01-20 17:00:00,26.53317,2.9687,3.634493,3.069882,2.951749,4.831108,5.379351,1.004,0.8923566,1.697438,1.355952,17.7761
2024-01-20 18:00:00,0.003268518,0,0,0,0,0,0,0,0,0,0,-10.23768
2024-01-20 19:00:00,0,0,0,0,0,0,0,0,0,0,0,-10.10996
2024-01-20 20:00:00,0,0,0,0,0,0,0,0,0,0,0,-10.15369
2024-01-20 21:00:00,0,0,0,0,0,0,0,0,0,0,0,-10.24257
2024-01-20 22:00:00,0,0,0,0,0,0,0,0,0,0,0,-10.34301
2024-01-20 23:00:00,0,0,0,0,0,0,0,0,0,0,0,-10.29612
2024-01-21 00:00:00,0,0,0,0,0,0,0,0,0,0,0,-11.00275
2024-01-21 01:00:00,0,0,0,0,0,0,0,0,0,0,0,-13.11341
2024-01-21 02:00:00,0,0,0,0,0,0,0,0,0,0,0,-15.62226
2024-01-21 03:00:00,0,0,0,0,0,0,0,0,0,0,0,-15.90629
2024-01-21 04:00:00,0,0,0,0,0,0,0,0,0,0,0,-16.97386
2024-01-21 05:00:00,0,0,0,0,0,0,0,0,0,0,0,-18.69179
2024-01-21 06:00:00,0,0,0,0,0,0,0,0,0,0,0,-18.25772
2024-01-21 07:00:00,32.78438,2.976011,3.340782,2.62089,4.052,4.080453,3.339128,1.921092,1.061615,4.512595,2.255915,11.9798
2024-01-21 08:00:00,311.6719,106.3704,121.2236,119.9899,133.8504,121.8989,121.6765,114.0767,65.33068,123.4388,92.90881,1086.939
2024-01-21 09:00:00,551.4146,278.1565,324.1866,321.1648,331.5205,315.8936,332.8433,284.1927,198.8439,324.048,244.8197,2886.527
2024-01-21 10:00:00,740.2467,361.6464,425.5628,418.2157,425.7306,409.6548,429.9061,365.177,256.2722,418.0506,315.4753,3709.502
2024-01-21 11:00:00,858.4167,404.3865,478.2737,469.244,474.9206,458.4726,479.5844,407.8794,286.4184,465.6268,349.7273,4122.79
2024-01-21 12:00:00,900.655,412.2322,486.5739,478.0345,483.5184,468.1689,486.8509,415.8181,292.0424,474.1187,354.9249,4185.449
2024-01-21 13:00:00,860.8793,394.7979,465.9615,456.3565,462.4958,450.2724,467.0959,398.1867,279.5365,453.3967,339.3846,4001.357
2024-01-21 14:00:00,740.9152,348.2817,408.8389,399.6512,407.3768,397.0053,411.3473,349.7525,245.2177,397.5168,298.4081,3521.466
2024-01-21 15:00:00,549.5068,262.3639,305.0201,297.822,306.7353,298.221,309.307,262.6554,183.5247,296.1086,225.9205,2649.937
2024-01-21 16:00:00,302.8066,93.92893,110.571,96.42847,99.98115,113.2149,105.2063,88.51215,51.7571,87.9697,69.49949,881.602
2024-01-21 17:00:00,31.48948,3.570365,3.87362,3.154919,3.28576,6.169505,5.799011,1.915008,1.251536,2.63732,0.9764723,20.12994
2024-01-21 18:00:00,0.003101852,0,0,0,0,0,0,0,0,0,0,-10.12316
2024-01-21 19:00:00,0,0,0,0,0,0,0,0,0,0,0,-10.15431
2024-01-21 20:00:00,0,0,0,0,0,0,0,0,0,0,0,-10.27174
2024-01-21 21:00:00,0,0,0,0,0,0,0,0,0,0,0,-10.32386
2024-01-21 22:00:00,0,0,0,0,0,0,0,0,0,0,0,-10.2939
2024-01-21 23:00:00,0,0,0,0,0,0,0,0,0,0,0,-10.31549
2024-01-22 00:00:00,0,0,0,0,0,0,0,0,0,0,0,-10.3564
2024-01-22 01:00:00,0,0,0,0,0,0,0,0,0,0,0,-10.29265
2024-01-22 02:00:00,0,0,0,0,0,0,0,0,0,0,0,-10.27456
2024-01-22 03:00:00,0,0,0,0,0,0,0,0,0,0,0,-10.259
2024-01-22 04:00:00,0,0,0,0,0,0,0,0,0,0,0,-12.53341
2024-01-22 05:00:00,0,0,0,0,0,0,0,0,0,0,0,-13.40281
2024-01-22 06:00:00,0,0,0,0,0,0,0,0,0,0,0,-15.25791
2024-01-22 07:00:00,32.10321,2.550722,3.847268,3.123886,4.180328,3.795381,4.279839,1.682265,0.8833089,4.640511,3.101633,12.85201
2024-01-22 08:00:00,314.7135,101.7192,116.5102,115.1236,126.7096,117.0854,117.7683,107.6621,63.28294,119.0069,90.76292,1057.108
2024-01-22 09:00:00,596.9852,263.3459,303.7137,300.5851,310.9914,295.6161,308.9086,265.9531,185.1628,304.4424,232.6145,2745.18
2024-01-22 10:00:00,725.3021,336.4846,399.5719,391.8019,401.9079,383.492,401.6031,343.156,238.7891,391.0485,297.3423,3423.17
2024-01-22 11:00:00,823.4007,373.4941,439.0443,431.5666,438.6227,421.373,439.7604,374.55,261.4349,428.2573,323.7332,3790.321
2024-01-22 12:00:00,881.3604,391.2263,463.032,453.8261,460.7189,446.0817,464.5047,394.9158,277.2122,444.3727,336.7014,3935.499
2024-01-22 13:00:00,802.6155,361.2092,417.7086,410.7044,416.2528,401.3465,416.2239,353.5279,248.9167,403.7876,304.3074,3604.991
2024-01-22 14:00:00,690.3314,312.1054,366.7246,359.6022,366.3721,359.5799,371.93,316.8688,221.9791,352.8326,265.7333,3067.808
2024-01-22 15:00:00,505.8003,233.9107,271.7446,264.927,274.291,262.5908,275.6089,234.3979,163.1619,262.8927,201.0625,2347.035
2024-01-22 16:00:00,224.2679,84.54724,96.5139,90.17861,94.3811,97.17101,96.05339,81.02655,52.45771,87.60753,68.38363,826.7395
2024-01-22 17:00:00,24.61862,4.826218,5.89174,6.004579,5.979623,7.253117,6.794187,3.373545,2.89267,5.536226,1.955797,41.03168
2024-01-22 18:00:00,0,0,0,0,0,0,0,0,0,0,0,-10.11158
2024-01-22 19:00:00,0,0,0,0,0,0,0,0,0,0,0,-9.948112
2024-01-22 20:00:00,0,0,0,0,0,0,0,0,0,0,0,-9.998919
2024-01-22 21:00:00,0,0,0,0,0,0,0,0,0,0,0,-10.04953
2024-01-22 22:00:00,0,0,0,0,0,0,0,0,0,0,0,-10.11357
2024-01-22 23:00:00,0,0,0,0,0,0,0,0,0,0,0,-10.12604
2024-01-23 00:00:00,0,0,0,0,0,0,0,0,0,0,0,-10.03161
2024-01-23 01:00:00,0,0,0,0,0,0,0,0,0,0,0,-10.14374
2024-01-23 02:00:00,0,0,0,0,0,0,0,0,0,0,0,-10.18435
2024-01-23 03:00:00,0,0,0,0,0,0,0,0,0,0,0,-10.21913
2024-01-23 04:00:00,0,0,0,0,0,0,0,0,0,0,0,-10.14691
2024-01-23 05:00:00,0,0,0,0,0,0,0,0,0,0,0,-10.18906
2024-01-23 06:00:00,0,0,0,0,0,0,0,0,0,0,0,-10.13864
2024-01-23 07:00:00,3.642589,0.893115,0.8400632,0.692118,1.364988,1.040881,0.5714213,0.6210415,0.1891051,1.081364,0.5082115,-3.627832
2024-01-23 08:00:00,58.7448,24.73986,27.43686,27.82983,29.68145,28.27434,29.54209,23.31339,16.97204,28.09397,19.40337,239.5737
2024-01-23 09:00:00,67.8522,30.26236,34.26382,33.89416,35.99517,34.31585,35.81836,30.42007,20.64347,34.73081,25.47503,301.1542
2024-01-23 10:00:00,104.7843,47.32386,53.6004,53.00365,56.01788,53.52875,55.83881,47.92167,32.65538,53.71011,40.8669,477.1805
2024-01-23 11:00:00,125.1258,55.69911,62.84283,61.97794,65.51147,62.84745,65.65337,56.17322,38.35746,63.49599,48.16902,560.5266
2024-01-23 12:00:00,157.2239,69.43726,79.11835,78.12399,82.23761,79.11361,82.68108,70.88485,48.62445,79.97437,60.78287,707.4984
2024-01-23 13:00:00,133.7523,59.66634,67.28927,66.42323,70.02231,67.1816,69.97178,60.07642,41.08381,67.5954,51.31313,598.8355
2024-01-23 14:00:00,104.3826,46.76358,52.86753,52.24931,55.2534,52.98296,55.18268,47.35785,32.32938,53.36607,40.39819,469.5822
2024-01-23 15:00:00,93.91029,40.06519,45.15775,44.6715,47.33999,45.34318,47.22158,40.53338,27.63254,45.51151,34.38336,398.2356
2024-01-23 16:00:00,42.22375,17.29152,19.53923,19.35606,20.29817,19.64866,20.62042,13.60061,10.93605,19.77603,10.62722,158.6819
2024-01-23 17:00:00,3.58325,0.6288772,0.6333333,0.8480437,0.8476693,0.6614795,0.6097847,0.502007,0.1797353,0.5401887,0.2355833,-5.593626
2024-01-23 18:00:00,0,0,0,0,0,0,0,0,0,0,0,-10.16682
2024-01-23 19:00:00,0,0,0,0,0,0,0,0,0,0,0,-10.11825
2024-01-23 20:00:00,0,0,0,0,0,0,0,0,0,0,0,-10.14772
2024-01-23 21:00:00,0,0,0,0,0,0,0,0,0,0,0,-10.22054
2024-01-23 22:00:00,0,0,0,0,0,0,0,0,0,0,0,-10.29575
2024-01-23 23:00:00,0,0,0,0,0,0,0,0,0,0,0,-10.33757
2024-01-24 00:00:00,0,0,0,0,0,0,0,0,0,0,0,-10.41352
2024-01-24 01:00:00,0,0,0,0,0,0,0,0,0,0,0,-10.3836
2024-01-24 02:00:00,0,0,0,0,0,0,0,0,0,0,0,-10.37815
2024-01-24 03:00:00,0,0,0,0,0,0,0,0,0,0,0,-10.38861
2024-01-24 04:00:00,0,0,0,0,0,0,0,0,0,0,0,-10.29993
2024-01-24 05:00:00,0,0,0,0,0,0,0,0,0,0,0,-10.18114
2024-01-24 06:00:00,0,0,0,0,0,0,0,0,0,0,0,-10.03923
2024-01-24 07:00:00,8.723365,2.508111,2.347794,2.653639,3.079293,3.198449,3.040104,1.317629,1.390361,2.296766,1.069795,12.84004
2024-01-24 08:00:00,79.46745,31.35512,36.00169,34.53242,37.66319,36.04967,37.39684,30.70326,21.69427,36.30287,26.32678,311.8375
2024-01-24 09:00:00,169.3803,69.65731,78.74308,77.91946,82.17964,78.4738,81.88866,70.70535,48.40254,78.64055,59.90091,706.1381
2024-01-24 10:00:00,246.2607,103.407,117.576,115.9177,121.4784,116.9046,121.8633,104.5075,71.89815,118.1185,89.9377,1052.654
2024-01-24 11:00:00,446.2551,191.9465,218.539,215.6823,223.9683,215.8322,227.2406,193.6732,135.553,217.5673,166.4164,1934.897
2024-01-24 12:00:00,483.5125,229.07,238.7885,229.9653,239.5845,232.4361,239.3998,217.1561,154.305,304.1878,204.7832,2166.749
2024-01-24 13:00:00,306.3294,129.7612,143.1429,145.8816,152.3167,143.1365,148.7013,136.1991,91.74023,148.19,112.1351,1296.918
2024-01-24 14:00:00,256.4174,106.8483,122.0289,120.3015,125.6687,121.2251,126.6531,107.8518,74.22314,124.1377,94.75886,1085.869
2024-01-24 15:00:00,70.74197,29.49084,32.7307,32.64481,34.31382,32.69358,33.88211,28.08203,19.57412,33.17053,22.50513,278.3124
2024-01-24 16:00:00,47.18358,17.64473,21.49105,20.82084,21.26155,21.30787,22.87156,16.27514,12.50512,22.57046,14.72537,175.6805
2024-01-24 17:00:00,7.764736,1.038571,1.948144,1.930225,2.067812,1.756692,1.838196,1.224266,0.3113285,1.739867,0.9651437,3.17569
2024-01-24 18:00:00,0.0002018734,0,0,0,0,0,0,0,0,0,0,-10.27688
2024-01-24 19:00:00,0,0,0,0,0,0,0,0,0,0,0,-10.19057
2024-01-24 20:00:00,0,0,0,0,0,0,0,0,0,0,0,-10.205
2024-01-24 21:00:00,0,0,0,0,0,0,0,0,0,0,0,-10.38296
2024-01-24 22:00:00,0,0,0,0,0,0,0,0,0,0,0,-10.39581
2024-01-24 23:00:00,0,0,0,0,0,0,0,0,0,0,0,-10.39374
2024-01-25 00:00:00,0,0,0,0,0,0,0,0,0,0,0,-10.42036
2024-01-25 01:00:00,0,0,0,0,0,0,0,0,0,0,0,-10.43734
2024-01-25 02:00:00,0,0,0,0,0,0,0,0,0,0,0,-10.49942
2024-01-25 03:00:00,0,0,0,0,0,0,0,0,0,0,0,-10.45462
2024-01-25 04:00:00,0,0,0,0,0,0,0,0,0,0,0,-10.44308
2024-01-25 05:00:00,0,0,0,0,0,0,0,0,0,0,0,-10.35937
2024-01-25 06:00:00,0,0,0,0,0,0,0,0,0,0,0,-10.12422
2024-01-25 07:00:00,6.971313,1.886185,2.372408,1.720455,1.522359,2.600674,2.313862,1.445528,0.3006178,1.625558,0.8934575,6.110034
2024-01-25 08:00:00,51.19676,20.68912,23.72532,23.02146,24.71947,24.06123,25.09286,20.06454,13.7874,24.2732,16.99958,203.0486
2024-01-25 09:00:00,113.5676,48.3487,55.4977,54.04058,57.10209,55.62608,58.20194,49.04245,33.65499,55.93153,42.61126,486.5296
2024-01-25 10:00:00,188.8247,78.1783,88.28003,87.17394,91.68041,88.57172,93.4929,79.17176,54.92133,88.65823,67.76004,792.414
2024-01-25 11:00:00,152.7092,66.98107,74.68378,73.92375,76.69939,73.76669,76.30424,65.1936,44.8269,75.38729,57.07753,661.7944
2024-01-25 12:00:00,189.3368,79.01063,89.5948,89.84106,94.04628,89.39485,93.29604,80.98885,55.74502,88.02142,67.63693,797.1014
2024-01-25 13:00:00,117.1124,51.93453,59.23632,58.12711,61.13583,59.26274,61.27693,52.3956,35.68971,60.68452,45.861,523.3127
2024-01-25 14:00:00,202.7051,84.75661,95.5367,94.75139,99.33276,95.27229,99.0509,85.42995,58.84172,94.64676,72.32811,849.5908
2024-01-25 15:00:00,140.9404,56.6276,63.93673,63.03933,66.33149,63.95216,66.36568,56.91898,38.89116,64.71877,49.11657,567.2023
2024-01-25 16:00:00,86.40659,31.19348,35.03588,34.71503,36.7915,35.3647,36.65768,30.13647,21.16197,35.09807,23.30497,300.0562
2024-01-25 17:00:00,15.43643,2.148412,3.460172,2.883993,2.832275,3.412857,3.291694,2.016307,1.161011,2.659079,1.952411,13.12853
2024-01-25 18:00:00,0.02275,0,0,0,0,0,0,0,0,0,0,-10.41877
2024-01-25 19:00:00,0,0,0,0,0,0,0,0,0,0,0,-10.20808
2024-01-25 20:00:00,0,0,0,0,0,0,0,0,0,0,0,-10.20277
2024-01-25 21:00:00,0,0,0,0,0,0,0,0,0,0,0,-10.24718
2024-01-25 22:00:00,0,0,0,0,0,0,0,0,0,0,0,-10.34143
2024-01-25 23:00:00,0,0,0,0,0,0,0,0,0,0,0,-10.26681
2024-01-26 00:00:00,0,0,0,0,0,0,0,0,0,0,0,-10.34947
2024-01-26 01:00:00,0,0,0,0,0,0,0,0,0,0,0,-10.36074
2024-01-26 02:00:00,0,0,0,0,0,0,0,0,0,0,0,-10.32563
2024-01-26 03:00:00,0,0,0,0,0,0,0,0,0,0,0,-10.36065
2024-01-26 04:00:00,0,0,0,0,0,0,0,0,0,0,0,-10.32914
2024-01-26 05:00:00,0,0,0,0,0,0,0,0,0,0,0,-10.16936
2024-01-26 06:00:00,0,0,0,0,0,0,0,0,0,0,0,-9.976993
2024-01-26 07:00:00,4.379312,0.2433056,0.6536602,0.6665707,1.183053,1.051643,1.366479,1.132776,0,0.7957779,0.6993263,-2.584496
2024-01-26 08:00:00,52.56237,20.17727,24.02739,23.91346,25.07833,23.32992,23.95322,21.54236,14.6058,22.82323,15.99661,200.8329
2024-01-26 09:00:00,112.9083,46.18254,51.86681,52.19315,55.719,51.02551,54.56829,47.86333,33.29245,54.4773,41.24087,487.7291
2024-01-26 10:00:00,292.6386,129.9901,146.6577,146.2547,151.4146,142.5623,152.8129,126.5419,88.76695,156.0267,115.4622,1341.004
2024-01-26 11:00:00,811.3099,352.2684,410.7631,407.9591,415.6997,399.6685,417.3368,357.8091,248.9279,403.5659,303.5834,3578.302
2024-01-26 12:00:00,802.5862,354.8209,397.8479,401.5414,399.938,376.6498,401.9074,341.6772,248.4106,400.1761,304.4253,3450.091
2024-01-26 13:00:00,675.8536,302.1249,336.2155,332.9975,325.8745,326.7214,345.0372,297.7777,204.1089,330.7144,253.3299,2893.244
2024-01-26 14:00:00,531.4641,226.9232,268.2257,266.4914,261.3672,263.6711,276.8651,235.9421,161.3298,259.3669,200.2294,2320.535
2024-01-26 15:00:00,285.3761,126.0455,145.927,142.214,135.3254,145.883,149.0178,127.1879,87.38696,143.4691,111.1202,1257.989
2024-01-26 16:00:00,93.66835,34.32158,38.66531,38.23626,36.91117,38.77233,39.9966,34.07833,23.22997,38.55173,28.27685,328.2179
2024-01-26 17:00:00,12.73625,3.138926,3.847559,3.35753,4.152408,2.966344,4.439518,2.200896,1.7027,3.154685,1.763409,13.85457
2024-01-26 18:00:00,0,0,0,0,0,0,0,0,0,0,0,-11.11069
2024-01-26 19:00:00,0,0,0,0,0,0,0,0,0,0,0,-10.35993
2024-01-26 20:00:00,0,0,0,0,0,0,0,0,0,0,0,-10.35506
2024-01-26 21:00:00,0,0,0,0,0,0,0,0,0,0,0,-10.31788
2024-01-26 22:00:00,0,0,0,0,0,0,0,0,0,0,0,-10.34963
2024-01-26 23:00:00,0,0,0,0,0,0,0,0,0,0,0,-10.37821
2024-01-27 00:00:00,0,0,0,0,0,0,0,0,0,0,0,-10.35174
2024-01-27 01:00:00,0,0,0,0,0,0,0,0,0,0,0,-10.41194
2024-01-27 02:00:00,0,0,0,0,0,0,0,0,0,0,0,-10.38058
2024-01-27 03:00:00,0,0,0,0,0,0,0,0,0,0,0,-10.39956
2024-01-27 04:00:00,0,0,0,0,0,0,0,0,0,0,0,-10.41799
2024-01-27 05:00:00,0,0,0,0,0,0,0,0,0,0,0,-10.37729
2024-01-27 06:00:00,0,0,0,0,0,0,0,0,0,0,0,-10.33169
2024-01-27 07:00:00,11.82008,3.40549,4.203279,3.538662,4.774786,4.249075,4.714248,2.698847,1.237672,3.68187,1.235083,22.97339
2024-01-27 08:00:00,70.72041,28.7694,32.79818,32.36306,34.36156,32.48935,33.65765,26.7561,18.99358,32.71053,23.4145,280.6696
2024-01-27 09:00:00,133.9247,56.37423,64.39698,63.16035,66.65472,63.67432,65.91515,56.38982,38.58779,63.43225,48.68683,561.8751
2024-01-27 10:00:00,285.7754,127.6115,147.4008,148.6943,152.0867,145.2439,147.7564,128.5973,87.17007,146.031,113.2537,1292.222
2024-01-27 11:00:00,549.394,227.9846,278.5022,271.0356,280.1804,268.7455,284.2741,239.9894,169.3566,262.0317,200.3239,2613.508
2024-01-27 12:00:00,495.3714,186.1339,251.8995,246.0269,254.0132,242.8569,252.4224,216.1545,151.8915,244.0405,189.1365,2168.493
2024-01-27 13:00:00,236.3934,101.1427,115.0569,113.8047,119.7185,113.3213,118.4232,101.5783,70.56725,112.3969,86.12813,1016.13
2024-01-27 14:00:00,249.3226,99.67033,120.5063,111.4822,116.9141,119.5793,123.1739,105.4826,70.93835,120.5539,92.15369,1016.927
2024-01-27 15:00:00,85.9518,35.13279,39.35652,39.16894,41.2911,39.48506,40.90227,35.23468,23.92168,39.8149,29.8022,347.2002
2024-01-27 16:00:00,42.33416,16.9678,18.90543,18.94728,20.15722,19.12801,19.89688,13.15875,10.01124,19.23884,11.41273,150.7442
2024-01-27 17:00:00,3.40615,0.5571923,0.6150695,0.6238188,0.379702,0.6528315,0.6982075,0.353516,0.147552,0.6552898,0.1711311,-6.266126
2024-01-27 18:00:00,0.003319444,0,0,0,0,0,0,0,0,0,0,-10.26315
2024-01-27 19:00:00,0,0,0,0,0,0,0,0,0,0,0,-10.11918
2024-01-27 20:00:00,0,0,0,0,0,0,0,0,0,0,0,-10.15583
2024-01-27 21:00:00,0,0,0,0,0,0,0,0,0,0,0,-10.21756
2024-01-27 22:00:00,0,0,0,0,0,0,0,0,0,0,0,-10.31161
2024-01-27 23:00:00,0,0,0,0,0,0,0,0,0,0,0,-10.30562
2024-01-28 00:00:00,0,0,0,0,0,0,0,0,0,0,0,-10.34589
2024-01-28 01:00:00,0,0,0,0,0,0,0,0,0,0,0,-10.30492
2024-01-28 02:00:00,0,0,0,0,0,0,0,0,0,0,0,-10.33475
2024-01-28 03:00:00,0,0,0,0,0,0,0,0,0,0,0,-10.3479
2024-01-28 04:00:00,0,0,0,0,0,0,0,0,0,0,0,-10.3637
2024-01-28 05:00:00,0,0,0,0,0,0,0,0,0,0,0,-10.36609
2024-01-28 06:00:00,0,0,0,0,0,0,0,0,0,0,0,-10.33869
2024-01-28 07:00:00,15.34675,4.407263,4.85041,4.142348,4.929533,5.177309,5.151872,2.869618,1.915774,4.073458,2.382474,38.15289
2024-01-28 08:00:00,220.8523,96.90673,99.74435,101.6451,113.0237,102.5392,125.2542,101.8622,70.98044,120.1212,94.48933,979.6069
2024-01-28 09:00:00,512.6494,259.8687,291.7965,298.5637,307.2824,274.5685,275.5734,249.9002,168.5064,279.3542,209.9763,2416.299
2024-01-28 10:00:00,683.4963,297.8258,364.8763,368.2533,357.7072,360.4478,373.6561,316.7119,219.7375,334.4297,261.6924,3067.69
2024-01-28 11:00:00,801.5082,349.0103,412.5182,398.7239,401.6544,414.5443,428.3187,361.9753,256.6537,404.3004,312.317,3627.236
2024-01-28 12:00:00,862.704,403.6461,466.1441,463.0623,469.4495,441.1314,460.7713,396.1443,275.2928,464.62,351.1392,4096.279
2024-01-28 13:00:00,848.4454,388.2069,443.7602,438.4224,419.7532,437.0053,458.2129,381.7377,272.1782,408.916,318.3299,3766.492
2024-01-28 14:00:00,697.3763,325.3978,348.8734,347.1808,356.0132,346.0797,373.1227,314.4497,224.7456,352.4301,266.5151,3036.429
2024-01-28 15:00:00,594.8565,270.4269,315.124,297.3651,314.6893,315.5849,324.0647,279.956,193.8039,267.2896,214.1234,2491.452
2024-01-28 16:00:00,259.062,108.5403,122.9457,118.0941,123.5848,122.8744,117.4068,105.5685,66.71641,127.3659,99.00159,1053.146
2024-01-28 17:00:00,53.96857,8.175838,9.584844,8.489403,9.202464,11.84515,11.48766,5.621769,4.643784,7.133183,4.732722,65.98961
2024-01-28 18:00:00,0.01203977,0,0,0,0,0,0,0,0,0,0,-10.15609
2024-01-28 19:00:00,0,0,0,0,0,0,0,0,0,0,0,-10.00988
2024-01-28 20:00:00,0,0,0,0,0,0,0,0,0,0,0,-10.0129
2024-01-28 21:00:00,0,0,0,0,0,0,0,0,0,0,0,-10.07278
2024-01-28 22:00:00,0,0,0,0,0,0,0,0,0,0,0,-10.11572
2024-01-28 23:00:00,0,0,0,0,0,0,0,0,0,0,0,-10.15121
2024-01-29 00:00:00,0,0,0,0,0,0,0,0,0,0,0,-10.1252
2024-01-29 01:00:00,0,0,0,0,0,0,0,0,0,0,0,-10.05987
2024-01-29 02:00:00,0,0,0,0,0,0,0,0,0,0,0,-10.04183
2024-01-29 03:00:00,0,0,0,0,0,0,0,0,0,0,0,-10.08572
2024-01-29 04:00:00,0,0,0,0,0,0,0,0,0,0,0,-10.03505
2024-01-29 05:00:00,0,0,0,0,0,0,0,0,0,0,0,-10.05975
2024-01-29 06:00:00,0,0,0,0,0,0,0,0,0,0,0,-10.18438
2024-01-29 07:00:00,34.95267,3.202179,4.065444,3.238366,4.679816,4.68153,3.932897,1.554783,0.929677,4.42231,2.790125,22.89766
2024-01-29 08:00:00,299.3847,126.5642,142.6542,136.7797,152.4802,142.3042,144.5772,130.3627,78.99932,145.738,109.12,1270.898
2024-01-29 09:00:00,534.0128,266.1017,308.5395,305.3975,314.8454,300.8468,315.9062,269.7924,189.2738,307.2624,233.2714,2730.181
2024-01-29 10:00:00,721.235,347.0273,406.8449,401.3572,408.7751,393.0908,411.4905,350.7432,246.2432,400.148,303.1122,3541.868
2024-01-29 11:00:00,842.3522,392.8303,462.4145,454.5652,461.3812,445.7339,464.1752,395.8161,278.6544,450.9293,340.5677,3985.571
2024-01-29 12:00:00,887.0472,404.765,476.6256,467.4259,473.8799,460.554,477.743,406.1537,286.007,463.4876,349.932,4092.478
2024-01-29 13:00:00,852.2333,389.4674,458.4228,448.2798,455.1429,444.0518,458.9458,391.0377,275.3185,445.4443,335.5149,3934.044
2024-01-29 14:00:00,735.5963,341.1718,400.0147,391.5078,398.6425,388.9431,401.6921,341.8006,239.856,388.7084,293.5989,3439.626
2024-01-29 15:00:00,543.0927,256.6538,298.475,290.9758,298.9639,292.4042,302.5308,257.1276,179.3922,289.9942,220.9341,2592.646
2024-01-29 16:00:00,319.2506,125.095,145.2954,133.5636,138.6673,145.0344,143.3027,119.812,78.4184,126.4851,101.5398,1214.865
2024-01-29 17:00:00,55.5276,4.926443,6.24393,4.487539,4.256906,9.110682,7.232473,2.398875,1.62292,2.300064,2.126711,34.08527
2024-01-29 18:00:00,0.05944443,0,0,0,0,0,0,0,0,0,0,-10.13284
2024-01-29 19:00:00,0,0,0,0,0,0,0,0,0,0,0,-9.93364
2024-01-29 20:00:00,0,0,0,0,0,0,0,0,0,0,0,-9.990722
2024-01-29 21:00:00,0,0,0,0,0,0,0,0,0,0,0,-10.23752
2024-01-29 22:00:00,0,0,0,0,0,0,0,0,0,0,0,-10.271
2024-01-29 23:00:00,0,0,0,0,0,0,0,0,0,0,0,-10.33173
2024-01-30 00:00:00,0,0,0,0,0,0,0,0,0,0,0,-10.27873
2024-01-30 01:00:00,0,0,0,0,0,0,0,0,0,0,0,-10.26621
2024-01-30 02:00:00,0,0,0,0,0,0,0,0,0,0,0,-10.22818
2024-01-30 03:00:00,0,0,0,0,0,0,0,0,0,0,0,-10.19835
2024-01-30 04:00:00,0,0,0,0,0,0,0,0,0,0,0,-10.2177
2024-01-30 05:00:00,0,0,0,0,0,0,0,0,0,0,0,-10.14655
2024-01-30 06:00:00,0,0,0,0,0,0,0,0,0,0,0,-10.27557
2024-01-30 07:00:00,42.92233,4.136476,5.531571,4.680465,5.558314,6.740105,5.65173,3.054873,1.420856,7.096142,3.30325,36.14991
2024-01-30 08:00:00,313.1579,135.5134,153.8859,148.572,164.0176,153.07,156.3329,141.4364,86.2322,156.6913,116.6296,1381.72
2024-01-30 09:00:00,549.3381,268.7415,312.2659,307.8459,317.4426,303.6866,318.3776,272.4708,190.6924,310.6461,235.7943,2760.031
2024-01-30 10:00:00,735.0844,345.1081,405.0649,396.5439,405.6412,389.7438,407.1203,348.437,242.7425,395.5957,299.6078,3505.655
2024-01-30 11:00:00,858.4174,386.0149,450.577,443.2555,448.9814,434.1573,447.8774,389.5136,271.3093,443.104,334.5177,3909.113
2024-01-30 12:00:00,833.0739,363.8047,441.2796,424.8586,442.2552,432.7856,439.8328,385.5158,264.8691,441.7556,334.2092,3784.962
2024-01-30 13:00:00,849.3644,370.9952,436.5351,428.1134,436.5141,422.7208,439.3911,376.4952,264.2419,427.1172,324.333,3807.848
2024-01-30 14:00:00,746.2956,332.6912,389.3214,382.3967,389.0897,378.5385,391.0482,333.7496,233.931,378.8167,286.3767,3362.287
2024-01-30 15:00:00,547.3278,248.4063,291.761,282.141,294.4294,288.3186,299.1059,254.7746,176.3763,287.3672,218.8375,2554.751
2024-01-30 16:00:00,214.0721,73.55397,102.2382,95.55283,104.4925,108.1509,109.302,92.08307,61.35342,91.62775,71.09393,896.4299
2024-01-30 17:00:00,60.76513,10.32773,12.49846,10.94126,11.54788,14.47907,14.11639,9.641137,6.090709,10.15501,4.859461,91.34701
2024-01-30 18:00:00,0.07064813,0,0,0,0,0,0,0,0,0,0,-10.13609
2024-01-30 19:00:00,0,0,0,0,0,0,0,0,0,0,0,-10.0531
2024-01-30 20:00:00,0,0,0,0,0,0,0,0,0,0,0,-10.07475
2024-01-30 21:00:00,0,0,0,0,0,0,0,0,0,0,0,-10.14972
2024-01-30 22:00:00,0,0,0,0,0,0,0,0,0,0,0,-10.26749
2024-01-30 23:00:00,0,0,0,0,0,0,0,0,0,0,0,-10.33977
2024-01-31 00:00:00,0,0,0,0,0,0,0,0,0,0,0,-10.3154
2024-01-31 01:00:00,0,0,0,0,0,0,0,0,0,0,0,-10.33549
2024-01-31 02:00:00,0,0,0,0,0,0,0,0,0,0,0,-10.46391
2024-01-31 03:00:00,0,0,0,0,0,0,0,0,0,0,0,-10.37446
2024-01-31 04:00:00,0,0,0,0,0,0,0,0,0,0,0,-9.928082
2024-01-31 05:00:00,0,0,0,0,0,0,0,0,0,0,0,-9.494916
2024-01-31 06:00:00,0,0,0,0,0,0,0,0,0,0,0,-9.482368
2024-01-31 07:00:00,1.559755,0.1423663,0.4550955,0.7003195,0.4917903,0.462131,0.7276945,0.1328892,0,0.1651271,0.0733482,-8.600946
2024-01-31 08:00:00,18.68767,7.380495,9.268532,8.599082,9.414448,9.211248,9.718083,6.789183,4.342008,8.647187,5.142936,68.67583
2024-01-31 09:00:00,109.2444,48.83958,57.28529,54.62814,58.62899,57.19338,60.31858,50.68261,35.27184,59.1307,44.5719,511.5521
2024-01-31 10:00:00,87.46066,40.57052,45.99347,44.56792,46.51931,45.39992,47.14567,39.52612,26.69003,47.88052,34.87389,405.7828
2024-01-31 11:00:00,79.51221,38.28251,43.78469,42.43098,44.83608,43.76189,45.81792,37.64629,26.0584,43.92347,32.92987,381.969
2024-01-31 12:00:00,54.39098,26.82922,30.65823,29.9883,32.01562,30.87504,32.37823,25.38943,18.38816,31.00776,21.47282,256.2674
2024-01-31 13:00:00,108.553,49.82812,56.84144,55.32053,58.17665,56.4889,58.21906,49.49363,33.61698,58.36317,43.75446,500.523
2024-01-31 14:00:00,137.8122,59.8754,67.79753,68.58999,72.78158,68.21303,71.78272,62.72834,43.3075,65.71406,50.49747,610.2885
2024-01-31 15:00:00,118.5457,52.59217,59.3287,58.59792,61.37853,59.13678,61.65133,52.50317,35.74841,62.35995,46.58494,539.1413
2024-01-31 16:00:00,85.11615,33.36242,37.58012,37.08432,39.36515,37.78391,39.75401,31.53737,22.77188,37.53662,27.90965,330.1858
2024-01-31 17:00:00,12.90609,2.992855,3.57236,3.686415,3.678795,3.427474,3.63616,1.422919,2.202102,3.524401,2.370626,22.04994
2024-01-31 18:00:00,0.04074073,0,0,0,0,0,0,0,0,0,0,-10.11579
2024-01-31 19:00:00,0,0,0,0,0,0,0,0,0,0,0,-9.923078
2024-01-31 20:00:00,0,0,0,0,0,0,0,0,0,0,0,-9.970716
2024-01-31 21:00:00,0,0,0,0,0,0,0,0,0,0,0,-10.10126
2024-01-31 22:00:00,0,0,0,0,0,0,0,0,0,0,0,-10.1474
2024-01-31 23:00:00,0,0,0,0,0,0,0,0,0,0,0,-10.16261
